﻿-- Script was generated by Devart dbForge Studio for MySQL, Version 5.0.28.0
-- Product home page: http://www.devart.com/dbforge/mysql/studio
-- Script date 05/20/2011 12:10:50 AM
-- Server version: 5.1.49-community
-- Client version: 4.1

-- 
-- Disable foreign keys
-- 
/*!40014 SET @OLD_FOREIGN_KEY_CHECKS=@@FOREIGN_KEY_CHECKS, FOREIGN_KEY_CHECKS=0 */;

-- 
-- Set character set the client will use to send SQL statements to the server
--
SET NAMES 'utf8';

-- 
-- Set default database
--
USE atg;

-- 
-- Dumping data for table aspnet_membership
--
/*!40000 ALTER TABLE aspnet_membership
                 DISABLE KEYS */;
INSERT INTO aspnet_membership VALUES 
  ('48043f44-e003-4726-aeca-93e0c217bb05', 'V1ZznXff0xRUG8UDVnML+nWms0o=', 'dJzw5I6WYGIv3eNrN1r75Q==', 1, 'user2@atg.com', 'no question', 'pDf1tMhFWLiwSCvJM6JdOX74BVQ=', NULL, 0, 0, '2011-05-19 23:02:12', '2011-05-19 23:02:12', '2011-05-19 23:02:12', '2011-05-19 23:02:12', NULL, NULL, NULL, NULL),
  ('56eda2b0-e06e-4a5d-9851-fa4bdf76aa7d', 'a/54mCE+CCuYqbjgngujZ4T5aW8=', 'f5SVRyHnZfT8BkYHjbhdqQ==', 1, 'user1@atg.com', 'no question', '+2IC0sQS/a33YRJHPqlNQ5Jhe2I=', NULL, 1, 0, '2011-05-01 16:32:02', '2011-05-04 20:47:26', '2011-05-01 16:32:02', '2011-05-01 16:32:02', 0, NULL, 0, NULL),
  ('97fe3a27-0bbc-4490-a781-9e0719384bda', 'KCiL0FsoXtzPPcSeiSpvVpwwqNA=', 'b/5PSBqGeh3qTLHyYZi02g==', 1, 'admin@cox.net', 'no question', 'rl/kHB20Qlxb+MvivLKreMpeDMk=', NULL, 1, 0, '2011-02-24 10:39:50', '2011-05-20 00:02:16', '2011-02-24 10:39:50', '2011-02-24 10:39:50', 0, '2011-04-17 21:29:53', 0, NULL);
/*!40000 ALTER TABLE aspnet_membership
                 ENABLE KEYS */;

-- 
-- Dumping data for table aspnet_personalization
--
-- Table does not contain any data (it is empty)

-- 
-- Dumping data for table aspnet_profiles
--
/*!40000 ALTER TABLE aspnet_profiles
                 DISABLE KEYS */;
INSERT INTO aspnet_profiles VALUES 
  ('97fe3a27-0bbc-4490-a781-9e0719384bda', x'43006F006D00700061006E0079006400690076006900730069006F006E00690064003A0053003A0030003A0031003A0043007500730074006F006D0065007200690064003A0053003A0031003A0031003A00440065006600610075006C007400530075006D006D00610072007900520061006E00670065003A0053003A0032003A0032003A0043007500730074006F006D00650072006400650073006300720069007000740069006F006E003A0053003A0034003A00310035003A0043006F006D00700061006E0079006400690076006900730069006F006E006C006F0063006100740069006F006E003A0053003A00310039003A0037003A0053006900740065005400680065006D0065003A0053003A00320036003A0035003A0043006F006D00700061006E0079006400690076006900730069006F006E006400650073006300720069007000740069006F006E003A0053003A00330031003A00310037003A00', x'35003200390030004600650064006500720061006C00200045007800700072006500730073004D0065006D00700068006900730046006500640045007800540065006E006500730073006500650020004400690076006900730069006F006E00', x'', '2011-05-20 00:04:41'),
  ('56eda2b0-e06e-4a5d-9851-fa4bdf76aa7d', x'43006F006D00700061006E0079006400690076006900730069006F006E00690064003A0053003A0030003A0031003A0043007500730074006F006D0065007200690064003A0053003A0031003A0031003A00440065006600610075006C007400530075006D006D00610072007900520061006E00670065003A0053003A0032003A0033003A0043007500730074006F006D00650072006400650073006300720069007000740069006F006E003A0053003A0035003A00310035003A0043006F006D00700061006E0079006400690076006900730069006F006E006C006F0063006100740069006F006E003A0053003A00320030003A00310030003A0053006900740065005400680065006D0065003A0053003A00330030003A0035003A0043006F006D00700061006E0079006400690076006900730069006F006E006400650073006300720069007000740069006F006E003A0053003A00330035003A00310037003A00', x'350032003100320030004600650064006500720061006C00200045007800700072006500730073004C006F00750069007300760069006C006C00650046006500640045007800540065006E006500730073006500650020004400690076006900730069006F006E00', x'', '2011-05-04 20:49:19'),
  ('48043f44-e003-4726-aeca-93e0c217bb05', x'43006F006D00700061006E0079006400690076006900730069006F006E00690064003A0053003A0030003A0031003A0043007500730074006F006D0065007200690064003A0053003A0031003A0031003A0043007500730074006F006D00650072006400650073006300720069007000740069006F006E003A0053003A0032003A00310035003A0043006F006D00700061006E0079006400690076006900730069006F006E006C006F0063006100740069006F006E003A0053003A00310037003A0037003A0053006900740065005400680065006D0065003A0053003A00320034003A0035003A0043006F006D00700061006E0079006400690076006900730069006F006E006400650073006300720069007000740069006F006E003A0053003A00320039003A00310037003A00', x'350032004600650064006500720061006C00200045007800700072006500730073004D0065006D00700068006900730046006500640045007800540065006E006500730073006500650020004400690076006900730069006F006E00', x'', '2011-05-19 23:02:12');
/*!40000 ALTER TABLE aspnet_profiles
                 ENABLE KEYS */;

-- 
-- Dumping data for table aspnet_roles
--
/*!40000 ALTER TABLE aspnet_roles
                 DISABLE KEYS */;
INSERT INTO aspnet_roles VALUES 
  ('/AirToGroundWebSite', 'aeab8b31-a729-4bab-a0c5-6e53edd30c97', 'Administrator'),
  ('/AirToGroundWebSite', 'a338b5c0-9e71-4ad6-a26a-938b5ab5a77a', 'Code Table Editor'),
  ('/AirToGroundWebSite', 'e38ae175-95a1-43cd-8a64-dd6bc786b7d4', 'Corporate User'),
  ('/AirToGroundWebSite', 'd15734bc-1c68-4de9-a103-a1902ca45484', 'User Security');
/*!40000 ALTER TABLE aspnet_roles
                 ENABLE KEYS */;

-- 
-- Dumping data for table aspnet_sessions
--
-- Table does not contain any data (it is empty)

-- 
-- Dumping data for table aspnet_sitemap
--
-- Table does not contain any data (it is empty)

-- 
-- Dumping data for table aspnet_users
--
/*!40000 ALTER TABLE aspnet_users
                 DISABLE KEYS */;
INSERT INTO aspnet_users VALUES 
  ('48043f44-e003-4726-aeca-93e0c217bb05', '/AirToGroundWebSite', 'User 2', '2011-05-19 23:02:12', 0),
  ('56eda2b0-e06e-4a5d-9851-fa4bdf76aa7d', '/AirToGroundWebSite', 'User 1', '2011-05-04 20:49:05', 0),
  ('97fe3a27-0bbc-4490-a781-9e0719384bda', '/AirToGroundWebSite', 'Administrator', '2011-05-20 00:02:16', 0);
/*!40000 ALTER TABLE aspnet_users
                 ENABLE KEYS */;

-- 
-- Dumping data for table aspnet_usersinroles
--
/*!40000 ALTER TABLE aspnet_usersinroles
                 DISABLE KEYS */;
INSERT INTO aspnet_usersinroles VALUES 
  ('97fe3a27-0bbc-4490-a781-9e0719384bda', 'a338b5c0-9e71-4ad6-a26a-938b5ab5a77a'),
  ('97fe3a27-0bbc-4490-a781-9e0719384bda', 'aeab8b31-a729-4bab-a0c5-6e53edd30c97'),
  ('48043f44-e003-4726-aeca-93e0c217bb05', 'd15734bc-1c68-4de9-a103-a1902ca45484'),
  ('97fe3a27-0bbc-4490-a781-9e0719384bda', 'd15734bc-1c68-4de9-a103-a1902ca45484'),
  ('97fe3a27-0bbc-4490-a781-9e0719384bda', 'e38ae175-95a1-43cd-8a64-dd6bc786b7d4');
/*!40000 ALTER TABLE aspnet_usersinroles
                 ENABLE KEYS */;

-- 
-- Dumping data for table aspnet_webevent_events
--
-- Table does not contain any data (it is empty)

-- 
-- Dumping data for table companycustomerjoin
--
/*!40000 ALTER TABLE companycustomerjoin
                 DISABLE KEYS */;
INSERT INTO companycustomerjoin VALUES 
  (5, 2);
/*!40000 ALTER TABLE companycustomerjoin
                 ENABLE KEYS */;

-- 
-- Dumping data for table companycustomeruserjoin
--
/*!40000 ALTER TABLE companycustomeruserjoin
                 DISABLE KEYS */;
INSERT INTO companycustomeruserjoin VALUES 
  (5, 2, 'Administrator'),
  (5, 2, 'User 1'),
  (5, 2, 'User 2');
/*!40000 ALTER TABLE companycustomeruserjoin
                 ENABLE KEYS */;

-- 
-- Dumping data for table companydivision
--
/*!40000 ALTER TABLE companydivision
                 DISABLE KEYS */;
INSERT INTO companydivision VALUES 
  (5, 'Tenessee Division', 'Memphis', 4);
/*!40000 ALTER TABLE companydivision
                 ENABLE KEYS */;

-- 
-- Dumping data for table customer
--
/*!40000 ALTER TABLE customer
                 DISABLE KEYS */;
INSERT INTO customer VALUES 
  (2, 'Federal Express', 'FedEx');
/*!40000 ALTER TABLE customer
                 ENABLE KEYS */;

-- 
-- Dumping data for table divisionarea
--
/*!40000 ALTER TABLE divisionarea
                 DISABLE KEYS */;
INSERT INTO divisionarea VALUES 
  (3, 'Hanger'),
  (4, 'Line');
/*!40000 ALTER TABLE divisionarea
                 ENABLE KEYS */;

-- 
-- Dumping data for table equipment
--
/*!40000 ALTER TABLE equipment
                 DISABLE KEYS */;
INSERT INTO equipment VALUES 
  (5, 2, 20, '102', 'Boeing 747', 'Test', 24),
  (9, 2, 20, '101', 'Boeing 747', 'Test 6', 3),
  (10, 2, 20, '103', 'Boeing 747', NULL, NULL),
  (11, 2, 20, '104', 'Boeing 747', NULL, 23),
  (12, 2, 15, '105', 'Boeing 747', NULL, NULL),
  (13, 2, 18, '106', 'Boeing 747', NULL, NULL),
  (14, 2, 18, '107', 'Boeing 747', NULL, 21),
  (15, 2, 20, '108', 'Boeing 747', NULL, NULL),
  (16, 2, 20, '109', 'Boeing 747', NULL, NULL),
  (17, 2, 20, '110', 'Boeing 747', NULL, NULL),
  (18, 2, 20, '111', 'Boeing 747', NULL, 19),
  (19, 2, 20, '112', 'Boeing 747', NULL, NULL),
  (20, 2, 20, '113', 'Boeing 747', NULL, NULL),
  (21, 2, 20, '114', 'Boeing 747', NULL, 22),
  (22, 2, 18, '115', 'Boeing 747', NULL, NULL),
  (23, 2, 20, '116', 'Boeing 747', NULL, NULL),
  (24, 2, 18, '117', 'Boeing 747', NULL, NULL),
  (25, 2, 15, '118', 'Boeing 747', NULL, NULL),
  (26, 2, 20, '119', 'Boeing 747', NULL, NULL),
  (27, 2, 20, '120', 'Boeing 747', NULL, NULL);
/*!40000 ALTER TABLE equipment
                 ENABLE KEYS */;

-- 
-- Dumping data for table equipmentstatuslog
--
/*!40000 ALTER TABLE equipmentstatuslog
                 DISABLE KEYS */;
INSERT INTO equipmentstatuslog VALUES 
  (1, 9, 'Indefinite Suspension', 'Location', '2011-05-15 00:00:00', '', 'test', NULL, NULL, NULL),
  (2, 9, 'Indefinite Suspension', 'Location', '2011-05-15 00:00:00', '', 'test', NULL, NULL, NULL),
  (3, 9, 'Terminated', 'Other', '2011-05-19 00:00:00', '', 'testwwww', '2011-05-16 00:00:00', '', ''),
  (4, 5, 'Indefinite Suspension', 'Location', '2011-05-16 00:00:00', '', 'eee', NULL, '', ''),
  (5, 11, 'Indefinite Suspension', 'Location', '2011-05-16 00:00:00', '', '', '2011-05-16 00:00:00', '', ''),
  (6, 5, 'Indefinite Suspension', 'Painted', '2011-05-16 00:00:00', '', '', NULL, '', ''),
  (7, 5, 'Indefinite Suspension', 'Painted', '2011-05-16 00:00:00', '', '', NULL, NULL, NULL),
  (8, 5, 'Indefinite Suspension', 'Painted', '2011-05-16 00:00:00', '', '', NULL, NULL, NULL),
  (9, 5, 'Indefinite Suspension', 'Painted', '2011-05-16 00:00:00', '', '', '2011-05-16 00:00:00', '', ''),
  (10, 5, 'Temporary Suspension', 'Painted', '2011-05-16 00:00:00', '', '', '2011-05-16 00:00:00', '', ''),
  (11, 5, 'Terminated', 'Scheduled Maintenance', '2011-05-16 00:00:00', '', 'jjjjjjjjjj', '2011-05-16 00:00:00', '', ''),
  (12, 11, 'Indefinite Suspension', 'Location', '2011-05-16 00:00:00', '', '', '2011-05-19 00:00:00', '', ''),
  (13, 5, 'Terminated', 'Scheduled Maintenance', '2011-05-16 00:00:00', '', '', '2011-05-16 00:00:00', '', ''),
  (14, 5, 'Terminated', 'Scheduled Maintenance', '2011-05-16 00:00:00', '', '', '2011-05-16 00:00:00', '', ''),
  (15, 5, 'Terminated', 'Scheduled Maintenance', '2011-05-16 00:00:00', '', 'putting on hold. again.', '2011-05-20 00:00:00', '', ''),
  (16, 18, 'Temporary Suspension', 'Location', '2011-05-16 00:00:00', '', 'flat tire.', '2011-05-16 00:00:00', '', 'clean up the crew quarters.'),
  (17, 18, 'Temporary Suspension', 'Location', '2011-05-16 00:00:00', '', 'holding', '2011-05-16 00:00:00', '', 'lav.'),
  (18, 18, 'Temporary Suspension', 'Location', '2011-05-17 00:00:00', '', '', '2011-05-17 00:00:00', '', 'ugh'),
  (19, 18, 'Temporary Suspension', 'Location', '2011-05-17 00:00:00', '', '', '2011-05-17 00:00:00', '', ''),
  (20, 14, 'Indefinite Suspension', 'Location', '2011-05-17 00:00:00', '', 'hold', '2011-05-17 00:00:00', '', 'release'),
  (21, 14, 'Indefinite Suspension', 'Location', '2011-05-17 00:00:00', '', 'ugh.', NULL, NULL, NULL),
  (22, 21, 'Indefinite Suspension', 'Other', '2011-05-17 00:00:00', '', 'holding.', '2011-05-17 00:00:00', '', 'lav service. cobwebs.'),
  (23, 11, 'Indefinite Suspension', 'Location', '2011-05-19 00:00:00', '', '', NULL, NULL, NULL),
  (24, 5, 'Terminated', 'Scheduled Maintenance', '2011-05-20 00:00:00', '', 'aaa', NULL, NULL, NULL);
/*!40000 ALTER TABLE equipmentstatuslog
                 ENABLE KEYS */;

-- 
-- Dumping data for table equipmenttype
--
/*!40000 ALTER TABLE equipmenttype
                 DISABLE KEYS */;
INSERT INTO equipmenttype VALUES 
  (15, 2, 'DC 1011'),
  (18, 2, 'Airbus 319'),
  (20, 2, 'Boeing 747');
/*!40000 ALTER TABLE equipmenttype
                 ENABLE KEYS */;

-- 
-- Dumping data for table section
--
/*!40000 ALTER TABLE section
                 DISABLE KEYS */;
INSERT INTO section VALUES 
  (5, 2, 'FedEx Top of Fuselage, cockpit to tail'),
  (9, 2, 'FedEx Bottom of Fuselage, cockpit to tail, wings, doors.'),
  (11, 2, 'FedEx Tail, Stabilizers, Engine 2');
/*!40000 ALTER TABLE section
                 ENABLE KEYS */;

-- 
-- Dumping data for table service
--
/*!40000 ALTER TABLE service
                 DISABLE KEYS */;
INSERT INTO service VALUES 
  (6, 1, 0, 2, 'FedEx Exterior Dry Wash 45-Day Service', False, 45, 45, 'H', 100.00, 4.00, 0.00),
  (7, 1, 0, 2, 'FedEx Exterior Dry Wash 120-Day Service', False, 120, 120, 'H', 100.00, 4.00, 0.00),
  (8, 1, 0, 2, 'FedEx Exterior Dry Wash 60-Day Service', False, 60, 60, 'H', 100.00, 4.00, 0.00),
  (25, 3, 0, 2, 'FedEx Interior Lavatory Service', False, 3, 3, 'F', 500.00, 0.00, 2.00),
  (26, 2, 0, 2, 'FedEx Interior Cargo and Ball Mats', False, 30, 30, 'F', 1000.00, 0.00, 20.00),
  (27, 2, 0, 2, 'FedEx Interior Ball Mats', False, 15, 15, 'F', 400.00, 0.00, 12.00),
  (28, 2, 0, 2, 'FedEx Interior Cockpit', False, 15, 15, 'F', 250.00, 0.00, 4.00);
/*!40000 ALTER TABLE service
                 ENABLE KEYS */;

-- 
-- Dumping data for table servicecategory
--
/*!40000 ALTER TABLE servicecategory
                 DISABLE KEYS */;
INSERT INTO servicecategory VALUES 
  (1, 'Exterior Dry Wash / Polish'),
  (2, 'Interior Cleaning'),
  (5, 'International Trash Removal'),
  (3, 'Lavatory Services'),
  (6, 'Potable Water');
/*!40000 ALTER TABLE servicecategory
                 ENABLE KEYS */;

-- 
-- Dumping data for table serviceexception
--
-- Table does not contain any data (it is empty)

-- 
-- Dumping data for table serviceschedule
--
/*!40000 ALTER TABLE serviceschedule
                 DISABLE KEYS */;
INSERT INTO serviceschedule VALUES 
  (217, 5, 9, 6, 101, '2011-05-01 00:00:00', '0000-00-00 00:00:00', '2011-05-01 00:00:00', '2011-05-01 13:00:00', NULL, False, False, ''),
  (218, 5, 9, 7, 102, '2011-05-01 00:00:00', '0000-00-00 00:00:00', '2011-05-01 00:00:00', '2011-05-01 10:00:00', NULL, False, False, ''),
  (219, 5, 9, 8, 103, '2011-05-01 00:00:00', '0000-00-00 00:00:00', '2011-05-01 00:00:00', '2011-05-01 10:00:00', NULL, False, False, ''),
  (220, 5, 9, 25, NULL, '2011-05-01 00:00:00', '0000-00-00 00:00:00', NULL, NULL, '2011-05-15 00:00:00', False, False, 'test'),
  (221, 5, 9, 26, NULL, '2011-05-01 00:00:00', '0000-00-00 00:00:00', NULL, NULL, '2011-05-15 00:00:00', False, False, 'test'),
  (222, 5, 9, 27, NULL, '2011-05-01 00:00:00', '0000-00-00 00:00:00', NULL, NULL, '2011-05-15 00:00:00', False, False, 'test'),
  (223, 5, 9, 28, NULL, '2011-05-01 00:00:00', '0000-00-00 00:00:00', NULL, NULL, '2011-05-15 00:00:00', False, False, 'test'),
  (224, 5, 5, 6, NULL, '2011-05-01 00:00:00', '0000-00-00 00:00:00', NULL, NULL, '2011-05-16 00:00:00', False, False, ''),
  (225, 5, 5, 7, NULL, '2011-05-01 00:00:00', '0000-00-00 00:00:00', NULL, NULL, '2011-05-16 00:00:00', False, False, ''),
  (226, 5, 5, 8, NULL, '2011-05-01 00:00:00', '0000-00-00 00:00:00', NULL, NULL, '2011-05-16 00:00:00', False, False, ''),
  (227, 5, 5, 25, NULL, '2011-05-01 00:00:00', '0000-00-00 00:00:00', NULL, NULL, '2011-05-16 00:00:00', False, False, ''),
  (228, 5, 5, 26, NULL, '2011-05-01 00:00:00', '0000-00-00 00:00:00', NULL, NULL, '2011-05-16 00:00:00', False, False, ''),
  (229, 5, 5, 27, NULL, '2011-05-01 00:00:00', '0000-00-00 00:00:00', NULL, NULL, '2011-05-16 00:00:00', False, False, ''),
  (230, 5, 5, 28, NULL, '2011-05-01 00:00:00', '0000-00-00 00:00:00', NULL, NULL, '2011-05-16 00:00:00', False, False, ''),
  (231, 5, 10, 6, NULL, '2011-05-01 00:00:00', '0000-00-00 00:00:00', NULL, NULL, NULL, False, False, ''),
  (232, 5, 10, 7, NULL, '2011-05-01 00:00:00', '0000-00-00 00:00:00', NULL, NULL, NULL, False, False, ''),
  (233, 5, 10, 8, NULL, '2011-05-01 00:00:00', '0000-00-00 00:00:00', NULL, NULL, NULL, False, False, ''),
  (234, 5, 10, 25, NULL, '2011-05-01 00:00:00', '0000-00-00 00:00:00', NULL, NULL, NULL, False, False, ''),
  (235, 5, 10, 26, NULL, '2011-05-01 00:00:00', '0000-00-00 00:00:00', NULL, NULL, NULL, False, False, ''),
  (236, 5, 10, 27, NULL, '2011-05-01 00:00:00', '0000-00-00 00:00:00', NULL, NULL, NULL, False, False, ''),
  (237, 5, 10, 28, NULL, '2011-05-01 00:00:00', '0000-00-00 00:00:00', NULL, NULL, NULL, False, False, ''),
  (238, 5, 5, 6, NULL, '2011-05-02 00:00:00', '2011-05-02 00:00:00', NULL, NULL, '2011-05-16 00:00:00', False, False, 'hold'),
  (239, 5, 5, 8, NULL, '2011-05-03 00:00:00', '2011-05-03 00:00:00', NULL, NULL, '2011-05-16 00:00:00', False, False, 'hold'),
  (240, 5, 18, 26, NULL, '2011-05-11 00:00:00', '2011-05-11 00:00:00', NULL, NULL, NULL, False, False, ''),
  (241, 5, 14, 27, NULL, '2011-05-04 00:00:00', '2011-05-04 00:00:00', NULL, NULL, '2011-05-17 00:00:00', False, False, 'release\nugh.'),
  (242, 5, 21, 27, NULL, '2011-05-02 00:00:00', '2011-05-02 00:00:00', NULL, NULL, NULL, False, False, 'lav service. cobwebs.'),
  (243, 5, 21, 26, NULL, '2011-05-05 00:00:00', '2011-05-05 00:00:00', NULL, NULL, NULL, False, False, 'lav service. cobwebs.'),
  (244, 5, 21, 28, NULL, '2011-05-25 00:00:00', '2011-05-25 00:00:00', NULL, NULL, NULL, False, False, 'lav service. cobwebs.'),
  (245, 5, 21, 25, NULL, '2011-05-17 00:00:00', '2011-05-17 00:00:00', NULL, NULL, NULL, False, False, 'lav service. cobwebs.');
/*!40000 ALTER TABLE serviceschedule
                 ENABLE KEYS */;

-- 
-- Dumping data for table servicesectionjoin
--
/*!40000 ALTER TABLE servicesectionjoin
                 DISABLE KEYS */;
INSERT INTO servicesectionjoin VALUES 
  (5, 6),
  (9, 7),
  (11, 8);
/*!40000 ALTER TABLE servicesectionjoin
                 ENABLE KEYS */;

-- 
-- Dumping data for table servicesectionrule
--
-- Table does not contain any data (it is empty)

-- 
-- Dumping data for table worklog
--
/*!40000 ALTER TABLE worklog
                 DISABLE KEYS */;
INSERT INTO worklog VALUES 
  (101, 'Administrator', 'H', 100.00, 9.00, 0.00, '2011-05-01 00:00:00', '2011-05-01 04:00:00', '2011-05-01 13:00:00', ''),
  (102, 'Administrator', 'H', 100.00, 6.00, 0.00, '2011-05-01 00:00:00', '2011-05-01 04:00:00', '2011-05-01 10:00:00', ''),
  (103, 'Administrator', 'H', 100.00, 6.00, 0.00, '2011-05-01 00:00:00', '2011-05-01 04:00:00', '2011-05-01 10:00:00', '');
/*!40000 ALTER TABLE worklog
                 ENABLE KEYS */;

-- 
-- Enable foreign keys
-- 
/*!40014 SET FOREIGN_KEY_CHECKS = @OLD_FOREIGN_KEY_CHECKS */;