﻿-- Script was generated by Devart dbForge Studio for MySQL, Version 5.0.28.0
-- Product home page: http://www.devart.com/dbforge/mysql/studio
-- Script date 11/5/2011 3:30:13 PM
-- Server version: 5.5.8
-- Client version: 4.1

-- 
-- Disable foreign keys
-- 
/*!40014 SET @OLD_FOREIGN_KEY_CHECKS=@@FOREIGN_KEY_CHECKS, FOREIGN_KEY_CHECKS=0 */;

-- 
-- Set character set the client will use to send SQL statements to the server
--
SET NAMES 'utf8';

-- 
-- Set default database
--
USE atg;

-- 
-- Dumping data for table aspnet_membership
--
/*!40000 ALTER TABLE aspnet_membership
                 DISABLE KEYS */;
INSERT INTO aspnet_membership VALUES 
  ('19d41cdd-a8d2-4ace-b420-e0c8200cbd1a', 'wlwkhp85ZAVEFW1B9hpG4kjtnF4=', 'qvD36Kc2WherEoG+ZfaBUg==', 1, 'jason.perry@cox.net', 'What is your best friend''s first name?', 'JnyfTg1zTblkc07o82EVnLeirS0=', NULL, 1, 0, '2011-05-22 23:05:12', '2011-05-25 23:59:28', '2011-05-26 00:00:15', '2011-05-22 23:05:12', 0, NULL, 0, NULL),
  ('52e5dfb4-34a3-4214-97fd-b5dd0b5c99f7', 'kJpbs9DRBk9nIBVM/PuBEHIq0s8=', '4D96OgMc4CUk9JibySBUrg==', 1, 'jason.perry@cox.net', 'What is your best friend''s first name?', 'akHhN3lNAGVpxRThNfp1+I3g1EU=', NULL, 1, 0, '2011-07-31 17:24:36', '2011-08-09 02:23:55', '2011-07-31 17:25:13', '2011-07-31 17:24:36', 0, NULL, 0, NULL),
  ('56eda2b0-e06e-4a5d-9851-fa4bdf76aa7d', 'a/54mCE+CCuYqbjgngujZ4T5aW8=', 'f5SVRyHnZfT8BkYHjbhdqQ==', 1, 'jason.perry@cox.neta', 'What is your first pet''s name?', 'JD+8tSMhWQTZJohcPyj5bQSFXQQ=', NULL, 1, 0, '2011-05-01 16:32:02', '2011-06-01 18:38:38', '2011-06-01 18:39:02', '2011-05-01 16:32:02', 0, NULL, 0, '2011-06-01 18:40:16'),
  ('7730b18e-589c-4b8e-8825-8bc24ba3b00d', 'C1aIy59+ytkJoNVajJA2hbKl6BU=', '3Ob2fv9of8JvnnYNjfllzg==', 1, 'jason.perry@cox.net', 'What was your favorite childhood toy?', 'a9krG4yIQ3noMfoIHdBzxh6hkro=', NULL, 1, 0, '2011-05-22 23:58:45', '2011-05-26 23:20:51', '2011-05-26 23:21:12', '2011-05-22 23:58:45', 0, NULL, 0, NULL),
  ('d8324c9e-840f-47d6-9609-1c7d964f3c30', '1yEvGFa9Mr7K25VUjSK/qlmJyec=', 's/RbHECXDgbeCoUtEJyRwg==', 1, 'jason.perry@cox.net', 'no question', 'dDLHCzWV0QhRwV+I2muTuDtM210=', NULL, 1, 0, '2011-05-27 00:19:45', '2011-05-27 00:19:45', '2011-08-21 15:05:57', '2011-05-27 00:19:45', NULL, NULL, NULL, NULL),
  ('dd1666ce-78cc-423f-b810-a026880a1448', 'JVWM6rx7U99ZOgr0rsfuaZIBFgA=', '3aAd0EW06eBRt3X2TsTSIw==', 1, 'jason.perry@cox.net', 'What is your best friend''s first name?', 'pMLe4XmE0MPFPLk1QtKghACI660=', NULL, 1, 0, '2011-05-23 00:01:32', '2011-11-03 12:04:12', '2011-08-21 15:04:23', '2011-05-23 00:01:32', 0, '2011-05-25 23:31:36', NULL, NULL);
/*!40000 ALTER TABLE aspnet_membership
                 ENABLE KEYS */;

-- 
-- Dumping data for table aspnet_personalization
--
-- Table does not contain any data (it is empty)

-- 
-- Dumping data for table aspnet_profiles
--
/*!40000 ALTER TABLE aspnet_profiles
                 DISABLE KEYS */;
INSERT INTO aspnet_profiles VALUES 
  ('56eda2b0-e06e-4a5d-9851-fa4bdf76aa7d', x'43006F006D00700061006E0079006400690076006900730069006F006E00690064003A0053003A0030003A0031003A0043007500730074006F006D0065007200690064003A0053003A0031003A0031003A00440065006600610075006C007400530075006D006D00610072007900520061006E00670065003A0053003A0032003A0033003A0043007500730074006F006D00650072006400650073006300720069007000740069006F006E003A0053003A0035003A00320037003A0043006F006D00700061006E0079006400690076006900730069006F006E006C006F0063006100740069006F006E003A0053003A00330032003A00310030003A0053006900740065005400680065006D0065003A0053003A00340032003A0033003A0043006F006D00700061006E0079006400690076006900730069006F006E006400650073006300720069007000740069006F006E003A0053003A00340035003A00310037003A00', x'3500320031003200300055006E0069007400650064002000500061007200630065006C00200053006500720076006900630065002000280055005000530029004C006F00750069007300760069006C006C006500550050005300540065006E006500730073006500650020004400690076006900730069006F006E00', x'', '2011-08-13 14:07:34'),
  ('19d41cdd-a8d2-4ace-b420-e0c8200cbd1a', x'43006F006D00700061006E0079006400690076006900730069006F006E00690064003A0053003A0030003A0031003A0043007500730074006F006D0065007200690064003A0053003A0031003A0031003A00440065006600610075006C007400530075006D006D00610072007900520061006E00670065003A0053003A0032003A0033003A0043007500730074006F006D00650072006400650073006300720069007000740069006F006E003A0053003A0035003A00320037003A0053006900740065005400680065006D0065003A0053003A00330032003A0033003A0043006F006D00700061006E0079006400690076006900730069006F006E006400650073006300720069007000740069006F006E003A0053003A00330035003A00310037003A00', x'3500320031003200300055006E0069007400650064002000500061007200630065006C0020005300650072007600690063006500200028005500500053002900550050005300540065006E006500730073006500650020004400690076006900730069006F006E00', x'', '2011-08-13 14:07:13'),
  ('7730b18e-589c-4b8e-8825-8bc24ba3b00d', x'43006F006D00700061006E0079006400690076006900730069006F006E00690064003A0053003A0030003A0031003A0043007500730074006F006D0065007200690064003A0053003A0031003A0031003A00440065006600610075006C007400530075006D006D00610072007900520061006E00670065003A0053003A0032003A0033003A0043007500730074006F006D00650072006400650073006300720069007000740069006F006E003A0053003A0035003A00320037003A0043006F006D00700061006E0079006400690076006900730069006F006E006C006F0063006100740069006F006E003A0053003A00330032003A0038003A0053006900740065005400680065006D0065003A0053003A00340030003A0033003A0043006F006D00700061006E0079006400690076006900730069006F006E006400650073006300720069007000740069006F006E003A0053003A00340033003A00310037003A00', x'3500320031003200300055006E0069007400650064002000500061007200630065006C002000530065007200760069006300650020002800550050005300290054006500730074002000320020006100550050005300540065006E006500730073006500650020004400690076006900730069006F006E00', x'', '2011-08-13 14:07:24'),
  ('dd1666ce-78cc-423f-b810-a026880a1448', x'43006F006D00700061006E0079006400690076006900730069006F006E00690064003A0053003A0030003A0031003A0043007500730074006F006D0065007200690064003A0053003A0031003A0031003A00440065006600610075006C007400530075006D006D00610072007900520061006E00670065003A0053003A0032003A0033003A0043007500730074006F006D00650072006400650073006300720069007000740069006F006E003A0053003A0035003A00320037003A0043006F006D00700061006E0079006400690076006900730069006F006E006C006F0063006100740069006F006E003A0053003A00330032003A00310030003A0053006900740065005400680065006D0065003A0053003A00340032003A0034003A0043006F006D00700061006E0079006400690076006900730069006F006E006400650073006300720069007000740069006F006E003A0053003A00340036003A00310039003A00', x'3500320031003200300055006E0069007400650064002000500061007200630065006C00200053006500720076006900630065002000280055005000530029004C006F00750069007300760069006C006C00650043006F00720070004C006F00750069007300760069006C006C00650020004400690076006900730069006F006E00', x'', '2011-11-03 12:11:28'),
  ('d8324c9e-840f-47d6-9609-1c7d964f3c30', x'43006F006D00700061006E0079006400690076006900730069006F006E00690064003A0053003A0030003A0031003A0043007500730074006F006D0065007200690064003A0053003A0031003A0031003A0043007500730074006F006D00650072006400650073006300720069007000740069006F006E003A0053003A0032003A00320037003A0053006900740065005400680065006D0065003A0053003A00320039003A0033003A0043006F006D00700061006E0079006400690076006900730069006F006E006400650073006300720069007000740069006F006E003A0053003A00330032003A00310037003A00', x'3500320055006E0069007400650064002000500061007200630065006C0020005300650072007600690063006500200028005500500053002900550050005300540065006E006500730073006500650020004400690076006900730069006F006E00', x'', '2011-08-13 14:07:41'),
  ('52e5dfb4-34a3-4214-97fd-b5dd0b5c99f7', x'43006F006D00700061006E0079006400690076006900730069006F006E00690064003A0053003A0030003A0031003A0043007500730074006F006D0065007200690064003A0053003A0031003A0031003A00440065006600610075006C007400530075006D006D00610072007900520061006E00670065003A0053003A0032003A0033003A0043007500730074006F006D00650072006400650073006300720069007000740069006F006E003A0053003A0035003A00320037003A0053006900740065005400680065006D0065003A0053003A00330032003A0033003A0043006F006D00700061006E0079006400690076006900730069006F006E006400650073006300720069007000740069006F006E003A0053003A00330035003A00310037003A00', x'3500320031003200300055006E0069007400650064002000500061007200630065006C0020005300650072007600690063006500200028005500500053002900550050005300540065006E006500730073006500650020004400690076006900730069006F006E00', x'', '2011-08-13 14:07:07');
/*!40000 ALTER TABLE aspnet_profiles
                 ENABLE KEYS */;

-- 
-- Dumping data for table aspnet_roles
--
/*!40000 ALTER TABLE aspnet_roles
                 DISABLE KEYS */;
INSERT INTO aspnet_roles VALUES 
  ('/AirToGroundWebSite', 'aeab8b31-a729-4bab-a0c5-6e53edd30c97', 'Administrator'),
  ('/AirToGroundWebSite', 'a338b5c0-9e71-4ad6-a26a-938b5ab5a77a', 'Code Table Editor'),
  ('/AirToGroundWebSite', 'e38ae175-95a1-43cd-8a64-dd6bc786b7d4', 'Corporate User'),
  ('/AirToGroundWebSite', '0295b02b-8145-4bdb-bba7-cc380c684854', 'Customer'),
  ('/AirToGroundWebSite', '41c11780-5d6a-46ca-9dfa-0bdb35cb7339', 'Export - General Exporting'),
  ('/AirToGroundWebSite', 'bb809e4b-30c4-4c00-8ab2-8c545eccda42', 'Export Equipment List'),
  ('/AirToGroundWebSite', '85d01e47-bf90-431e-a7d1-9c647209c6cb', 'Export Equipment Schedule'),
  ('/AirToGroundWebSite', '02de500a-654e-4b81-ac16-e6c4b6fe04dc', 'Export Time Sheets'),
  ('/AirToGroundWebSite', '7be639de-9a96-4fc2-849d-794ea97476bd', 'Export Users'),
  ('/AirToGroundWebSite', '6de77464-6c2d-43e9-874f-45d6fe23ef29', 'Run Equipment Reports'),
  ('/AirToGroundWebSite', 'a47d4bae-b106-48ee-97cd-7349326fc19b', 'Run Revenue Reports'),
  ('/AirToGroundWebSite', 'aa97e103-ad5d-4624-82d1-8fa9686e7228', 'Run Work Reports'),
  ('/AirToGroundWebSite', 'd15734bc-1c68-4de9-a103-a1902ca45484', 'User Security'),
  ('/AirToGroundWebSite', '802564f6-08ab-4390-9207-186f66a06850', 'View Employee Rates'),
  ('/AirToGroundWebSite', '8fa714b6-1929-4afc-bf1c-fef7d697e6bd', 'View Work Card Rate');
/*!40000 ALTER TABLE aspnet_roles
                 ENABLE KEYS */;

-- 
-- Dumping data for table aspnet_sessions
--
-- Table does not contain any data (it is empty)

-- 
-- Dumping data for table aspnet_sitemap
--
-- Table does not contain any data (it is empty)

-- 
-- Dumping data for table aspnet_users
--
/*!40000 ALTER TABLE aspnet_users
                 DISABLE KEYS */;
INSERT INTO aspnet_users VALUES 
  ('19d41cdd-a8d2-4ace-b420-e0c8200cbd1a', '/AirToGroundWebSite', 'Temp 1', '2011-09-06 22:17:33', 0),
  ('52e5dfb4-34a3-4214-97fd-b5dd0b5c99f7', '/AirToGroundWebSite', 'Customer', '2011-08-13 14:06:58', 0),
  ('56eda2b0-e06e-4a5d-9851-fa4bdf76aa7d', '/AirToGroundWebSite', 'User 1', '2011-09-06 22:24:56', 0),
  ('7730b18e-589c-4b8e-8825-8bc24ba3b00d', '/AirToGroundWebSite', 'Temp 2', '2011-05-26 23:20:51', 0),
  ('d8324c9e-840f-47d6-9609-1c7d964f3c30', '/AirToGroundWebSite', 'User 2', '2011-05-27 00:19:45', 0),
  ('dd1666ce-78cc-423f-b810-a026880a1448', '/AirToGroundWebSite', 'Administrator', '2011-11-03 12:04:12', 0);
/*!40000 ALTER TABLE aspnet_users
                 ENABLE KEYS */;

-- 
-- Dumping data for table aspnet_usersinroles
--
/*!40000 ALTER TABLE aspnet_usersinroles
                 DISABLE KEYS */;
INSERT INTO aspnet_usersinroles VALUES 
  ('52e5dfb4-34a3-4214-97fd-b5dd0b5c99f7', '0295b02b-8145-4bdb-bba7-cc380c684854'),
  ('dd1666ce-78cc-423f-b810-a026880a1448', '02de500a-654e-4b81-ac16-e6c4b6fe04dc'),
  ('dd1666ce-78cc-423f-b810-a026880a1448', '41c11780-5d6a-46ca-9dfa-0bdb35cb7339'),
  ('19d41cdd-a8d2-4ace-b420-e0c8200cbd1a', '6de77464-6c2d-43e9-874f-45d6fe23ef29'),
  ('dd1666ce-78cc-423f-b810-a026880a1448', '6de77464-6c2d-43e9-874f-45d6fe23ef29'),
  ('dd1666ce-78cc-423f-b810-a026880a1448', '7be639de-9a96-4fc2-849d-794ea97476bd'),
  ('dd1666ce-78cc-423f-b810-a026880a1448', '802564f6-08ab-4390-9207-186f66a06850'),
  ('dd1666ce-78cc-423f-b810-a026880a1448', '85d01e47-bf90-431e-a7d1-9c647209c6cb'),
  ('dd1666ce-78cc-423f-b810-a026880a1448', '8fa714b6-1929-4afc-bf1c-fef7d697e6bd'),
  ('56eda2b0-e06e-4a5d-9851-fa4bdf76aa7d', 'a338b5c0-9e71-4ad6-a26a-938b5ab5a77a'),
  ('7730b18e-589c-4b8e-8825-8bc24ba3b00d', 'a338b5c0-9e71-4ad6-a26a-938b5ab5a77a'),
  ('d8324c9e-840f-47d6-9609-1c7d964f3c30', 'a338b5c0-9e71-4ad6-a26a-938b5ab5a77a'),
  ('dd1666ce-78cc-423f-b810-a026880a1448', 'a338b5c0-9e71-4ad6-a26a-938b5ab5a77a'),
  ('19d41cdd-a8d2-4ace-b420-e0c8200cbd1a', 'a47d4bae-b106-48ee-97cd-7349326fc19b'),
  ('dd1666ce-78cc-423f-b810-a026880a1448', 'a47d4bae-b106-48ee-97cd-7349326fc19b'),
  ('19d41cdd-a8d2-4ace-b420-e0c8200cbd1a', 'aa97e103-ad5d-4624-82d1-8fa9686e7228'),
  ('dd1666ce-78cc-423f-b810-a026880a1448', 'aa97e103-ad5d-4624-82d1-8fa9686e7228'),
  ('19d41cdd-a8d2-4ace-b420-e0c8200cbd1a', 'aeab8b31-a729-4bab-a0c5-6e53edd30c97'),
  ('7730b18e-589c-4b8e-8825-8bc24ba3b00d', 'aeab8b31-a729-4bab-a0c5-6e53edd30c97'),
  ('d8324c9e-840f-47d6-9609-1c7d964f3c30', 'aeab8b31-a729-4bab-a0c5-6e53edd30c97'),
  ('dd1666ce-78cc-423f-b810-a026880a1448', 'aeab8b31-a729-4bab-a0c5-6e53edd30c97'),
  ('dd1666ce-78cc-423f-b810-a026880a1448', 'bb809e4b-30c4-4c00-8ab2-8c545eccda42'),
  ('7730b18e-589c-4b8e-8825-8bc24ba3b00d', 'd15734bc-1c68-4de9-a103-a1902ca45484'),
  ('d8324c9e-840f-47d6-9609-1c7d964f3c30', 'd15734bc-1c68-4de9-a103-a1902ca45484'),
  ('dd1666ce-78cc-423f-b810-a026880a1448', 'd15734bc-1c68-4de9-a103-a1902ca45484'),
  ('56eda2b0-e06e-4a5d-9851-fa4bdf76aa7d', 'e38ae175-95a1-43cd-8a64-dd6bc786b7d4'),
  ('7730b18e-589c-4b8e-8825-8bc24ba3b00d', 'e38ae175-95a1-43cd-8a64-dd6bc786b7d4'),
  ('d8324c9e-840f-47d6-9609-1c7d964f3c30', 'e38ae175-95a1-43cd-8a64-dd6bc786b7d4'),
  ('dd1666ce-78cc-423f-b810-a026880a1448', 'e38ae175-95a1-43cd-8a64-dd6bc786b7d4');
/*!40000 ALTER TABLE aspnet_usersinroles
                 ENABLE KEYS */;

-- 
-- Dumping data for table aspnet_webevent_events
--
-- Table does not contain any data (it is empty)

-- 
-- Dumping data for table companycustomerjobjoin
--
/*!40000 ALTER TABLE companycustomerjobjoin
                 DISABLE KEYS */;
INSERT INTO companycustomerjobjoin VALUES 
  (5, 2, 1),
  (6, 2, 1),
  (6, 3, 1),
  (8, 2, 1),
  (5, 3, 2),
  (6, 2, 2),
  (6, 3, 2),
  (7, 2, 2),
  (8, 2, 2),
  (6, 2, 4),
  (6, 3, 4),
  (7, 3, 4),
  (8, 3, 4),
  (5, 2, 5),
  (6, 3, 5),
  (7, 3, 5);
/*!40000 ALTER TABLE companycustomerjobjoin
                 ENABLE KEYS */;

-- 
-- Dumping data for table companycustomerjoin
--
/*!40000 ALTER TABLE companycustomerjoin
                 DISABLE KEYS */;
INSERT INTO companycustomerjoin VALUES 
  (5, 2),
  (6, 2),
  (7, 2),
  (8, 2),
  (5, 3),
  (6, 3),
  (7, 3),
  (8, 3);
/*!40000 ALTER TABLE companycustomerjoin
                 ENABLE KEYS */;

-- 
-- Dumping data for table companycustomeruserjoin
--
/*!40000 ALTER TABLE companycustomeruserjoin
                 DISABLE KEYS */;
INSERT INTO companycustomeruserjoin VALUES 
  (5, 2, 'Administrator'),
  (5, 2, 'Customer'),
  (5, 2, 'Temp 1'),
  (5, 2, 'Temp 2'),
  (5, 2, 'User 1'),
  (5, 2, 'User 2'),
  (5, 3, 'Administrator'),
  (6, 2, 'Administrator'),
  (6, 3, 'Administrator'),
  (7, 2, 'Administrator'),
  (7, 3, 'Administrator'),
  (8, 2, 'Administrator'),
  (8, 3, 'Administrator');
/*!40000 ALTER TABLE companycustomeruserjoin
                 ENABLE KEYS */;

-- 
-- Dumping data for table companydivision
--
/*!40000 ALTER TABLE companydivision
                 DISABLE KEYS */;
INSERT INTO companydivision VALUES 
  (5, 'Louisville Division', 'Louisville', 4),
  (6, 'Test 1', 'Test 1 a', 3),
  (7, 'Test 2', 'Test 2 a', 3),
  (8, 'Test 3', 'Test 3 a', 3);
/*!40000 ALTER TABLE companydivision
                 ENABLE KEYS */;

-- 
-- Dumping data for table customer
--
/*!40000 ALTER TABLE customer
                 DISABLE KEYS */;
INSERT INTO customer VALUES 
  (2, 'United Parcel Service (UPS)', 'UPS', 100.00),
  (3, 'Test Company 1', 'AAR', 101.00);
/*!40000 ALTER TABLE customer
                 ENABLE KEYS */;

-- 
-- Dumping data for table divisionarea
--
/*!40000 ALTER TABLE divisionarea
                 DISABLE KEYS */;
INSERT INTO divisionarea VALUES 
  (3, 'Hanger'),
  (4, 'Line');
/*!40000 ALTER TABLE divisionarea
                 ENABLE KEYS */;

-- 
-- Dumping data for table equipment
--
/*!40000 ALTER TABLE equipment
                 DISABLE KEYS */;
INSERT INTO equipment VALUES 
  (5, 2, 20, '131', 'A-300', 'Some test notes', NULL),
  (9, 2, 20, '140', 'A-300', NULL, NULL),
  (10, 2, 20, '148', 'A-300', NULL, NULL),
  (11, 2, 20, '155', 'A-300', NULL, NULL),
  (12, 2, 20, '174', 'A-300', NULL, 1),
  (13, 2, 22, '251', 'MD-11', NULL, NULL),
  (14, 2, 22, '254', 'MD-11', NULL, NULL),
  (15, 2, 22, '256', 'MD-11', NULL, NULL),
  (16, 2, 22, '278', 'MD-11', NULL, NULL),
  (17, 2, 22, '279', 'MD-11', NULL, NULL),
  (18, 2, 22, '289', 'MD-11', NULL, NULL),
  (19, 2, 22, '290', 'MD-11', NULL, NULL),
  (20, 2, 15, '314', '767', NULL, NULL),
  (21, 2, 21, '407', '757', NULL, NULL),
  (22, 2, 15, '315', '767', NULL, NULL),
  (23, 2, 15, '316', '767', NULL, NULL),
  (24, 2, 15, '334', '767', NULL, NULL),
  (25, 2, 15, '340', '767', NULL, NULL),
  (26, 2, 21, '421', '757', NULL, NULL),
  (27, 2, 21, '424', '757', NULL, NULL),
  (28, 2, 21, '440', '757', NULL, NULL),
  (29, 2, 21, '441', '757', NULL, NULL),
  (30, 2, 21, '466', '757', NULL, NULL),
  (31, 2, 18, '570', '747', NULL, NULL),
  (32, 2, 18, '580', '747', NULL, NULL);
/*!40000 ALTER TABLE equipment
                 ENABLE KEYS */;

-- 
-- Dumping data for table equipmentstatuslog
--
/*!40000 ALTER TABLE equipmentstatuslog
                 DISABLE KEYS */;
INSERT INTO equipmentstatuslog VALUES 
  (1, 12, 'Temporary Suspension', 'Scheduled Maintenance', '2011-08-13 00:00:00', 'Administrator', 'gear updates', NULL, NULL, NULL, '2011-08-31 00:00:00');
/*!40000 ALTER TABLE equipmentstatuslog
                 ENABLE KEYS */;

-- 
-- Dumping data for table equipmenttype
--
/*!40000 ALTER TABLE equipmenttype
                 DISABLE KEYS */;
INSERT INTO equipmenttype VALUES 
  (15, 2, '767'),
  (18, 2, '747'),
  (20, 2, 'A-300'),
  (21, 2, '757'),
  (22, 2, 'MD-11');
/*!40000 ALTER TABLE equipmenttype
                 ENABLE KEYS */;

-- 
-- Dumping data for table extendeduser
--
/*!40000 ALTER TABLE extendeduser
                 DISABLE KEYS */;
INSERT INTO extendeduser VALUES 
  ('Administrator', 'Administrator', '1', 'System', 'System', 0.00, 0.00, False),
  ('Customer', 'Administrator', '6', 'Jones', 'Customer', 0.00, 0.00, False),
  ('Temp 1', 'Administrator', '2', '1a', 'Temp', 1111.00, 8.00, True),
  ('Temp 2', 'Administrator', '3', '2', 'Temp', 0.00, 0.00, False),
  ('User 1', 'Administrator', '4444', '1a', 'Usera', 2222.00, 9.00, True),
  ('User 2', 'Administrator', '5', '2', 'User', 0.00, 0.00, False);
/*!40000 ALTER TABLE extendeduser
                 ENABLE KEYS */;

-- 
-- Dumping data for table jobcode
--
/*!40000 ALTER TABLE jobcode
                 DISABLE KEYS */;
INSERT INTO jobcode VALUES 
  (1, 'ABCD123AAAA', 'Exterior wash 1', True, False, False),
  (2, '123456', 'Interior Cockpit', True, False, False),
  (4, 'WC1234', 'Work Card Job Code', True, True, True),
  (5, 'TN1234', 'QQQQQQ', True, False, True);
/*!40000 ALTER TABLE jobcode
                 ENABLE KEYS */;

-- 
-- Dumping data for table section
--
/*!40000 ALTER TABLE section
                 DISABLE KEYS */;
INSERT INTO section VALUES 
  (5, 2, 'Inboard engine cowls top to bottom'),
  (9, 2, 'Main gear belly aft to first seam'),
  (11, 2, 'Brown painted area first seam to aft, and entire APU area'),
  (12, 2, 'All painted surfaces except top of wings and horizontal stabilizers'),
  (13, 2, 'nose aft to the tail from the belly up to the second seam'),
  (14, 2, 'Brown painted area second seam to aft and entire APU area'),
  (15, 2, 'Entire flap section'),
  (16, 2, 'Interior Flaps'),
  (17, 2, 'Gear doors'),
  (18, 2, 'Outboard engine cowls top to bottom'),
  (19, 2, 'Cockpit'),
  (20, 2, 'Galley and jumpseat area'),
  (21, 2, 'Lavatory'),
  (22, 2, 'Entry area'),
  (23, 2, 'Main deck area'),
  (24, 2, 'Belly pits'),
  (25, 2, 'Load area floor');
/*!40000 ALTER TABLE section
                 ENABLE KEYS */;

-- 
-- Dumping data for table service
--
/*!40000 ALTER TABLE service
                 DISABLE KEYS */;
INSERT INTO service VALUES 
  (6, 1, 0, 2, 'Exterior Dry Wash 60 Day', '60', '<span style="font-family: times new roman,serif; font-size: 12pt;">60 Day - The area from the nose aft to the tail from the belly up to the second seam line.&nbsp; The brown painted area on the aft of the aircraft is completed from the same seam line aft and includes the entire APU area.&nbsp; Also included is the entire flap section, gear doors and #1 and # 2 (#1 &amp; #3 on MD-11) inboard &amp; outboard engine cowls top to bottom.</span>', False, 60, 60, 'H', 100.00, 4.00, 0.00),
  (7, 1, 0, 2, 'Exterior Dry Wash 120 Day', '120', '<span style="font-family: &quot;times new roman&quot;,&quot;serif&quot;; font-size: 12pt; mso-fareast-font-family: &quot;times new roman&quot;; mso-ansi-language: en-us; mso-fareast-language: en-us; mso-bidi-language: ar-sa;">120 Day - All painted surfaces on the aircraft excluding the tops of wings and the top of the horizontal stabilizers.</span>', False, 120, 120, 'H', 100.00, 4.00, 0.00),
  (8, 1, 0, 2, 'Exterior Dry Wash 90 Day', '90', '<span style="font-family: times new roman,serif; font-size: 12pt;">90 Day - The area from the main gear aft from the belly up to the first seam line.&nbsp; The brown painted area on the aft of the aircraft is completed from the same seam line aft and includes the entire APU area.&nbsp; Also included are the interior flaps, gear doors and #1 and # 2 (#1 &amp; #3 on MD-11) inboard &amp; outboard engine cowls top to bottom.</span>', False, 90, 90, 'H', 100.00, 4.00, 0.00),
  (26, 2, 0, 2, 'Interior Weekly', 'WK', '<p>Cockpit</p>\n<ul style="margin-top: 0in; list-style-type: disc;">\n    <li>Sun shield dusted</li>\n    <li>Walls and flat surfaces wiped clean</li>\n    <li>Flat surface between instrument panel and windshield dusted</li>\n    <li>Seats vacuumed and cleaned</li>\n    <li>Arm rests cleaned</li>\n    <li>Seat pedestal cleaned</li>\n    <li>Seat tracks cleaned and vacuumed</li>\n    <li>Cup holders cleaned</li>\n    <li>Food trays wiped clean (if any)</li>\n    <li>All visible trash removed</li>\n    <li>Floor vacuumed</li>\n    <li>Floor mopped</li>\n    <li>Empty and clean ashtrays (if any)</li>\n</ul>\n<p>Galley and Jumpseat Area</p>\n<ul style="margin-top: 0in; list-style-type: disc;">\n    <li>Walls wiped clean</li>\n    <li>Cabinets and overhead bins wiped inside</li>\n    <li>Cabinets and overhead bins wiped outside</li>\n    <li>Jumpseats vacuumed and cleaned</li>\n    <li>Arm rests cleaned</li>\n    <li>Food trays wiped clean (if any)</li>\n    <li>Cup holders cleaned</li>\n    <li>Oven cleaned</li>\n    <li>Foil on oven rack(s) replaced</li>\n    <li>Hot cup (or pot) cleaned</li>\n    <li>Visible trash removed</li>\n    <li>Trash receptacles emptied (if any) </li>\n    <li>Floor vacuumed</li>\n    <li>Floor mopped</li>\n    <li>Empty and clean ashtrays (if any)</li>\n</ul>\n<p>Lavatory</p>\n<ul style="margin-top: 0in; list-style-type: disc;">\n    <li>Clean commode bowl</li>\n    <li>Clean seat</li>\n    <li>Clean shroud</li>\n    <li>Trash receptacles emptied (if any)</li>\n    <li>Wall wiped clean</li>\n    <li>Floor vacuumed</li>\n    <li>Floor mopped</li>\n</ul>\n<p>Entry area</p>\n<ul style="margin-top: 0in; list-style-type: disc;">\n    <li>Inside of exterior door cleaned</li>\n    <li>Walls wiped clean</li>\n    <li>Floor vacuumed</li>\n    <li>Floor mopped</li>\n</ul>\n<p>Main Deck Area</p>\n<ul style="margin-top: 0in; list-style-type: disc;">\n    <li>Ball mat cleaned (dirt brushed loose then vacuumed)</li>\n    <li>Load area floor from ball mat to bulkhead cleaned and vacuumed</li>\n    <li>All painted surfaces around locks wiped clean as well as vacuumed</li>\n</ul>\n<p>Belly pits</p>\n<ul style="margin-top: 0in; list-style-type: disc;">\n    <li>Loose dirt and trash swept out</li>\n    <li><span style="font-family: times new roman,serif; font-size: 12pt;">Wipe or mop area with approved cleaner</span></li>\n</ul>', False, 7, 7, 'F', 100.00, 0.00, 1.00),
  (28, 2, 0, 2, 'Interior Monthly', 'MO', '<p>Cockpit</p>\n<ul style="margin-top: 0in; list-style-type: disc;">\n    <li>Sun shield dusted</li>\n    <li>Walls and flat surfaces wiped clean</li>\n    <li>Flat surface between instrument panel and windshield dusted</li>\n    <li>Seats vacuumed and cleaned</li>\n    <li>Arm rests cleaned</li>\n    <li>Seat pedestal cleaned</li>\n    <li>Seat tracks cleaned and vacuumed</li>\n    <li>Cup holders cleaned</li>\n    <li>Food trays wiped clean (if any)</li>\n    <li>All visible trash removed</li>\n    <li>Floor vacuumed</li>\n    <li>Floor mopped</li>\n    <li>Empty and clean ashtrays (if any)</li>\n</ul>\n<p>Galley and Jumpseat Area</p>\n<ul style="margin-top: 0in; list-style-type: disc;">\n    <li>Walls wiped clean</li>\n    <li>Cabinets and overhead bins wiped inside</li>\n    <li>Cabinets and overhead bins wiped outside</li>\n    <li>Jumpseats vacuumed and cleaned</li>\n    <li>Arm rests cleaned</li>\n    <li>Food trays wiped clean (if any)</li>\n    <li>Cup holders cleaned</li>\n    <li>Oven cleaned</li>\n    <li>Foil on oven rack(s) replaced</li>\n    <li>Hot cup (or pot) cleaned</li>\n    <li>Visible trash removed</li>\n    <li>Trash receptacles emptied (if any) </li>\n    <li>Floor vacuumed</li>\n    <li>Floor mopped</li>\n    <li>Empty and clean ashtrays (if any)</li>\n</ul>\n<p>Lavatory</p>\n<ul style="margin-top: 0in; list-style-type: disc;">\n    <li>Clean commode bowl</li>\n    <li>Clean seat</li>\n    <li>Clean shroud</li>\n    <li>Trash receptacles emptied (if any)</li>\n    <li>Wall wiped clean</li>\n    <li>Floor vacuumed</li>\n    <li>Floor mopped</li>\n</ul>\n<p>Entry area</p>\n<ul style="margin-top: 0in; list-style-type: disc;">\n    <li>Inside of exterior door cleaned</li>\n    <li>Walls wiped clean</li>\n    <li>Floor vacuumed</li>\n    <li>Floor mopped</li>\n</ul>\n<p>Main Deck Area</p>\n<ul style="margin-top: 0in; list-style-type: disc;">\n    <li>Ball mat cleaned (dirt brushed loose then vacuumed)</li>\n    <li>Load area floor from ball mat to bulkhead cleaned and vacuumed</li>\n    <li>All painted surfaces around locks wiped clean as well as vacuumed</li>\n    <li><span style="font-family: &quot;times new roman&quot;,&quot;serif&quot;; font-size: 12pt; mso-fareast-font-family: &quot;times new roman&quot;; mso-ansi-language: en-us; mso-fareast-language: en-us; mso-bidi-language: ar-sa;">Add Entire load area floor cleaned and vacuumed</span></li>\n</ul>\n<p>Belly pits</p>\n<ul style="margin-top: 0in; list-style-type: disc;">\n    <li>Loose dirt and trash swept out</li>\n    <li><span style="font-family: times new roman,serif; font-size: 12pt;">Wipe or mop area with approved cleaner</span></li>\n    <li><span style="font-family: &quot;times new roman&quot;,&quot;serif&quot;; font-size: 12pt; mso-fareast-font-family: &quot;times new roman&quot;; mso-ansi-language: en-us; mso-fareast-language: en-us; mso-bidi-language: ar-sa;">Loose dirt and trash vacuumed (includes P-sections)</span></li>\n</ul>\n<br />', False, 30, 30, 'F', 100.00, 0.00, 1.00),
  (29, 1, 0, 2, 'Exterior Dry Wash 30 Day', '30', '<span style="font-family: times new roman,serif; font-size: 12pt;">30 Day - The area from the main gear aft from the belly up to the first seam line.&nbsp; The brown painted area on the aft of the aircraft is completed from the same seam line aft and includes the entire APU area.&nbsp; Also included are the interior flaps, gear doors and #1 and # 2 (#1 &amp; #3 on MD-11) inboard &amp; outboard engine cowls top to bottom.&nbsp; </span>', False, 30, 30, 'H', 100.00, 4.00, 0.00);
/*!40000 ALTER TABLE service
                 ENABLE KEYS */;

-- 
-- Dumping data for table servicecategory
--
/*!40000 ALTER TABLE servicecategory
                 DISABLE KEYS */;
INSERT INTO servicecategory VALUES 
  (1, 'Exterior Dry Wash / Polish'),
  (2, 'Interior Cleaning'),
  (5, 'International Trash Removal'),
  (3, 'Lavatory Services'),
  (6, 'Potable Water');
/*!40000 ALTER TABLE servicecategory
                 ENABLE KEYS */;

-- 
-- Dumping data for table serviceexception
--
/*!40000 ALTER TABLE serviceexception
                 DISABLE KEYS */;
INSERT INTO serviceexception VALUES 
  (16, 423, 6, 5, 9, 179, NULL, NULL, 'Engine being serviced.', '2011-08-06 00:00:00', 'Administrator', NULL, NULL, NULL, NULL, NULL, NULL),
  (17, 426, 7, 12, 12, 184, NULL, NULL, 'starboard lower engine cowl', '2011-08-09 00:00:00', 'Administrator', NULL, NULL, NULL, NULL, NULL, NULL),
  (18, 433, 8, 15, 18, 191, NULL, NULL, 'starboard flap maintenance', '2011-08-09 00:00:00', 'Administrator', NULL, NULL, NULL, NULL, NULL, NULL),
  (19, 482, 8, 17, 23, 196, NULL, NULL, 'gear maintenance, tire change', '2011-08-10 00:00:00', 'Administrator', NULL, NULL, NULL, NULL, NULL, NULL),
  (20, 449, 8, 9, 31, 207, NULL, NULL, 'tire change', '2011-08-05 00:00:00', 'Administrator', NULL, NULL, NULL, NULL, NULL, NULL);
/*!40000 ALTER TABLE serviceexception
                 ENABLE KEYS */;

-- 
-- Dumping data for table serviceschedule
--
/*!40000 ALTER TABLE serviceschedule
                 DISABLE KEYS */;
INSERT INTO serviceschedule VALUES 
  (421, 5, 5, 28, 178, '2011-08-09 00:00:00', '2011-08-13 10:00:00', '2011-08-09 00:00:00', '2011-08-09 00:00:00', NULL, False, False, NULL, ''),
  (422, 5, 9, 26, 180, '2011-08-08 00:00:00', '2011-08-13 12:00:00', '2011-08-08 00:00:00', '2011-08-08 00:00:00', NULL, False, False, NULL, ''),
  (423, 5, 9, 6, 179, '2011-08-06 00:00:00', '2011-08-13 06:00:00', '2011-08-06 00:00:00', '2011-08-06 13:00:00', NULL, True, True, NULL, ''),
  (424, 5, 10, 28, 181, '2011-08-08 00:00:00', '2011-08-13 12:00:00', '2011-08-08 00:00:00', '2011-08-08 00:00:00', NULL, False, False, NULL, ''),
  (425, 5, 11, 8, 182, '2011-08-08 00:00:00', '2011-08-13 09:00:00', '2011-08-08 00:00:00', '2011-08-08 13:00:00', NULL, False, False, NULL, ''),
  (426, 5, 12, 7, 184, '2011-08-09 00:00:00', '2011-08-13 08:00:00', '2011-08-09 00:00:00', '2011-08-09 16:00:00', NULL, True, True, NULL, ''),
  (427, 5, 13, 26, 185, '2011-08-10 00:00:00', '2011-08-13 13:00:00', '2011-08-10 00:00:00', '2011-08-10 00:00:00', NULL, False, False, NULL, ''),
  (428, 5, 14, 28, 186, '2011-08-10 00:00:00', '2011-08-13 16:00:00', '2011-08-10 00:00:00', '2011-08-10 00:00:00', NULL, False, False, NULL, ''),
  (429, 5, 15, 7, 187, '2011-08-08 00:00:00', '2011-08-13 07:00:00', '2011-08-08 00:00:00', '2011-08-08 16:00:00', NULL, False, False, NULL, ''),
  (430, 5, 16, 28, 188, '2011-08-10 00:00:00', '2011-08-13 14:00:00', '2011-08-10 00:00:00', '2011-08-10 00:00:00', NULL, False, False, NULL, ''),
  (431, 5, 17, 7, 189, '2011-08-10 00:00:00', '2011-08-13 09:00:00', '2011-08-10 00:00:00', '2011-08-10 17:00:00', NULL, False, False, NULL, ''),
  (432, 5, 18, 26, 190, '2011-08-08 00:00:00', '2011-08-13 17:00:00', '2011-08-08 00:00:00', '2011-08-08 00:00:00', NULL, False, False, NULL, ''),
  (433, 5, 18, 8, 191, '2011-08-09 00:00:00', '2011-08-13 10:00:00', '2011-08-09 00:00:00', '2011-08-09 16:00:00', NULL, True, True, NULL, ''),
  (434, 5, 19, 6, 192, '2011-08-09 00:00:00', '2011-08-13 15:00:00', '2011-08-09 00:00:00', '2011-08-09 19:00:00', NULL, False, False, NULL, ''),
  (435, 5, 20, 26, 193, '2011-08-10 00:00:00', '2011-08-13 12:00:00', '2011-08-10 00:00:00', '2011-08-10 00:00:00', NULL, False, False, NULL, ''),
  (436, 5, 22, 7, 194, '2011-08-05 00:00:00', '2011-08-13 08:00:00', '2011-08-05 00:00:00', '2011-08-05 14:00:00', NULL, False, False, NULL, ''),
  (437, 5, 23, 28, 195, '2011-08-10 00:00:00', '2011-08-13 13:00:00', '2011-08-10 00:00:00', '2011-08-10 00:00:00', NULL, False, False, NULL, ''),
  (438, 5, 24, 6, 197, '2011-08-05 00:00:00', '2011-08-13 09:00:00', '2011-08-05 00:00:00', '2011-08-05 13:00:00', NULL, False, False, NULL, ''),
  (439, 5, 25, 26, 198, '2011-08-09 00:00:00', '2011-08-13 11:00:00', '2011-08-09 00:00:00', '2011-08-09 00:00:00', NULL, False, False, NULL, ''),
  (440, 5, 25, 8, 212, '2011-08-10 00:00:00', '2011-08-13 12:00:00', '2011-08-10 00:00:00', '2011-08-10 14:00:00', NULL, False, False, NULL, ''),
  (441, 5, 21, 26, 211, '2011-08-09 00:00:00', '2011-08-13 16:00:00', '2011-08-09 00:00:00', '2011-08-09 00:00:00', NULL, False, False, NULL, ''),
  (442, 5, 21, 7, 199, '2011-08-08 00:00:00', '2011-08-13 06:00:00', '2011-08-08 00:00:00', '2011-08-08 13:00:00', NULL, False, False, NULL, ''),
  (443, 5, 26, 6, 200, '2011-08-09 00:00:00', '2011-08-13 13:00:00', '2011-08-09 00:00:00', '2011-08-09 16:00:00', NULL, False, False, NULL, ''),
  (444, 5, 27, 26, 201, '2011-08-09 00:00:00', '2011-08-13 13:00:00', '2011-08-09 00:00:00', '2011-08-09 00:00:00', NULL, False, False, NULL, ''),
  (445, 5, 28, 28, 203, '2011-08-09 00:00:00', '2011-08-13 14:00:00', '2011-08-09 00:00:00', '2011-08-09 00:00:00', NULL, False, False, NULL, ''),
  (446, 5, 28, 7, 202, '2011-08-08 00:00:00', '2011-08-13 07:00:00', '2011-08-08 00:00:00', '2011-08-08 16:00:00', NULL, False, False, NULL, ''),
  (447, 5, 29, 28, 204, '2011-08-09 00:00:00', '2011-08-13 13:00:00', '2011-08-09 00:00:00', '2011-08-09 00:00:00', NULL, False, False, NULL, ''),
  (448, 5, 30, 29, 205, '2011-08-09 00:00:00', '2011-08-13 10:00:00', '2011-08-09 00:00:00', '2011-08-09 16:00:00', NULL, False, False, NULL, ''),
  (449, 5, 31, 8, 207, '2011-08-05 00:00:00', '2011-08-13 06:00:00', '2011-08-05 00:00:00', '2011-08-05 13:00:00', NULL, True, True, NULL, ''),
  (450, 5, 32, 26, 208, '2011-08-09 00:00:00', '2011-08-13 12:00:00', '2011-08-09 00:00:00', '2011-08-09 00:00:00', NULL, False, False, NULL, ''),
  (451, 5, 5, 28, NULL, '2011-09-08 00:00:00', '0000-00-00 00:00:00', NULL, NULL, NULL, False, False, '', ''),
  (452, 5, 5, 7, NULL, '2011-08-23 00:00:00', '0000-00-00 00:00:00', NULL, NULL, NULL, False, False, '', ''),
  (453, 5, 9, 8, NULL, '2011-09-06 00:00:00', '0000-00-00 00:00:00', NULL, NULL, NULL, False, False, '', ''),
  (454, 5, 10, 28, NULL, '2011-09-07 00:00:00', '0000-00-00 00:00:00', NULL, NULL, NULL, False, False, '', ''),
  (455, 5, 10, 29, NULL, '2011-08-21 00:00:00', '0000-00-00 00:00:00', NULL, NULL, NULL, False, False, '', ''),
  (456, 5, 11, 7, NULL, '2011-09-07 00:00:00', '0000-00-00 00:00:00', NULL, NULL, NULL, False, False, '', ''),
  (457, 5, 11, 26, 183, '2011-08-09 00:00:00', '0000-00-00 00:00:00', '2011-08-09 00:00:00', '2011-08-09 00:00:00', NULL, False, False, '', ''),
  (458, 5, 12, 28, NULL, '2011-08-09 00:00:00', '0000-00-00 00:00:00', NULL, NULL, '2011-08-08 00:00:00', False, False, '', 'schedule conflict'),
  (459, 5, 12, 28, NULL, '2011-09-08 00:00:00', '0000-00-00 00:00:00', NULL, NULL, NULL, False, False, '', ''),
  (460, 5, 13, 26, NULL, '2011-08-17 00:00:00', '0000-00-00 00:00:00', NULL, NULL, NULL, False, False, '', ''),
  (461, 5, 13, 26, NULL, '2011-08-24 00:00:00', '0000-00-00 00:00:00', NULL, NULL, NULL, False, False, '', ''),
  (462, 5, 9, 26, NULL, '2011-08-15 00:00:00', '0000-00-00 00:00:00', NULL, NULL, NULL, False, False, '', ''),
  (463, 5, 9, 26, NULL, '2011-08-22 00:00:00', '0000-00-00 00:00:00', NULL, NULL, NULL, False, False, '', ''),
  (464, 5, 9, 26, NULL, '2011-08-29 00:00:00', '0000-00-00 00:00:00', NULL, NULL, NULL, False, False, '', ''),
  (465, 5, 13, 26, NULL, '2011-08-31 00:00:00', '0000-00-00 00:00:00', NULL, NULL, NULL, False, False, '', ''),
  (466, 5, 14, 26, NULL, '2011-08-17 00:00:00', '0000-00-00 00:00:00', NULL, NULL, NULL, False, False, '', ''),
  (467, 5, 14, 26, NULL, '2011-08-24 00:00:00', '0000-00-00 00:00:00', NULL, NULL, NULL, False, False, '', ''),
  (468, 5, 15, 26, 210, '2011-08-11 00:00:00', '0000-00-00 00:00:00', '2011-08-11 00:00:00', '2011-08-11 00:00:00', NULL, False, False, '', ''),
  (469, 5, 15, 26, NULL, '2011-08-18 00:00:00', '0000-00-00 00:00:00', NULL, NULL, NULL, False, False, '', ''),
  (470, 5, 15, 28, NULL, '2011-09-01 00:00:00', '0000-00-00 00:00:00', NULL, NULL, NULL, False, False, '', ''),
  (471, 5, 16, 26, NULL, '2011-08-17 00:00:00', '0000-00-00 00:00:00', NULL, NULL, NULL, False, False, '', ''),
  (472, 5, 16, 26, NULL, '2011-08-24 00:00:00', '0000-00-00 00:00:00', NULL, NULL, NULL, False, False, '', ''),
  (473, 5, 16, 26, NULL, '2011-08-31 00:00:00', '0000-00-00 00:00:00', NULL, NULL, NULL, False, False, '', ''),
  (474, 5, 16, 6, NULL, '2011-08-24 00:00:00', '0000-00-00 00:00:00', NULL, NULL, NULL, False, False, '', ''),
  (475, 5, 17, 29, NULL, '2011-09-09 00:00:00', '0000-00-00 00:00:00', NULL, NULL, NULL, False, False, '', ''),
  (476, 5, 17, 26, 209, '2011-08-10 00:00:00', '0000-00-00 00:00:00', '2011-08-10 00:00:00', '2011-08-10 00:00:00', NULL, False, False, '', ''),
  (477, 5, 17, 28, NULL, '2011-08-17 00:00:00', '0000-00-00 00:00:00', NULL, NULL, NULL, False, False, '', ''),
  (478, 5, 18, 26, NULL, '2011-08-15 00:00:00', '0000-00-00 00:00:00', NULL, NULL, NULL, False, False, '', ''),
  (479, 5, 19, 28, NULL, '2011-08-25 00:00:00', '0000-00-00 00:00:00', NULL, NULL, NULL, False, False, '', ''),
  (480, 5, 22, 28, NULL, '2011-08-16 00:00:00', '0000-00-00 00:00:00', NULL, NULL, NULL, False, False, '', ''),
  (481, 5, 23, 28, NULL, '2011-09-09 00:00:00', '0000-00-00 00:00:00', NULL, NULL, NULL, False, False, '', ''),
  (482, 5, 23, 8, 196, '2011-08-10 00:00:00', '0000-00-00 00:00:00', '2011-08-10 00:00:00', '2011-08-10 13:00:00', NULL, True, True, '', ''),
  (483, 5, 23, 29, NULL, '2011-09-10 00:00:00', '0000-00-00 00:00:00', NULL, NULL, NULL, False, False, '', ''),
  (484, 5, 25, 26, NULL, '2011-08-16 00:00:00', '0000-00-00 00:00:00', NULL, NULL, NULL, False, False, '', ''),
  (485, 5, 25, 26, NULL, '2011-08-23 00:00:00', '0000-00-00 00:00:00', NULL, NULL, NULL, False, False, '', ''),
  (486, 5, 21, 29, NULL, '2011-09-08 00:00:00', '0000-00-00 00:00:00', NULL, NULL, NULL, False, False, '', ''),
  (487, 5, 21, 26, NULL, '2011-08-16 00:00:00', '0000-00-00 00:00:00', NULL, NULL, NULL, False, False, '', ''),
  (488, 5, 26, 28, NULL, '2011-08-18 00:00:00', '0000-00-00 00:00:00', NULL, NULL, NULL, False, False, '', ''),
  (489, 5, 27, 26, NULL, '2011-08-16 00:00:00', '0000-00-00 00:00:00', NULL, NULL, NULL, False, False, '', ''),
  (490, 5, 27, 26, NULL, '2011-08-23 00:00:00', '0000-00-00 00:00:00', NULL, NULL, NULL, False, False, '', ''),
  (491, 5, 27, 28, NULL, '2011-08-30 00:00:00', '0000-00-00 00:00:00', NULL, NULL, NULL, False, False, '', ''),
  (492, 5, 28, 26, NULL, '2011-08-16 00:00:00', '0000-00-00 00:00:00', NULL, NULL, NULL, False, False, '', ''),
  (493, 5, 29, 29, NULL, '2011-08-22 00:00:00', '0000-00-00 00:00:00', NULL, NULL, NULL, False, False, '', ''),
  (494, 5, 30, 26, 206, '2011-08-09 00:00:00', '0000-00-00 00:00:00', '2011-08-09 00:00:00', '2011-08-09 00:00:00', NULL, False, False, '', ''),
  (495, 5, 30, 26, NULL, '2011-08-16 00:00:00', '0000-00-00 00:00:00', NULL, NULL, NULL, False, False, '', ''),
  (496, 5, 31, 28, NULL, '2011-08-15 00:00:00', '0000-00-00 00:00:00', NULL, NULL, NULL, False, False, '', ''),
  (497, 5, 32, 26, NULL, '2011-08-16 00:00:00', '0000-00-00 00:00:00', NULL, NULL, NULL, False, False, '', ''),
  (498, 5, 32, 26, NULL, '2011-08-23 00:00:00', '0000-00-00 00:00:00', NULL, NULL, NULL, False, False, '', ''),
  (499, 5, 21, 29, 214, '2011-09-19 00:00:00', '0000-00-00 00:00:00', '2011-09-19 00:00:00', '2011-09-19 13:00:00', NULL, False, False, '', ''),
  (500, 5, 21, 6, 215, '2011-09-19 00:00:00', '0000-00-00 00:00:00', '2011-09-19 00:00:00', '2011-09-19 13:00:00', NULL, False, False, '', ''),
  (501, 5, 21, 8, 216, '2011-09-19 00:00:00', '0000-00-00 00:00:00', '2011-09-19 00:00:00', '2011-09-19 13:00:00', NULL, False, False, '', '');
/*!40000 ALTER TABLE serviceschedule
                 ENABLE KEYS */;

-- 
-- Dumping data for table servicesectionjoin
--
/*!40000 ALTER TABLE servicesectionjoin
                 DISABLE KEYS */;
INSERT INTO servicesectionjoin VALUES 
  (5, 6),
  (5, 8),
  (5, 29),
  (9, 8),
  (9, 29),
  (11, 8),
  (11, 29),
  (12, 7),
  (13, 6),
  (14, 6),
  (15, 6),
  (15, 8),
  (16, 29),
  (17, 6),
  (17, 8),
  (17, 29),
  (18, 6),
  (18, 8),
  (18, 29),
  (19, 26),
  (19, 28),
  (20, 26),
  (20, 28),
  (21, 26),
  (21, 28),
  (22, 26),
  (22, 28),
  (23, 26),
  (23, 28),
  (24, 26),
  (24, 28);
/*!40000 ALTER TABLE servicesectionjoin
                 ENABLE KEYS */;

-- 
-- Dumping data for table servicesectionrule
--
-- Table does not contain any data (it is empty)

-- 
-- Dumping data for table timesheet
--
/*!40000 ALTER TABLE timesheet
                 DISABLE KEYS */;
INSERT INTO timesheet VALUES 
  (26, 'Administrator', 'Administrator', 8, 2, 1, NULL, 'T', 0, 0, '2011-09-05 00:00:00', '2011-09-01 04:00:00', '2011-09-01 16:00:00', 'Ha ha ha', 'qqqqqqqqqqq', 'wwwwwwwwwwwwwww', 1000.00, True, NULL),
  (27, 'Administrator', 'Administrator', 5, 2, 1, NULL, 'U', 44, 55, '2011-09-06 00:00:00', '2011-09-06 10:00:00', '2011-09-06 13:00:00', 'asdf', 'fff', 'gggg', 44.00, True, NULL),
  (29, 'Administrator', 'Administrator', 5, 2, 1, NULL, 'R', 0, 0, '2011-09-05 00:00:00', '2011-09-05 00:00:00', '2011-09-05 00:00:00', 'asdf', '234', 'test', 0.00, False, NULL),
  (30, 'Administrator', 'Administrator', 5, 2, 5, NULL, 'T', 0, 0, '2011-09-05 00:00:00', '2011-09-05 00:00:00', '2011-09-05 00:00:00', 'eeeeeeeeeeeeeeeee', 'eeeeeeeeeeee', 'eeeeeeeeeeeeeeeee', 0.00, False, NULL),
  (31, 'Administrator', 'Administrator', 5, 2, 1, NULL, 'U', 0, 0, '2011-09-05 00:00:00', '2011-09-05 04:00:00', '2011-09-05 16:00:00', 'Ha ha ha', 'wwwwwwwwww', 'eeeeeeeeeeeeee', 1000.00, True, NULL),
  (32, 'Administrator', 'Administrator', 5, 2, 5, NULL, 'W', 0, 0, '2011-09-05 00:00:00', '2011-09-05 00:00:00', '2011-09-05 00:00:00', 'eeeeeeeeeeeeeeeee', 'eeeeeeeeeeee', 'eeeeeeeeeeeeeeeee', 0.00, False, NULL),
  (33, 'Administrator', 'Administrator', 5, 2, 5, NULL, 'J', 0, 0, '2011-09-05 00:00:00', '2011-09-05 00:00:00', '2011-09-05 00:00:00', '2', '2', '2', 0.00, False, NULL),
  (34, 'Administrator', 'Administrator', 5, 2, 5, NULL, 'R', 0, 0, '2011-09-05 00:00:00', '2011-09-05 00:00:00', '2011-09-05 00:00:00', '2', '2', '2', 0.00, False, NULL),
  (35, 'Administrator', 'Administrator', 5, 2, 5, NULL, 'T', 0, 0, '2011-09-05 00:00:00', '2011-09-05 00:00:00', '2011-09-05 00:00:00', '2222', '2', '2', 100.00, False, NULL),
  (36, 'Administrator', 'Administrator', 5, 2, 5, NULL, 'U', 0, 0, '2011-09-05 00:00:00', '2011-09-05 00:00:00', '2011-09-05 00:00:00', '2', '2', '2', 0.00, False, NULL),
  (41, 'Administrator', 'Administrator', 5, 2, 1, NULL, 'J', 0, 0, '2011-09-05 00:00:00', '2011-09-05 00:00:00', '2011-09-05 00:00:00', 'qwerty', '', '', 100.00, False, NULL),
  (42, 'Administrator', 'Administrator', 5, 2, 1, NULL, 'R', 0, 1, '2011-09-06 00:00:00', '2011-09-06 01:00:00', '2011-09-06 02:00:00', 'test notes 1', '', '', 100.00, False, NULL),
  (43, 'Administrator', 'Temp 2', 5, 2, 5, NULL, 'T', 0, 4, '2011-09-06 00:00:00', '2011-09-06 01:00:00', '2011-09-06 05:00:00', 'test notes 2', '', '', 100.00, False, NULL),
  (44, 'Administrator', 'User 2', 5, 2, 5, NULL, 'U', 0, 2, '2011-09-06 00:00:00', '2011-09-06 12:00:00', '2011-09-06 14:00:00', 'test notes 3', '', '', 100.00, False, NULL),
  (46, 'Administrator', 'Administrator', 5, 2, 5, NULL, 'W', 0, 2, '2011-09-06 00:00:00', '2011-09-06 12:00:00', '2011-09-06 14:00:00', 'test 3', '', '', 50.00, False, NULL),
  (47, 'Administrator', 'Administrator', 5, 2, 5, NULL, 'J', 0, 0, '2011-09-06 00:00:00', '2011-09-06 00:00:00', '2011-09-06 00:00:00', 'notes', '34er', 'rrrrrr', 100.00, True, NULL),
  (48, 'Administrator', 'Administrator', 5, 2, 5, NULL, '\0', 0, 0, '2011-09-11 00:00:00', '2011-09-11 00:00:00', '2011-09-11 00:00:00', '', '', '', 100.00, False, NULL),
  (82, 'Administrator', 'Temp 1', 5, 2, 5, NULL, '\0', 8, 8, '2011-09-13 00:00:00', '2011-09-13 08:00:00', '2011-09-13 17:00:00', '', '', '', 100.00, False, NULL),
  (91, 'Administrator', 'User 1', 6, 2, 4, NULL, '\0', 9, 0, '2011-09-17 00:00:00', '2011-09-17 00:00:00', '2011-09-17 00:00:00', 'First Tail Number Test', '1212', 'Happy Days Again', 100.00, True, 21),
  (93, 'Administrator', 'Temp 1', 6, 2, 1, NULL, '\0', 8, 8, '2011-09-17 00:00:00', '2011-09-17 08:00:00', '2011-09-17 17:00:00', '', '', '', 100.00, False, NULL),
  (94, 'Administrator', 'Customer', 6, 2, 4, NULL, '\0', 0, 8, '2011-09-17 00:00:00', '2011-09-17 08:00:00', '2011-09-17 17:00:00', 'A Tea Party for Three', '3333', '3 For Tea?', 333.00, False, 21),
  (98, 'Administrator', 'Administrator', 6, 2, 4, NULL, 'R', 0, 8, '2011-09-18 00:00:00', '2011-09-18 08:00:00', '2011-09-18 17:00:00', 'testing completed', '1313', '*** THIS WORK CARD IS CLOSED ***', 12.00, True, 21),
  (103, 'Administrator', 'Temp 1', 6, 2, 4, NULL, '\0', 8, 8, '2011-09-18 00:00:00', '2011-09-18 08:00:00', '2011-09-18 17:00:00', 'testing completed', '1313', '*** THIS WORK CARD IS COMPLETED ***', 12.00, True, NULL),
  (104, 'Administrator', 'Temp 1', 6, 2, 4, NULL, '\0', 8, 8, '2011-09-18 00:00:00', '2011-09-18 08:00:00', '2011-09-18 17:00:00', 'testing completed', '1414', 'New One Four Me', 100.00, False, NULL),
  (105, 'Administrator', 'Administrator', 6, 2, 1, NULL, 'R', 0, 0, '2011-09-18 00:00:00', '2011-09-18 00:00:00', '2011-09-18 00:00:00', '', NULL, NULL, 0.00, False, NULL),
  (106, 'Administrator', 'Administrator', 5, 3, 2, NULL, '\0', 0, 0, '2011-08-16 00:00:00', '2011-08-16 00:00:00', '2011-08-16 00:00:00', '', NULL, NULL, 0.00, False, NULL),
  (107, 'Administrator', 'Administrator', 5, 3, 2, NULL, '\0', 0, 8, '2011-08-03 00:00:00', '2011-08-03 08:00:00', '2011-08-03 17:00:00', '', NULL, NULL, 0.00, False, NULL),
  (108, 'Administrator', 'User 1', 5, 3, 2, NULL, '\0', 9, 8, '2011-07-02 00:00:00', '2011-07-02 08:00:00', '2011-07-02 17:00:00', '', NULL, NULL, 0.00, False, NULL),
  (109, 'Administrator', 'Temp 1', 5, 3, 2, NULL, '\0', 8, 8, '2011-07-05 00:00:00', '2011-07-05 08:00:00', '2011-07-05 17:00:00', '', NULL, NULL, 0.00, False, NULL),
  (110, 'Administrator', 'User 2', 5, 3, 2, NULL, '\0', 0, 8, '2011-07-07 00:00:00', '2011-07-07 08:00:00', '2011-07-07 17:00:00', '', NULL, NULL, 0.00, False, NULL),
  (111, 'Administrator', 'Temp 2', 5, 2, 1, NULL, '\0', 0, 8, '2011-07-07 00:00:00', '2011-07-07 08:00:00', '2011-07-07 17:00:00', '', NULL, NULL, 0.00, False, NULL),
  (112, 'Administrator', 'User 1', 5, 2, 1, NULL, '\0', 9, 8, '2011-06-06 00:00:00', '2011-06-06 08:00:00', '2011-06-06 17:00:00', '', NULL, NULL, 0.00, False, NULL);
/*!40000 ALTER TABLE timesheet
                 ENABLE KEYS */;

-- 
-- Dumping data for table worklog
--
/*!40000 ALTER TABLE worklog
                 DISABLE KEYS */;
INSERT INTO worklog VALUES 
  (178, 'Administrator', NULL, NULL, NULL, 'F', 100.00, 0.00, 1.00, '2011-08-09 00:00:00', '2011-08-09 00:00:00', '2011-08-09 00:00:00', ''),
  (179, 'Administrator', NULL, NULL, NULL, 'H', 100.00, 9.00, 0.00, '2011-08-06 00:00:00', '2011-08-06 04:00:00', '2011-08-06 13:00:00', ''),
  (180, 'Administrator', NULL, NULL, NULL, 'F', 100.00, 0.00, 1.00, '2011-08-08 00:00:00', '2011-08-08 00:00:00', '2011-08-08 00:00:00', ''),
  (181, 'Administrator', NULL, NULL, NULL, 'F', 100.00, 0.00, 1.00, '2011-08-08 00:00:00', '2011-08-08 00:00:00', '2011-08-08 00:00:00', ''),
  (182, 'Administrator', NULL, NULL, NULL, 'H', 100.00, 3.00, 0.00, '2011-08-08 00:00:00', '2011-08-08 10:00:00', '2011-08-08 13:00:00', ''),
  (183, 'Administrator', NULL, NULL, NULL, 'F', 100.00, 0.00, 1.00, '2011-08-09 00:00:00', '2011-08-09 00:00:00', '2011-08-09 00:00:00', ''),
  (184, 'Administrator', NULL, NULL, NULL, 'H', 100.00, 15.00, 0.00, '2011-08-09 00:00:00', '2011-08-09 01:00:00', '2011-08-09 16:00:00', ''),
  (185, 'Administrator', NULL, NULL, NULL, 'F', 100.00, 0.00, 1.00, '2011-08-10 00:00:00', '2011-08-10 00:00:00', '2011-08-10 00:00:00', ''),
  (186, 'Administrator', NULL, NULL, NULL, 'F', 100.00, 0.00, 1.00, '2011-08-10 00:00:00', '2011-08-10 00:00:00', '2011-08-10 00:00:00', ''),
  (187, 'Administrator', NULL, NULL, NULL, 'H', 100.00, 6.00, 0.00, '2011-08-08 00:00:00', '2011-08-08 10:00:00', '2011-08-08 16:00:00', ''),
  (188, 'Administrator', NULL, NULL, NULL, 'F', 100.00, 0.00, 1.00, '2011-08-10 00:00:00', '2011-08-10 00:00:00', '2011-08-10 00:00:00', ''),
  (189, 'Administrator', NULL, NULL, NULL, 'H', 100.00, 6.00, 0.00, '2011-08-10 00:00:00', '2011-08-10 11:00:00', '2011-08-10 17:00:00', ''),
  (190, 'Administrator', NULL, NULL, NULL, 'F', 100.00, 0.00, 1.00, '2011-08-08 00:00:00', '2011-08-08 00:00:00', '2011-08-08 00:00:00', ''),
  (191, 'Administrator', NULL, NULL, NULL, 'H', 100.00, 12.00, 0.00, '2011-08-09 00:00:00', '2011-08-09 04:00:00', '2011-08-09 16:00:00', ''),
  (192, 'Administrator', NULL, NULL, NULL, 'H', 100.00, 8.00, 0.00, '2011-08-09 00:00:00', '2011-08-09 11:00:00', '2011-08-09 19:00:00', ''),
  (193, 'Administrator', NULL, NULL, NULL, 'F', 100.00, 0.00, 1.00, '2011-08-10 00:00:00', '2011-08-10 00:00:00', '2011-08-10 00:00:00', ''),
  (194, 'Administrator', NULL, NULL, NULL, 'H', 100.00, 8.00, 0.00, '2011-08-05 00:00:00', '2011-08-05 06:00:00', '2011-08-05 14:00:00', ''),
  (195, 'Administrator', NULL, NULL, NULL, 'F', 100.00, 0.00, 1.00, '2011-08-10 00:00:00', '2011-08-10 00:00:00', '2011-08-10 00:00:00', ''),
  (196, 'Administrator', NULL, NULL, NULL, 'H', 100.00, 6.00, 0.00, '2011-08-10 00:00:00', '2011-08-10 07:00:00', '2011-08-10 13:00:00', ''),
  (197, 'Administrator', NULL, NULL, NULL, 'H', 100.00, 3.00, 0.00, '2011-08-05 00:00:00', '2011-08-05 10:00:00', '2011-08-05 13:00:00', ''),
  (198, 'Administrator', NULL, NULL, NULL, 'F', 100.00, 0.00, 1.00, '2011-08-09 00:00:00', '2011-08-09 00:00:00', '2011-08-09 00:00:00', ''),
  (199, 'Administrator', NULL, NULL, NULL, 'H', 100.00, 6.00, 0.00, '2011-08-08 00:00:00', '2011-08-08 07:00:00', '2011-08-08 13:00:00', ''),
  (200, 'Administrator', NULL, NULL, NULL, 'H', 100.00, 6.00, 0.00, '2011-08-09 00:00:00', '2011-08-09 10:00:00', '2011-08-09 16:00:00', ''),
  (201, 'Administrator', NULL, NULL, NULL, 'F', 100.00, 0.00, 1.00, '2011-08-09 00:00:00', '2011-08-09 00:00:00', '2011-08-09 00:00:00', ''),
  (202, 'Administrator', NULL, NULL, NULL, 'H', 100.00, 12.00, 0.00, '2011-08-08 00:00:00', '2011-08-08 04:00:00', '2011-08-08 16:00:00', ''),
  (203, 'Administrator', NULL, NULL, NULL, 'F', 100.00, 0.00, 1.00, '2011-08-09 00:00:00', '2011-08-09 00:00:00', '2011-08-09 00:00:00', ''),
  (204, 'Administrator', NULL, NULL, NULL, 'F', 100.00, 0.00, 1.00, '2011-08-09 00:00:00', '2011-08-09 00:00:00', '2011-08-09 00:00:00', ''),
  (205, 'Administrator', NULL, NULL, NULL, 'H', 100.00, 9.00, 0.00, '2011-08-09 00:00:00', '2011-08-09 07:00:00', '2011-08-09 16:00:00', ''),
  (206, 'Administrator', NULL, NULL, NULL, 'F', 100.00, 0.00, 1.00, '2011-08-09 00:00:00', '2011-08-09 00:00:00', '2011-08-09 00:00:00', ''),
  (207, 'Administrator', NULL, NULL, NULL, 'H', 100.00, 6.00, 0.00, '2011-08-05 00:00:00', '2011-08-05 07:00:00', '2011-08-05 13:00:00', ''),
  (208, 'Administrator', NULL, NULL, NULL, 'F', 100.00, 0.00, 1.00, '2011-08-09 00:00:00', '2011-08-09 00:00:00', '2011-08-09 00:00:00', ''),
  (209, 'Administrator', NULL, NULL, NULL, 'F', 100.00, 0.00, 1.00, '2011-08-10 00:00:00', '2011-08-10 00:00:00', '2011-08-10 00:00:00', ''),
  (210, 'Administrator', NULL, NULL, NULL, 'F', 100.00, 0.00, 1.00, '2011-08-11 00:00:00', '2011-08-11 00:00:00', '2011-08-11 00:00:00', ''),
  (211, 'Administrator', NULL, NULL, NULL, 'F', 100.00, 0.00, 1.00, '2011-08-09 00:00:00', '2011-08-09 00:00:00', '2011-08-09 00:00:00', ''),
  (212, 'Administrator', NULL, NULL, NULL, 'H', 100.00, 4.00, 0.00, '2011-08-10 00:00:00', '2011-08-10 10:00:00', '2011-08-10 14:00:00', ''),
  (214, 'Administrator', 5, 2, 5, 'H', 100.00, 9.00, 0.00, '2011-09-19 00:00:00', '2011-09-19 04:00:00', '2011-09-19 13:00:00', ''),
  (215, 'Administrator', 5, 2, 5, 'H', 100.00, 9.00, 0.00, '2011-09-19 00:00:00', '2011-09-19 04:00:00', '2011-09-19 13:00:00', ''),
  (216, 'Administrator', 5, 2, 5, 'H', 100.00, 6.00, 1.00, '2011-09-19 00:00:00', '2011-09-19 07:00:00', '2011-09-19 13:00:00', '');
/*!40000 ALTER TABLE worklog
                 ENABLE KEYS */;

-- 
-- Enable foreign keys
-- 
/*!40014 SET FOREIGN_KEY_CHECKS = @OLD_FOREIGN_KEY_CHECKS */;