﻿-- Script was generated by Devart dbForge Studio for MySQL, Version 5.0.28.0
-- Product home page: http://www.devart.com/dbforge/mysql/studio
-- Script date 8/4/2011 12:26:29 AM
-- Server version: 5.5.8
-- Client version: 4.1

-- 
-- Disable foreign keys
-- 
/*!40014 SET @OLD_FOREIGN_KEY_CHECKS=@@FOREIGN_KEY_CHECKS, FOREIGN_KEY_CHECKS=0 */;

-- 
-- Set character set the client will use to send SQL statements to the server
--
SET NAMES 'utf8';

-- 
-- Set default database
--
USE atgaar;

-- 
-- Dumping data for table aspnet_membership
--
/*!40000 ALTER TABLE aspnet_membership
                 DISABLE KEYS */;
INSERT INTO aspnet_membership VALUES 
  ('19d41cdd-a8d2-4ace-b420-e0c8200cbd1a', 'wlwkhp85ZAVEFW1B9hpG4kjtnF4=', 'qvD36Kc2WherEoG+ZfaBUg==', 1, 'jason.perry@cox.net', 'What is your best friend''s first name?', 'JnyfTg1zTblkc07o82EVnLeirS0=', NULL, 1, 0, '2011-05-22 23:05:12', '2011-05-25 23:59:28', '2011-05-26 00:00:15', '2011-05-22 23:05:12', 0, NULL, 0, NULL),
  ('52e5dfb4-34a3-4214-97fd-b5dd0b5c99f7', 'kJpbs9DRBk9nIBVM/PuBEHIq0s8=', '4D96OgMc4CUk9JibySBUrg==', 1, 'jason.perry@cox.net', 'What is your best friend''s first name?', 'akHhN3lNAGVpxRThNfp1+I3g1EU=', NULL, 1, 0, '2011-07-31 17:24:36', '2011-08-04 00:20:10', '2011-07-31 17:25:13', '2011-07-31 17:24:36', 0, NULL, NULL, NULL),
  ('56eda2b0-e06e-4a5d-9851-fa4bdf76aa7d', 'a/54mCE+CCuYqbjgngujZ4T5aW8=', 'f5SVRyHnZfT8BkYHjbhdqQ==', 1, 'jason.perry@cox.net', 'What is your first pet''s name?', 'JD+8tSMhWQTZJohcPyj5bQSFXQQ=', NULL, 1, 0, '2011-05-01 16:32:02', '2011-06-01 18:38:38', '2011-06-01 18:39:02', '2011-05-01 16:32:02', 0, NULL, 1, '2011-06-01 18:40:16'),
  ('7730b18e-589c-4b8e-8825-8bc24ba3b00d', 'C1aIy59+ytkJoNVajJA2hbKl6BU=', '3Ob2fv9of8JvnnYNjfllzg==', 1, 'jason.perry@cox.net', 'What was your favorite childhood toy?', 'a9krG4yIQ3noMfoIHdBzxh6hkro=', NULL, 1, 0, '2011-05-22 23:58:45', '2011-05-26 23:20:51', '2011-05-26 23:21:12', '2011-05-22 23:58:45', 0, NULL, 0, NULL),
  ('d8324c9e-840f-47d6-9609-1c7d964f3c30', 'YB7tc+xAnAUr05ioIuPcRYjwAYw=', 's/RbHECXDgbeCoUtEJyRwg==', 1, 'jason.perry@cox.net', 'no question', 'dDLHCzWV0QhRwV+I2muTuDtM210=', NULL, 1, 0, '2011-05-27 00:19:45', '2011-05-27 00:19:45', '2011-05-27 00:19:45', '2011-05-27 00:19:45', NULL, NULL, NULL, NULL),
  ('dd1666ce-78cc-423f-b810-a026880a1448', 'JVWM6rx7U99ZOgr0rsfuaZIBFgA=', '3aAd0EW06eBRt3X2TsTSIw==', 1, 'jason.perry@cox.net', 'What is your best friend''s first name?', 'pMLe4XmE0MPFPLk1QtKghACI660=', NULL, 1, 0, '2011-05-23 00:01:32', '2011-08-04 00:21:27', '2011-05-25 23:38:24', '2011-05-23 00:01:32', 0, '2011-05-25 23:31:36', NULL, NULL);
/*!40000 ALTER TABLE aspnet_membership
                 ENABLE KEYS */;

-- 
-- Dumping data for table aspnet_personalization
--
-- Table does not contain any data (it is empty)

-- 
-- Dumping data for table aspnet_profiles
--
/*!40000 ALTER TABLE aspnet_profiles
                 DISABLE KEYS */;
INSERT INTO aspnet_profiles VALUES 
  ('56eda2b0-e06e-4a5d-9851-fa4bdf76aa7d', x'43006F006D00700061006E0079006400690076006900730069006F006E00690064003A0053003A0030003A0031003A0043007500730074006F006D0065007200690064003A0053003A0031003A0031003A00440065006600610075006C007400530075006D006D00610072007900520061006E00670065003A0053003A0032003A0033003A0043007500730074006F006D00650072006400650073006300720069007000740069006F006E003A0053003A0035003A00310035003A0043006F006D00700061006E0079006400690076006900730069006F006E006C006F0063006100740069006F006E003A0053003A00320030003A00310030003A0053006900740065005400680065006D0065003A0053003A00330030003A0035003A0043006F006D00700061006E0079006400690076006900730069006F006E006400650073006300720069007000740069006F006E003A0053003A00330035003A00310037003A00', x'350032003100320030004600650064006500720061006C00200045007800700072006500730073004C006F00750069007300760069006C006C00650046006500640045007800540065006E006500730073006500650020004400690076006900730069006F006E00', x'', '2011-06-23 22:41:50'),
  ('19d41cdd-a8d2-4ace-b420-e0c8200cbd1a', x'43006F006D00700061006E0079006400690076006900730069006F006E00690064003A0053003A0030003A0031003A0043007500730074006F006D0065007200690064003A0053003A0031003A0031003A00440065006600610075006C007400530075006D006D00610072007900520061006E00670065003A0053003A0032003A0033003A0043007500730074006F006D00650072006400650073006300720069007000740069006F006E003A0053003A0035003A00310035003A0053006900740065005400680065006D0065003A0053003A00320030003A0035003A0043006F006D00700061006E0079006400690076006900730069006F006E006400650073006300720069007000740069006F006E003A0053003A00320035003A00310037003A00', x'350032003100320030004600650064006500720061006C002000450078007000720065007300730046006500640045007800540065006E006500730073006500650020004400690076006900730069006F006E00', x'', '2011-06-23 22:41:58'),
  ('7730b18e-589c-4b8e-8825-8bc24ba3b00d', x'43006F006D00700061006E0079006400690076006900730069006F006E00690064003A0053003A0030003A0031003A0043007500730074006F006D0065007200690064003A0053003A0031003A0031003A00440065006600610075006C007400530075006D006D00610072007900520061006E00670065003A0053003A0032003A0033003A0043007500730074006F006D00650072006400650073006300720069007000740069006F006E003A0053003A0035003A00310035003A0043006F006D00700061006E0079006400690076006900730069006F006E006C006F0063006100740069006F006E003A0053003A00320030003A0038003A0053006900740065005400680065006D0065003A0053003A00320038003A0035003A0043006F006D00700061006E0079006400690076006900730069006F006E006400650073006300720069007000740069006F006E003A0053003A00330033003A00310037003A00', x'350032003100320030004600650064006500720061006C00200045007800700072006500730073005400650073007400200032002000610046006500640045007800540065006E006500730073006500650020004400690076006900730069006F006E00', x'', '2011-06-23 22:41:55'),
  ('dd1666ce-78cc-423f-b810-a026880a1448', x'43006F006D00700061006E0079006400690076006900730069006F006E00690064003A0053003A0030003A0031003A0043007500730074006F006D0065007200690064003A0053003A0031003A0031003A00440065006600610075006C007400530075006D006D00610072007900520061006E00670065003A0053003A0032003A0033003A0043007500730074006F006D00650072006400650073006300720069007000740069006F006E003A0053003A0035003A00310035003A0053006900740065005400680065006D0065003A0053003A00320030003A0034003A0043006F006D00700061006E0079006400690076006900730069006F006E006400650073006300720069007000740069006F006E003A0053003A00320034003A00310037003A00', x'350032003100320030004600650064006500720061006C002000450078007000720065007300730043006F0072007000540065006E006500730073006500650020004400690076006900730069006F006E00', x'', '2011-08-04 00:21:28'),
  ('d8324c9e-840f-47d6-9609-1c7d964f3c30', x'43006F006D00700061006E0079006400690076006900730069006F006E00690064003A0053003A0030003A0031003A0043007500730074006F006D0065007200690064003A0053003A0031003A0031003A0043007500730074006F006D00650072006400650073006300720069007000740069006F006E003A0053003A0032003A00310035003A0053006900740065005400680065006D0065003A0053003A00310037003A0035003A0043006F006D00700061006E0079006400690076006900730069006F006E006400650073006300720069007000740069006F006E003A0053003A00320032003A00310037003A00', x'350032004600650064006500720061006C002000450078007000720065007300730046006500640045007800540065006E006500730073006500650020004400690076006900730069006F006E00', x'', '2011-05-27 00:19:49'),
  ('52e5dfb4-34a3-4214-97fd-b5dd0b5c99f7', x'43006F006D00700061006E0079006400690076006900730069006F006E00690064003A0053003A0030003A0031003A0043007500730074006F006D0065007200690064003A0053003A0031003A0031003A00440065006600610075006C007400530075006D006D00610072007900520061006E00670065003A0053003A0032003A0033003A0043007500730074006F006D00650072006400650073006300720069007000740069006F006E003A0053003A0035003A00310035003A0053006900740065005400680065006D0065003A0053003A00320030003A0035003A0043006F006D00700061006E0079006400690076006900730069006F006E006400650073006300720069007000740069006F006E003A0053003A00320035003A00310037003A00', x'350032003100320030004600650064006500720061006C002000450078007000720065007300730046006500640045007800540065006E006500730073006500650020004400690076006900730069006F006E00', x'', '2011-08-04 00:20:21');
/*!40000 ALTER TABLE aspnet_profiles
                 ENABLE KEYS */;

-- 
-- Dumping data for table aspnet_roles
--
/*!40000 ALTER TABLE aspnet_roles
                 DISABLE KEYS */;
INSERT INTO aspnet_roles VALUES 
  ('/AirToGroundWebSite', 'aeab8b31-a729-4bab-a0c5-6e53edd30c97', 'Administrator'),
  ('/AirToGroundWebSite', 'a338b5c0-9e71-4ad6-a26a-938b5ab5a77a', 'Code Table Editor'),
  ('/AirToGroundWebSite', 'e38ae175-95a1-43cd-8a64-dd6bc786b7d4', 'Corporate User'),
  ('/AirToGroundWebSite', '0295b02b-8145-4bdb-bba7-cc380c684854', 'Customer'),
  ('/AirToGroundWebSite', '41c11780-5d6a-46ca-9dfa-0bdb35cb7339', 'Export - General Exporting'),
  ('/AirToGroundWebSite', 'bb809e4b-30c4-4c00-8ab2-8c545eccda42', 'Export Equipment List'),
  ('/AirToGroundWebSite', '85d01e47-bf90-431e-a7d1-9c647209c6cb', 'Export Equipment Schedule'),
  ('/AirToGroundWebSite', '7be639de-9a96-4fc2-849d-794ea97476bd', 'Export Users'),
  ('/AirToGroundWebSite', '6de77464-6c2d-43e9-874f-45d6fe23ef29', 'Run Equipment Reports'),
  ('/AirToGroundWebSite', 'a47d4bae-b106-48ee-97cd-7349326fc19b', 'Run Revenue Reports'),
  ('/AirToGroundWebSite', 'aa97e103-ad5d-4624-82d1-8fa9686e7228', 'Run Work Reports'),
  ('/AirToGroundWebSite', 'd15734bc-1c68-4de9-a103-a1902ca45484', 'User Security');
/*!40000 ALTER TABLE aspnet_roles
                 ENABLE KEYS */;

-- 
-- Dumping data for table aspnet_sessions
--
-- Table does not contain any data (it is empty)

-- 
-- Dumping data for table aspnet_sitemap
--
-- Table does not contain any data (it is empty)

-- 
-- Dumping data for table aspnet_users
--
/*!40000 ALTER TABLE aspnet_users
                 DISABLE KEYS */;
INSERT INTO aspnet_users VALUES 
  ('19d41cdd-a8d2-4ace-b420-e0c8200cbd1a', '/AirToGroundWebSite', 'Temp 1', '2011-05-26 22:45:30', 0),
  ('52e5dfb4-34a3-4214-97fd-b5dd0b5c99f7', '/AirToGroundWebSite', 'Customer', '2011-08-04 00:20:10', 0),
  ('56eda2b0-e06e-4a5d-9851-fa4bdf76aa7d', '/AirToGroundWebSite', 'User 1', '2011-06-01 18:38:38', 0),
  ('7730b18e-589c-4b8e-8825-8bc24ba3b00d', '/AirToGroundWebSite', 'Temp 2', '2011-05-26 23:20:51', 0),
  ('d8324c9e-840f-47d6-9609-1c7d964f3c30', '/AirToGroundWebSite', 'User 2', '2011-05-27 00:19:45', 0),
  ('dd1666ce-78cc-423f-b810-a026880a1448', '/AirToGroundWebSite', 'Administrator', '2011-08-04 00:21:27', 0);
/*!40000 ALTER TABLE aspnet_users
                 ENABLE KEYS */;

-- 
-- Dumping data for table aspnet_usersinroles
--
/*!40000 ALTER TABLE aspnet_usersinroles
                 DISABLE KEYS */;
INSERT INTO aspnet_usersinroles VALUES 
  ('dd1666ce-78cc-423f-b810-a026880a1448', '41c11780-5d6a-46ca-9dfa-0bdb35cb7339'),
  ('19d41cdd-a8d2-4ace-b420-e0c8200cbd1a', '6de77464-6c2d-43e9-874f-45d6fe23ef29'),
  ('52e5dfb4-34a3-4214-97fd-b5dd0b5c99f7', '6de77464-6c2d-43e9-874f-45d6fe23ef29'),
  ('dd1666ce-78cc-423f-b810-a026880a1448', '6de77464-6c2d-43e9-874f-45d6fe23ef29'),
  ('dd1666ce-78cc-423f-b810-a026880a1448', '7be639de-9a96-4fc2-849d-794ea97476bd'),
  ('dd1666ce-78cc-423f-b810-a026880a1448', '85d01e47-bf90-431e-a7d1-9c647209c6cb'),
  ('52e5dfb4-34a3-4214-97fd-b5dd0b5c99f7', 'a338b5c0-9e71-4ad6-a26a-938b5ab5a77a'),
  ('56eda2b0-e06e-4a5d-9851-fa4bdf76aa7d', 'a338b5c0-9e71-4ad6-a26a-938b5ab5a77a'),
  ('7730b18e-589c-4b8e-8825-8bc24ba3b00d', 'a338b5c0-9e71-4ad6-a26a-938b5ab5a77a'),
  ('d8324c9e-840f-47d6-9609-1c7d964f3c30', 'a338b5c0-9e71-4ad6-a26a-938b5ab5a77a'),
  ('dd1666ce-78cc-423f-b810-a026880a1448', 'a338b5c0-9e71-4ad6-a26a-938b5ab5a77a'),
  ('19d41cdd-a8d2-4ace-b420-e0c8200cbd1a', 'a47d4bae-b106-48ee-97cd-7349326fc19b'),
  ('52e5dfb4-34a3-4214-97fd-b5dd0b5c99f7', 'a47d4bae-b106-48ee-97cd-7349326fc19b'),
  ('dd1666ce-78cc-423f-b810-a026880a1448', 'a47d4bae-b106-48ee-97cd-7349326fc19b'),
  ('19d41cdd-a8d2-4ace-b420-e0c8200cbd1a', 'aa97e103-ad5d-4624-82d1-8fa9686e7228'),
  ('52e5dfb4-34a3-4214-97fd-b5dd0b5c99f7', 'aa97e103-ad5d-4624-82d1-8fa9686e7228'),
  ('dd1666ce-78cc-423f-b810-a026880a1448', 'aa97e103-ad5d-4624-82d1-8fa9686e7228'),
  ('19d41cdd-a8d2-4ace-b420-e0c8200cbd1a', 'aeab8b31-a729-4bab-a0c5-6e53edd30c97'),
  ('52e5dfb4-34a3-4214-97fd-b5dd0b5c99f7', 'aeab8b31-a729-4bab-a0c5-6e53edd30c97'),
  ('7730b18e-589c-4b8e-8825-8bc24ba3b00d', 'aeab8b31-a729-4bab-a0c5-6e53edd30c97'),
  ('d8324c9e-840f-47d6-9609-1c7d964f3c30', 'aeab8b31-a729-4bab-a0c5-6e53edd30c97'),
  ('dd1666ce-78cc-423f-b810-a026880a1448', 'aeab8b31-a729-4bab-a0c5-6e53edd30c97'),
  ('dd1666ce-78cc-423f-b810-a026880a1448', 'bb809e4b-30c4-4c00-8ab2-8c545eccda42'),
  ('52e5dfb4-34a3-4214-97fd-b5dd0b5c99f7', 'd15734bc-1c68-4de9-a103-a1902ca45484'),
  ('7730b18e-589c-4b8e-8825-8bc24ba3b00d', 'd15734bc-1c68-4de9-a103-a1902ca45484'),
  ('d8324c9e-840f-47d6-9609-1c7d964f3c30', 'd15734bc-1c68-4de9-a103-a1902ca45484'),
  ('dd1666ce-78cc-423f-b810-a026880a1448', 'd15734bc-1c68-4de9-a103-a1902ca45484'),
  ('56eda2b0-e06e-4a5d-9851-fa4bdf76aa7d', 'e38ae175-95a1-43cd-8a64-dd6bc786b7d4'),
  ('7730b18e-589c-4b8e-8825-8bc24ba3b00d', 'e38ae175-95a1-43cd-8a64-dd6bc786b7d4'),
  ('d8324c9e-840f-47d6-9609-1c7d964f3c30', 'e38ae175-95a1-43cd-8a64-dd6bc786b7d4'),
  ('dd1666ce-78cc-423f-b810-a026880a1448', 'e38ae175-95a1-43cd-8a64-dd6bc786b7d4');
/*!40000 ALTER TABLE aspnet_usersinroles
                 ENABLE KEYS */;

-- 
-- Dumping data for table aspnet_webevent_events
--
-- Table does not contain any data (it is empty)

-- 
-- Enable foreign keys
-- 
/*!40014 SET FOREIGN_KEY_CHECKS = @OLD_FOREIGN_KEY_CHECKS */;