﻿-- Script was generated by Devart dbForge Studio for MySQL, Version 4.50.335.0
-- Script date 1/24/2012 12:37:40 AM
-- Server version: 5.1.56-community
-- Client version: 4.1

-- 
-- Disable foreign keys
-- 
/*!40014 SET @OLD_FOREIGN_KEY_CHECKS=@@FOREIGN_KEY_CHECKS, FOREIGN_KEY_CHECKS=0 */;

-- 
-- Set character set the client will use to send SQL statements to the server
--
SET NAMES 'utf8';

-- 
-- Set default database
--
USE atg;

--
-- Definition for table aspnet_personalization
--
DROP TABLE IF EXISTS aspnet_personalization;
CREATE TABLE aspnet_personalization (
  userid VARCHAR(40) NOT NULL,
  path VARCHAR(255) DEFAULT NULL,
  applicationname VARCHAR(255) DEFAULT NULL,
  personalizationblob BLOB DEFAULT NULL,
  INDEX aspnet_personalization_userid_fk (userid),
  UNIQUE INDEX INDEX_ASPNET_PERSONALIZATION (userid, path, applicationname)
)
ENGINE = INNODB
CHARACTER SET latin1
COLLATE latin1_swedish_ci;

--
-- Definition for table aspnet_roles
--
DROP TABLE IF EXISTS aspnet_roles;
CREATE TABLE aspnet_roles (
  applicationname VARCHAR(255) NOT NULL,
  roleid VARCHAR(40) DEFAULT '',
  rolename VARCHAR(245) NOT NULL,
  PRIMARY KEY (roleid),
  UNIQUE INDEX aspnet_roles_rolename_key (rolename, applicationname)
)
ENGINE = INNODB
AVG_ROW_LENGTH = 963
CHARACTER SET latin1
COLLATE latin1_swedish_ci;

--
-- Definition for table aspnet_sessions
--
DROP TABLE IF EXISTS aspnet_sessions;
CREATE TABLE aspnet_sessions (
  sessionid VARCHAR(80) DEFAULT '',
  applicationname VARCHAR(255) DEFAULT '',
  created DATETIME NOT NULL,
  expires DATETIME NOT NULL,
  lockdate DATETIME NOT NULL,
  lockid DECIMAL(10, 0) NOT NULL,
  timeout DECIMAL(10, 0) NOT NULL,
  locked TINYINT(4) NOT NULL,
  sessionitems LONGTEXT DEFAULT NULL,
  flags DECIMAL(10, 0) NOT NULL,
  PRIMARY KEY (sessionid, applicationname)
)
ENGINE = INNODB
CHARACTER SET latin1
COLLATE latin1_swedish_ci;

--
-- Definition for table aspnet_sitemap
--
DROP TABLE IF EXISTS aspnet_sitemap;
CREATE TABLE aspnet_sitemap (
  nodeid INT(11) NOT NULL DEFAULT 0,
  applicationname VARCHAR(255) DEFAULT '',
  url VARCHAR(4096) DEFAULT NULL,
  name VARCHAR(255) DEFAULT NULL,
  description VARCHAR(512) DEFAULT NULL,
  roles VARCHAR(512) DEFAULT NULL,
  parentnodeid INT(11) DEFAULT NULL,
  orderid INT(11) DEFAULT NULL,
  PRIMARY KEY (nodeid, applicationname),
  INDEX aspnet_sitemap_nodeid_fk (parentnodeid, applicationname),
  CONSTRAINT aspnet_sitemap_nodeid_fk FOREIGN KEY (parentnodeid, applicationname)
    REFERENCES aspnet_sitemap(nodeid, applicationname) ON DELETE RESTRICT ON UPDATE RESTRICT
)
ENGINE = INNODB
CHARACTER SET latin1
COLLATE latin1_swedish_ci;

--
-- Definition for table aspnet_users
--
DROP TABLE IF EXISTS aspnet_users;
CREATE TABLE aspnet_users (
  userid VARCHAR(40) DEFAULT '',
  applicationname VARCHAR(255) NOT NULL,
  username VARCHAR(245) DEFAULT NULL,
  lastactivitydate DATETIME DEFAULT NULL,
  isanonymous TINYINT(4) DEFAULT NULL,
  PRIMARY KEY (userid),
  UNIQUE INDEX aspnet_users_username_pk (username, applicationname)
)
ENGINE = INNODB
AVG_ROW_LENGTH = 106
CHARACTER SET latin1
COLLATE latin1_swedish_ci;

--
-- Definition for table aspnet_webevent_events
--
DROP TABLE IF EXISTS aspnet_webevent_events;
CREATE TABLE aspnet_webevent_events (
  eventid CHAR(32) DEFAULT '',
  eventtimeutc DATETIME NOT NULL,
  eventtime DATETIME NOT NULL,
  eventtype VARCHAR(256) DEFAULT NULL,
  eventsequence DECIMAL(19, 0) NOT NULL,
  eventoccurrence DECIMAL(19, 0) NOT NULL,
  eventcode INT(11) NOT NULL,
  eventdetailcode INT(11) NOT NULL,
  message VARCHAR(1024) DEFAULT NULL,
  applicationpath VARCHAR(256) DEFAULT NULL,
  applicationvirtualpath VARCHAR(256) DEFAULT NULL,
  machinename VARCHAR(256) DEFAULT NULL,
  requesturl VARCHAR(1024) DEFAULT NULL,
  exceptiontype VARCHAR(256) DEFAULT NULL,
  details LONGTEXT DEFAULT NULL,
  PRIMARY KEY (eventid)
)
ENGINE = INNODB
CHARACTER SET latin1
COLLATE latin1_swedish_ci;

--
-- Definition for table customer
--
DROP TABLE IF EXISTS customer;
CREATE TABLE customer (
  CustomerId INT(11) NOT NULL AUTO_INCREMENT,
  Description VARCHAR(30) NOT NULL,
  SiteTheme VARCHAR(15) NOT NULL,
  NonRoutineHourlyRate FLOAT(8, 2) NOT NULL DEFAULT 0.00,
  PRIMARY KEY (CustomerId)
)
ENGINE = INNODB
AUTO_INCREMENT = 5
AVG_ROW_LENGTH = 5461
CHARACTER SET latin1
COLLATE latin1_swedish_ci;

--
-- Definition for table divisionarea
--
DROP TABLE IF EXISTS divisionarea;
CREATE TABLE divisionarea (
  DivisionAreaId INT(11) NOT NULL AUTO_INCREMENT,
  Description VARCHAR(30) NOT NULL,
  PRIMARY KEY (DivisionAreaId)
)
ENGINE = INNODB
AUTO_INCREMENT = 5
AVG_ROW_LENGTH = 8192
CHARACTER SET latin1
COLLATE latin1_swedish_ci;

--
-- Definition for table equipmentstatuslog
--
DROP TABLE IF EXISTS equipmentstatuslog;
CREATE TABLE equipmentstatuslog (
  EquipmentStatusLogId INT(11) NOT NULL AUTO_INCREMENT,
  EquipmentId INT(11) NOT NULL,
  Status VARCHAR(30) NOT NULL,
  StatusReason VARCHAR(100) NOT NULL,
  StatusDate DATETIME NOT NULL,
  StatusBy VARCHAR(245) NOT NULL,
  StatusNotes VARCHAR(255) DEFAULT NULL,
  UnHoldDate DATETIME DEFAULT NULL,
  UnHoldBy VARCHAR(245) DEFAULT NULL,
  UnHoldNotes VARCHAR(255) DEFAULT NULL,
  ReturnDate DATETIME DEFAULT NULL,
  PRIMARY KEY (EquipmentStatusLogId),
  INDEX IX_equipmentstatuslog_EquipmentId (EquipmentId)
)
ENGINE = INNODB
AUTO_INCREMENT = 1
CHARACTER SET latin1
COLLATE latin1_swedish_ci;

--
-- Definition for table extendeduser
--
DROP TABLE IF EXISTS extendeduser;
CREATE TABLE extendeduser (
  UserName VARCHAR(245),
  UpdUserName VARCHAR(245) NOT NULL,
  EmployeeNumber VARCHAR(20) NOT NULL,
  LastName VARCHAR(30) NOT NULL,
  FirstName VARCHAR(30) NOT NULL,
  SalaryAmount FLOAT(8, 2) NOT NULL DEFAULT 0.00,
  HourlyRate FLOAT(8, 2) NOT NULL DEFAULT 0.00,
  UseCA24HourRule BIT(1) NOT NULL DEFAULT b'0',
  PRIMARY KEY (UserName),
  UNIQUE INDEX UK_ExtendedUser_EmployeeNumber (EmployeeNumber),
  UNIQUE INDEX UK_extendeduser_UserName (UserName)
)
ENGINE = INNODB
AVG_ROW_LENGTH = 107
CHARACTER SET latin1
COLLATE latin1_swedish_ci;

--
-- Definition for table jobapplication
--
DROP TABLE IF EXISTS jobapplication;
CREATE TABLE jobapplication (
  JobApplicationId INT(11) NOT NULL AUTO_INCREMENT,
  GuidKey VARCHAR(40) NOT NULL,
  CreateDate DATETIME DEFAULT NULL,
  FirstName VARCHAR(30) DEFAULT NULL,
  MiddleName VARCHAR(30) DEFAULT NULL,
  LastName VARCHAR(30) DEFAULT NULL,
  Status VARCHAR(15) DEFAULT NULL,
  StatusDate DATETIME DEFAULT NULL,
  IsCurrentlyEmployed BIT(1) NOT NULL DEFAULT b'0',
  IsSecondJob BIT(1) NOT NULL DEFAULT b'0',
  CanWorkMonday BIT(1) NOT NULL DEFAULT b'0',
  CanWorkTuesday BIT(1) NOT NULL DEFAULT b'0',
  CanWorkWednesday BIT(1) NOT NULL DEFAULT b'0',
  CanWorkThursday BIT(1) NOT NULL DEFAULT b'0',
  CanWorkFriday BIT(1) NOT NULL DEFAULT b'0',
  CanWorkSaturday BIT(1) NOT NULL DEFAULT b'0',
  CanWorkSunday BIT(1) NOT NULL DEFAULT b'0',
  CanWorkFirstShift BIT(1) NOT NULL DEFAULT b'0',
  CanWorkSecondShift BIT(1) NOT NULL DEFAULT b'0',
  CanWorkThirdShift BIT(1) NOT NULL DEFAULT b'0',
  WorkExperience VARCHAR(255) DEFAULT NULL,
  FullTimeOrPartTime CHAR(1) NOT NULL DEFAULT 'F',
  IsAttendingSchool BIT(1) NOT NULL DEFAULT b'0',
  SchoolsAndSchedule VARCHAR(255) DEFAULT NULL,
  HasHeavyEquipExp BIT(1) NOT NULL DEFAULT b'0',
  HeavyEquipExp VARCHAR(255) DEFAULT NULL,
  HasValidDriversLicense BIT(1) NOT NULL DEFAULT b'0',
  HasTransportation BIT(1) NOT NULL DEFAULT b'0',
  SSN VARCHAR(64) DEFAULT NULL,
  CurrentAddress VARCHAR(80) DEFAULT NULL,
  CurrentCity VARCHAR(50) DEFAULT NULL,
  CurrentState CHAR(2) DEFAULT NULL,
  CurrentZip CHAR(5) DEFAULT NULL,
  PermAddress VARCHAR(80) DEFAULT NULL,
  PermCity VARCHAR(50) DEFAULT NULL,
  PermState CHAR(2) DEFAULT NULL,
  PermZip CHAR(5) DEFAULT NULL,
  HasPhysicalLimitations BIT(1) NOT NULL DEFAULT b'0',
  PhysicalLimitations VARCHAR(255) DEFAULT 'None',
  PositionDesired VARCHAR(50) DEFAULT NULL,
  PreferredWorkLocation VARCHAR(20) DEFAULT NULL,
  AlternateWorkLocation VARCHAR(20) DEFAULT NULL,
  PhoneNumber VARCHAR(12) DEFAULT NULL,
  WantsDay BIT(1) NOT NULL DEFAULT b'0',
  WantsNight BIT(1) NOT NULL DEFAULT b'0',
  DateCanStart DATETIME DEFAULT NULL,
  DesiredSalary DOUBLE(9, 2) NOT NULL,
  HasAppliedBefore BIT(1) NOT NULL DEFAULT b'0',
  HasPleadGuilty BIT(1) NOT NULL DEFAULT b'0',
  GuiltyReason VARCHAR(255) DEFAULT NULL,
  IsConvictedOfAFelony BIT(1) NOT NULL DEFAULT b'0',
  FelonyMonth DOUBLE(2, 0) DEFAULT NULL,
  FelonyYear DOUBLE(4, 0) DEFAULT NULL,
  ElemSchoolNameAddr VARCHAR(255) DEFAULT NULL,
  ElemSchoolYears DOUBLE(2, 0) DEFAULT NULL,
  ElemSchoolGrad BIT(1) NOT NULL DEFAULT b'0',
  ElemSchoolSubj VARCHAR(100) DEFAULT NULL,
  MidSchoolNameAddr VARCHAR(255) DEFAULT NULL,
  MidSchoolYears DOUBLE(2, 0) DEFAULT NULL,
  MidSchoolGrad BIT(1) NOT NULL DEFAULT b'0',
  MidSchoolSubj VARCHAR(100) DEFAULT NULL,
  HighSchoolNameAddr VARCHAR(255) DEFAULT NULL,
  HighSchoolYears DOUBLE(2, 0) DEFAULT NULL,
  HighSchoolGrad BIT(1) NOT NULL DEFAULT b'0',
  HighSchoolSubj VARCHAR(100) DEFAULT NULL,
  CollegeNameAddr VARCHAR(255) DEFAULT NULL,
  CollegeYears DOUBLE(2, 0) DEFAULT NULL,
  CollegeGrad BIT(1) NOT NULL DEFAULT b'0',
  CollegeSubj VARCHAR(100) DEFAULT NULL,
  TradeNameAddr VARCHAR(255) DEFAULT NULL,
  TradeYears DOUBLE(2, 0) DEFAULT NULL,
  TradeGrad BIT(1) NOT NULL DEFAULT b'0',
  TradeSubj VARCHAR(100) DEFAULT NULL,
  SpecialStudyOrResearch VARCHAR(255) DEFAULT NULL,
  SpecialSkills VARCHAR(255) DEFAULT NULL,
  Activities VARCHAR(255) DEFAULT NULL,
  MilitaryService VARCHAR(20) DEFAULT NULL,
  Rank VARCHAR(30) DEFAULT NULL,
  NationalGuardOrReserves VARCHAR(20) DEFAULT NULL,
  Emp1FromMonth DOUBLE(2, 0) DEFAULT NULL,
  Emp1FromYear DOUBLE(4, 0) DEFAULT NULL,
  Emp1ToMonth DOUBLE(2, 0) DEFAULT NULL,
  Emp1ToYear DOUBLE(4, 0) DEFAULT NULL,
  Emp1Name VARCHAR(200) DEFAULT NULL,
  Emp1Phone VARCHAR(12) DEFAULT NULL,
  Emp1Position VARCHAR(30) DEFAULT NULL,
  Emp1Salary DOUBLE(9, 2) DEFAULT NULL,
  Emp1Reason VARCHAR(100) DEFAULT NULL,
  Emp2FromMonth DOUBLE(2, 0) DEFAULT NULL,
  Emp2FromYear DOUBLE(4, 0) DEFAULT NULL,
  Emp2ToMonth DOUBLE(2, 0) DEFAULT NULL,
  Emp2ToYear DOUBLE(4, 0) DEFAULT NULL,
  Emp2Name VARCHAR(200) DEFAULT NULL,
  Emp2Phone VARCHAR(12) DEFAULT NULL,
  Emp2Position VARCHAR(30) DEFAULT NULL,
  Emp2Salary DOUBLE(9, 2) DEFAULT NULL,
  Emp2Reason VARCHAR(100) DEFAULT NULL,
  Emp3FromMonth DOUBLE(2, 0) DEFAULT NULL,
  Emp3FromYear DOUBLE(4, 0) DEFAULT NULL,
  Emp3ToMonth DOUBLE(2, 0) DEFAULT NULL,
  Emp3ToYear DOUBLE(4, 0) DEFAULT NULL,
  Emp3Name VARCHAR(200) DEFAULT NULL,
  Emp3Phone VARCHAR(12) DEFAULT NULL,
  Emp3Position VARCHAR(30) DEFAULT NULL,
  Emp3Salary DOUBLE(9, 2) DEFAULT NULL,
  Emp3Reason VARCHAR(100) DEFAULT NULL,
  Emp4FromMonth DOUBLE(2, 0) DEFAULT NULL,
  Emp4FromYear DOUBLE(4, 0) DEFAULT NULL,
  Emp4ToMonth DOUBLE(2, 0) DEFAULT NULL,
  Emp4ToYear DOUBLE(4, 0) DEFAULT NULL,
  Emp4Name VARCHAR(200) DEFAULT NULL,
  Emp4Phone VARCHAR(12) DEFAULT NULL,
  Emp4Position VARCHAR(30) DEFAULT NULL,
  Emp4Salary DOUBLE(9, 2) DEFAULT NULL,
  Emp4Reason VARCHAR(100) DEFAULT NULL,
  Emp5FromMonth DOUBLE(2, 0) DEFAULT NULL,
  Emp5FromYear DOUBLE(4, 0) DEFAULT NULL,
  Emp5ToMonth DOUBLE(2, 0) DEFAULT NULL,
  Emp5ToYear DOUBLE(4, 0) DEFAULT NULL,
  Emp5Name VARCHAR(200) DEFAULT NULL,
  Emp5Phone VARCHAR(12) DEFAULT NULL,
  Emp5Position VARCHAR(30) DEFAULT NULL,
  Emp5Salary DOUBLE(9, 2) DEFAULT NULL,
  Emp5Reason VARCHAR(100) DEFAULT NULL,
  Emp6FromMonth DOUBLE(2, 0) DEFAULT NULL,
  Emp6FromYear DOUBLE(4, 0) DEFAULT NULL,
  Emp6ToMonth DOUBLE(2, 0) DEFAULT NULL,
  Emp6ToYear DOUBLE(4, 0) DEFAULT NULL,
  Emp6Name VARCHAR(200) DEFAULT NULL,
  Emp6Phone VARCHAR(12) DEFAULT NULL,
  Emp6Position VARCHAR(30) DEFAULT NULL,
  Emp6Salary DOUBLE(9, 2) DEFAULT NULL,
  Emp6Reason VARCHAR(100) DEFAULT NULL,
  CanContactEmp BIT(1) NOT NULL DEFAULT b'0',
  CantContactReason VARCHAR(100) DEFAULT NULL,
  Ref1Name VARCHAR(30) DEFAULT NULL,
  Ref1Phone VARCHAR(12) DEFAULT NULL,
  Ref1Business VARCHAR(30) DEFAULT NULL,
  Ref1Years DOUBLE(2, 0) DEFAULT NULL,
  Ref2Name VARCHAR(30) DEFAULT NULL,
  Ref2Phone VARCHAR(12) DEFAULT NULL,
  Ref2Business VARCHAR(30) DEFAULT NULL,
  Ref2Years DOUBLE(2, 0) DEFAULT NULL,
  Ref3Name VARCHAR(30) DEFAULT NULL,
  Ref3Phone VARCHAR(12) DEFAULT NULL,
  Ref3Business VARCHAR(30) DEFAULT NULL,
  Ref3Years DOUBLE(2, 0) DEFAULT NULL,
  ICEContactName VARCHAR(80) DEFAULT NULL,
  ICEContactAddr VARCHAR(100) DEFAULT NULL,
  ICEContactPhone VARCHAR(12) DEFAULT NULL,
  SigDate DATETIME DEFAULT NULL,
  Signature VARCHAR(100) DEFAULT NULL,
  ResultInterviewedBy VARCHAR(30) DEFAULT NULL,
  ResultDate DATETIME DEFAULT NULL,
  ResultRemarks VARCHAR(255) DEFAULT NULL,
  ResultNeatness VARCHAR(50) DEFAULT NULL,
  ResultAbility VARCHAR(50) DEFAULT NULL,
  ResultIsHired BIT(1) DEFAULT b'0',
  ResultPosition VARCHAR(30) DEFAULT NULL,
  ResultDept VARCHAR(30) DEFAULT NULL,
  ResultSalary DOUBLE(9, 2) DEFAULT NULL,
  ResultStartDate DATETIME DEFAULT NULL,
  Result VARCHAR(30) DEFAULT NULL,
  ResultApproval1 VARCHAR(30) DEFAULT NULL,
  ResultApproval2 VARCHAR(30) DEFAULT NULL,
  ResultApproval3 VARCHAR(30) DEFAULT NULL,
  ResultManager VARCHAR(30) DEFAULT NULL,
  ResultDeptHead VARCHAR(30) DEFAULT NULL,
  Is18YearsOld BIT(1) NOT NULL DEFAULT b'0',
  DrugPrintName VARCHAR(80) DEFAULT NULL,
  DrugEmail VARCHAR(80) DEFAULT NULL,
  DrugDate DATETIME DEFAULT NULL,
  ReferredBy VARCHAR(50) DEFAULT NULL,
  PRIMARY KEY (JobApplicationId),
  INDEX IX_jobapplication_CreateDate (CreateDate),
  INDEX IX_jobapplication_Status (Status),
  UNIQUE INDEX UK_jobapplication_GuidKey (GuidKey),
  UNIQUE INDEX UK_jobapplication_JobApplicationId (JobApplicationId)
)
ENGINE = INNODB
AUTO_INCREMENT = 139
AVG_ROW_LENGTH = 1638
CHARACTER SET latin1
COLLATE latin1_swedish_ci;

--
-- Definition for table jobcode
--
DROP TABLE IF EXISTS jobcode;
CREATE TABLE jobcode (
  JobCodeId INT(11) NOT NULL AUTO_INCREMENT,
  Code VARCHAR(30) NOT NULL,
  Description VARCHAR(50) NOT NULL,
  IsActive BIT(1) NOT NULL DEFAULT b'1',
  RequiresWorkCard BIT(1) NOT NULL DEFAULT b'0',
  RequiresTailNumber BIT(1) NOT NULL DEFAULT b'0',
  PRIMARY KEY (JobCodeId),
  INDEX IX_JobCode_JobCode (Code)
)
ENGINE = INNODB
AUTO_INCREMENT = 52
AVG_ROW_LENGTH = 356
CHARACTER SET latin1
COLLATE latin1_swedish_ci;

--
-- Definition for table servicecategory
--
DROP TABLE IF EXISTS servicecategory;
CREATE TABLE servicecategory (
  ServiceCategoryId INT(11) NOT NULL AUTO_INCREMENT,
  Description VARCHAR(50) NOT NULL,
  PRIMARY KEY (ServiceCategoryId),
  UNIQUE INDEX Description (Description)
)
ENGINE = INNODB
AUTO_INCREMENT = 7
AVG_ROW_LENGTH = 3276
CHARACTER SET latin1
COLLATE latin1_swedish_ci;

--
-- Definition for table servicesectionrule
--
DROP TABLE IF EXISTS servicesectionrule;
CREATE TABLE servicesectionrule (
  ServiceSectionRuleId INT(11) NOT NULL AUTO_INCREMENT,
  ServiceId INT(11) NOT NULL,
  SectionId INT(11) NOT NULL,
  TriggerSeq INT(11) NOT NULL,
  RuleAction VARCHAR(2) NOT NULL,
  InGroup BIT(1) NOT NULL DEFAULT b'0',
  PRIMARY KEY (ServiceSectionRuleId),
  INDEX FK_servicesectionrule_servicesection (ServiceId, SectionId),
  INDEX FK_servicesectionrule_servicesectionjoin (SectionId, ServiceId)
)
ENGINE = INNODB
AUTO_INCREMENT = 1
CHARACTER SET latin1
COLLATE latin1_swedish_ci;

--
-- Definition for table aspnet_membership
--
DROP TABLE IF EXISTS aspnet_membership;
CREATE TABLE aspnet_membership (
  userid VARCHAR(40) DEFAULT '',
  `password` VARCHAR(255) DEFAULT NULL,
  passwordsalt VARCHAR(255) DEFAULT NULL,
  passwordformat INT(11) DEFAULT NULL,
  email VARCHAR(255) DEFAULT NULL,
  passwordquestion VARCHAR(255) DEFAULT NULL,
  passwordanswer VARCHAR(255) DEFAULT NULL,
  comments VARCHAR(255) DEFAULT NULL,
  isapproved TINYINT(4) DEFAULT NULL,
  islockedout TINYINT(4) DEFAULT NULL,
  creationdate DATETIME DEFAULT NULL,
  lastlogindate DATETIME DEFAULT NULL,
  lastpasswordchangeddate DATETIME DEFAULT NULL,
  lastlockoutdate DATETIME DEFAULT NULL,
  failedpasswordattemptcount INT(11) DEFAULT NULL,
  failedpasswordattemptstart DATETIME DEFAULT NULL,
  failedpasswordanswercount INT(11) DEFAULT NULL,
  failedpasswordanswerstart DATETIME DEFAULT NULL,
  PRIMARY KEY (userid),
  CONSTRAINT aspnet_membership_userid_ref FOREIGN KEY (userid)
    REFERENCES aspnet_users(userid) ON DELETE CASCADE ON UPDATE RESTRICT
)
ENGINE = INNODB
AVG_ROW_LENGTH = 310
CHARACTER SET latin1
COLLATE latin1_swedish_ci;

--
-- Definition for table aspnet_profiles
--
DROP TABLE IF EXISTS aspnet_profiles;
CREATE TABLE aspnet_profiles (
  userid VARCHAR(40) DEFAULT NULL,
  propertynames LONGBLOB NOT NULL,
  propertyvaluesstring LONGBLOB NOT NULL,
  propertyvaluesbinary LONGBLOB DEFAULT NULL,
  lastupdateddate DATETIME NOT NULL,
  UNIQUE INDEX aspnet_profiles_userid_key (userid),
  CONSTRAINT aspnet_profiles_userid_ref FOREIGN KEY (userid)
    REFERENCES aspnet_users(userid) ON DELETE CASCADE ON UPDATE RESTRICT
)
ENGINE = INNODB
AVG_ROW_LENGTH = 564
CHARACTER SET latin1
COLLATE latin1_swedish_ci;

--
-- Definition for table aspnet_usersinroles
--
DROP TABLE IF EXISTS aspnet_usersinroles;
CREATE TABLE aspnet_usersinroles (
  userid VARCHAR(40) NOT NULL,
  roleid VARCHAR(40) NOT NULL,
  INDEX aspnet_usersinroles_roleid_ref (roleid),
  UNIQUE INDEX useridroleid_key (userid, roleid),
  CONSTRAINT aspnet_usersinroles_roleid_ref FOREIGN KEY (roleid)
    REFERENCES aspnet_roles(roleid) ON DELETE CASCADE ON UPDATE RESTRICT,
  CONSTRAINT aspnet_usersinroles_userid_ref FOREIGN KEY (userid)
    REFERENCES aspnet_users(userid) ON DELETE CASCADE ON UPDATE RESTRICT
)
ENGINE = INNODB
AVG_ROW_LENGTH = 512
CHARACTER SET latin1
COLLATE latin1_swedish_ci;

--
-- Definition for table companycustomerjobjoin
--
DROP TABLE IF EXISTS companycustomerjobjoin;
CREATE TABLE companycustomerjobjoin (
  CompanyDivisionId INT(11) NOT NULL,
  CustomerId INT(11) NOT NULL,
  JobCodeId INT(11) NOT NULL,
  PRIMARY KEY (CompanyDivisionId, CustomerId, JobCodeId),
  INDEX FK_companycustomerjobjoin (CustomerId, CompanyDivisionId),
  INDEX FK_companycustomerjobjoin_jobcode_JobCodeId (JobCodeId),
  CONSTRAINT FK_companycustomerjobjoin_jobcode_JobCodeId FOREIGN KEY (JobCodeId)
    REFERENCES jobcode(JobCodeId) ON DELETE RESTRICT ON UPDATE RESTRICT
)
ENGINE = INNODB
AVG_ROW_LENGTH = 8192
CHARACTER SET latin1
COLLATE latin1_swedish_ci;

--
-- Definition for table companydivision
--
DROP TABLE IF EXISTS companydivision;
CREATE TABLE companydivision (
  CompanyDivisionId INT(11) NOT NULL AUTO_INCREMENT,
  Description VARCHAR(50) NOT NULL,
  Location VARCHAR(30) NOT NULL,
  DivisionAreaId INT(11) NOT NULL,
  PRIMARY KEY (CompanyDivisionId),
  INDEX CompanyDivision_FK_DivisionAreaId (DivisionAreaId),
  CONSTRAINT CompanyDivision_FK_DivisionAreaId FOREIGN KEY (DivisionAreaId)
    REFERENCES divisionarea(DivisionAreaId) ON DELETE RESTRICT ON UPDATE RESTRICT
)
ENGINE = INNODB
AUTO_INCREMENT = 9
AVG_ROW_LENGTH = 4096
CHARACTER SET latin1
COLLATE latin1_swedish_ci;

--
-- Definition for table equipmenttype
--
DROP TABLE IF EXISTS equipmenttype;
CREATE TABLE equipmenttype (
  EquipmentTypeId INT(11) NOT NULL AUTO_INCREMENT,
  CustomerId INT(11) NOT NULL,
  Description VARCHAR(100) NOT NULL,
  PRIMARY KEY (EquipmentTypeId),
  INDEX EquipmentType_FK_Customer (CustomerId),
  CONSTRAINT EquipmentType_FK_Customer FOREIGN KEY (CustomerId)
    REFERENCES customer(CustomerId) ON DELETE RESTRICT ON UPDATE RESTRICT
)
ENGINE = INNODB
AUTO_INCREMENT = 34
AVG_ROW_LENGTH = 1024
CHARACTER SET latin1
COLLATE latin1_swedish_ci;

--
-- Definition for table section
--
DROP TABLE IF EXISTS section;
CREATE TABLE section (
  SectionId INT(11) NOT NULL AUTO_INCREMENT,
  CustomerId INT(11) NOT NULL,
  Description VARCHAR(100) NOT NULL,
  PRIMARY KEY (SectionId),
  INDEX FK_section_customer (CustomerId),
  CONSTRAINT FK_section_customer FOREIGN KEY (CustomerId)
    REFERENCES customer(CustomerId) ON DELETE RESTRICT ON UPDATE RESTRICT
)
ENGINE = INNODB
AUTO_INCREMENT = 26
AVG_ROW_LENGTH = 963
CHARACTER SET latin1
COLLATE latin1_swedish_ci;

--
-- Definition for table service
--
DROP TABLE IF EXISTS service;
CREATE TABLE service (
  ServiceId INT(11) NOT NULL AUTO_INCREMENT,
  ServiceCategoryId INT(11) NOT NULL,
  Sequence INT(11) DEFAULT NULL,
  CustomerId INT(11) NOT NULL,
  Description VARCHAR(100) NOT NULL,
  ShortDescription CHAR(3) DEFAULT NULL,
  ExDescription TEXT DEFAULT NULL,
  Recurring BIT(1) NOT NULL DEFAULT b'0',
  ServiceInterval INT(11) NOT NULL,
  ReportInterval INT(11) NOT NULL,
  FlatFeeOrHourly CHAR(1) NOT NULL DEFAULT 'H',
  Rate FLOAT(8, 2) NOT NULL DEFAULT 0.00,
  DefaultHours FLOAT(4, 2) NOT NULL DEFAULT 0.00,
  DefaultQuantity FLOAT(5, 2) DEFAULT 0.00,
  PRIMARY KEY (ServiceId),
  INDEX FK_service_customer (CustomerId),
  INDEX FK_service_description (Description),
  INDEX FK_service_servicecategory_ServiceCategoryId (ServiceCategoryId),
  CONSTRAINT FK_service_customer FOREIGN KEY (CustomerId)
    REFERENCES customer(CustomerId) ON DELETE RESTRICT ON UPDATE RESTRICT,
  CONSTRAINT FK_service_servicecategory_ServiceCategoryId FOREIGN KEY (ServiceCategoryId)
    REFERENCES servicecategory(ServiceCategoryId) ON DELETE RESTRICT ON UPDATE RESTRICT
)
ENGINE = INNODB
AUTO_INCREMENT = 30
AVG_ROW_LENGTH = 2730
CHARACTER SET latin1
COLLATE latin1_swedish_ci;

--
-- Definition for table companycustomerjoin
--
DROP TABLE IF EXISTS companycustomerjoin;
CREATE TABLE companycustomerjoin (
  CompanyDivisionId INT(11) NOT NULL,
  CustomerId INT(11) NOT NULL,
  PRIMARY KEY (CompanyDivisionId, CustomerId),
  INDEX FK_CustomerCompanyJoin_PK2 (CustomerId),
  CONSTRAINT FK_CustomerCompanyJoin_PK1 FOREIGN KEY (CompanyDivisionId)
    REFERENCES companydivision(CompanyDivisionId) ON DELETE RESTRICT ON UPDATE RESTRICT,
  CONSTRAINT FK_CustomerCompanyJoin_PK2 FOREIGN KEY (CustomerId)
    REFERENCES customer(CustomerId) ON DELETE RESTRICT ON UPDATE RESTRICT
)
ENGINE = INNODB
AVG_ROW_LENGTH = 3276
CHARACTER SET latin1
COLLATE latin1_swedish_ci;

--
-- Definition for table equipment
--
DROP TABLE IF EXISTS equipment;
CREATE TABLE equipment (
  EquipmentId INT(11) NOT NULL AUTO_INCREMENT,
  CustomerId INT(11) NOT NULL,
  EquipmentTypeId INT(11) NOT NULL,
  TailNumber VARCHAR(30) NOT NULL,
  Description VARCHAR(100) NOT NULL,
  Notes VARCHAR(255) DEFAULT NULL,
  EquipmentStatusLogId INT(11) DEFAULT NULL,
  PRIMARY KEY (EquipmentId),
  INDEX Equipment_FK_CustomerId (CustomerId),
  INDEX Equipment_FK_EquipmentTypeId (EquipmentTypeId),
  INDEX Equipment_UK_TailNumber (TailNumber),
  INDEX FK_equipment_equipmentstatuslogid (EquipmentStatusLogId),
  CONSTRAINT Equipment_FK_CustomerId FOREIGN KEY (CustomerId)
    REFERENCES customer(CustomerId) ON DELETE RESTRICT ON UPDATE RESTRICT,
  CONSTRAINT Equipment_FK_EquipmentTypeId FOREIGN KEY (EquipmentTypeId)
    REFERENCES equipmenttype(EquipmentTypeId) ON DELETE RESTRICT ON UPDATE RESTRICT
)
ENGINE = INNODB
AUTO_INCREMENT = 584
AVG_ROW_LENGTH = 80
CHARACTER SET latin1
COLLATE latin1_swedish_ci;

--
-- Definition for table servicesectionjoin
--
DROP TABLE IF EXISTS servicesectionjoin;
CREATE TABLE servicesectionjoin (
  SectionId INT(11) NOT NULL,
  ServiceId INT(11) NOT NULL,
  PRIMARY KEY (SectionId, ServiceId),
  INDEX ServiceId (ServiceId, SectionId),
  CONSTRAINT FK_servicesectionjoin_section FOREIGN KEY (SectionId)
    REFERENCES section(SectionId) ON DELETE RESTRICT ON UPDATE RESTRICT,
  CONSTRAINT FK_servicesectionjoin_service FOREIGN KEY (ServiceId)
    REFERENCES service(ServiceId) ON DELETE RESTRICT ON UPDATE RESTRICT
)
ENGINE = INNODB
AVG_ROW_LENGTH = 528
CHARACTER SET latin1
COLLATE latin1_swedish_ci;

--
-- Definition for table companycustomeruserjoin
--
DROP TABLE IF EXISTS companycustomeruserjoin;
CREATE TABLE companycustomeruserjoin (
  CompanyDivisionId INT(11) NOT NULL,
  CustomerId INT(11) NOT NULL,
  UserName VARCHAR(245) DEFAULT '',
  PRIMARY KEY (CompanyDivisionId, CustomerId, UserName),
  CONSTRAINT FK_companycustomeruserjoin FOREIGN KEY (CompanyDivisionId, CustomerId)
    REFERENCES companycustomerjoin(CompanyDivisionId, CustomerId) ON DELETE RESTRICT ON UPDATE RESTRICT
)
ENGINE = INNODB
AVG_ROW_LENGTH = 2340
CHARACTER SET latin1
COLLATE latin1_swedish_ci;

DELIMITER $$

--
-- Definition for function GetDateDifferenceInDays
--
DROP FUNCTION IF EXISTS GetDateDifferenceInDays$$
CREATE FUNCTION GetDateDifferenceInDays(InDate1 DATETIME,
                                            InDate2 DATETIME
                                            )
  RETURNS int(11)
  SQL SECURITY INVOKER
BEGIN

  RETURN datediff(InDate1, InDate2);
END
$$

DELIMITER ;

-- 
-- Dumping data for table aspnet_personalization
--
-- Table does not contain any data (it is empty)

-- 
-- Dumping data for table aspnet_roles
--
INSERT INTO aspnet_roles VALUES 
  ('/AirToGroundWebSite', 'aeab8b31-a729-4bab-a0c5-6e53edd30c97', 'Administrator'),
  ('/AirToGroundWebSite', 'a338b5c0-9e71-4ad6-a26a-938b5ab5a77a', 'Code Table Editor'),
  ('/AirToGroundWebSite', 'e38ae175-95a1-43cd-8a64-dd6bc786b7d4', 'Corporate User'),
  ('/AirToGroundWebSite', '0295b02b-8145-4bdb-bba7-cc380c684854', 'Customer'),
  ('/AirToGroundWebSite', '41c11780-5d6a-46ca-9dfa-0bdb35cb7339', 'Export - General Exporting'),
  ('/AirToGroundWebSite', 'bb809e4b-30c4-4c00-8ab2-8c545eccda42', 'Export Equipment List'),
  ('/AirToGroundWebSite', '85d01e47-bf90-431e-a7d1-9c647209c6cb', 'Export Equipment Schedule'),
  ('/AirToGroundWebSite', '02de500a-654e-4b81-ac16-e6c4b6fe04dc', 'Export Time Sheets'),
  ('/AirToGroundWebSite', '7be639de-9a96-4fc2-849d-794ea97476bd', 'Export Users'),
  ('/AirToGroundWebSite', '755614c6-33d1-4fd3-aaa3-86d3f506cd37', 'Manage Job Applications'),
  ('/AirToGroundWebSite', '213644a1-cd41-4dee-bdcb-f58dc0bd041d', 'Receive Job Applications'),
  ('/AirToGroundWebSite', '6de77464-6c2d-43e9-874f-45d6fe23ef29', 'Run Equipment Reports'),
  ('/AirToGroundWebSite', 'a47d4bae-b106-48ee-97cd-7349326fc19b', 'Run Revenue Reports'),
  ('/AirToGroundWebSite', 'aa97e103-ad5d-4624-82d1-8fa9686e7228', 'Run Work Reports'),
  ('/AirToGroundWebSite', 'd15734bc-1c68-4de9-a103-a1902ca45484', 'User Security'),
  ('/AirToGroundWebSite', '802564f6-08ab-4390-9207-186f66a06850', 'View Employee Rates'),
  ('/AirToGroundWebSite', '8fa714b6-1929-4afc-bf1c-fef7d697e6bd', 'View Work Card Rate');

-- 
-- Dumping data for table aspnet_sessions
--
-- Table does not contain any data (it is empty)

-- 
-- Dumping data for table aspnet_sitemap
--
-- Table does not contain any data (it is empty)

-- 
-- Dumping data for table aspnet_users
--
INSERT INTO aspnet_users VALUES 
  ('012f4944-6844-4569-9879-c35dbb782774', '/AirToGroundWebSite', 'cthipe', '2011-10-25 01:49:42', 0),
  ('026def2a-4f03-44ca-bb6a-60474f585906', '/AirToGroundWebSite', 'wsteele', '2011-10-25 01:49:42', 0),
  ('0444c3db-fd66-4e42-909d-2652588c453e', '/AirToGroundWebSite', 'ashramm', '2011-10-25 01:49:42', 0),
  ('069967cd-1d3a-4b1a-aee4-4b026a4a1f78', '/AirToGroundWebSite', 'aroque', '2011-10-25 01:49:42', 0),
  ('0aae063d-0288-4704-a36a-ddce7097fd08', '/AirToGroundWebSite', 'mhunt', '2011-10-25 01:49:41', 0),
  ('0b65b464-7c36-4fb8-9981-d86f5cd466bc', '/AirToGroundWebSite', 'cgonzalez', '2011-10-25 01:49:41', 0),
  ('120e29c6-04da-4c32-a10b-8dcc7f63da71', '/AirToGroundWebSite', 'ashannon', '2011-10-25 01:49:42', 0),
  ('122a5f4c-2dfe-4d21-a5d9-ef99f075416a', '/AirToGroundWebSite', 'dcheatham', '2011-10-24 22:38:00', 0),
  ('13f15430-72d9-4c22-ba98-8192b58632b9', '/AirToGroundWebSite', 'mspencer', '2011-10-24 23:35:32', 0),
  ('1888ccbb-fc88-4a1c-b58c-31741d1f3341', '/AirToGroundWebSite', 'wguardado', '2011-10-25 01:49:41', 0),
  ('18e135af-9c03-41c1-8aee-fd433b203d0d', '/AirToGroundWebSite', 'csimmons', '2011-10-25 01:49:42', 0),
  ('1a3d154b-e3d0-4bd3-9eab-4168a7ec5276', '/AirToGroundWebSite', 'wdiehl', '2011-10-25 01:44:48', 0),
  ('1bf6be60-1618-4ab6-ac40-211baffc3518', '/AirToGroundWebSite', 'eyoung', '2011-10-24 23:36:16', 0),
  ('1f917667-0a10-40ef-b969-08762ca2ceb7', '/AirToGroundWebSite', 'mmason', '2011-10-25 01:49:41', 0),
  ('263b2e4f-2a0c-4559-9d41-9a43e30c9161', '/AirToGroundWebSite', 'dolin', '2011-10-25 01:49:42', 0),
  ('264f26b9-b2ff-4c5b-a63f-0076bd1a66a0', '/AirToGroundWebSite', 'mstephens', '2011-10-25 01:49:42', 0),
  ('28c540b6-2863-423c-84c2-fbeabbddec45', '/AirToGroundWebSite', 'rbritt', '2011-10-25 01:44:48', 0),
  ('2a14fd1e-434b-4f19-8083-e221118d11b7', '/AirToGroundWebSite', 'lluneta', '2011-10-25 01:49:41', 0),
  ('2a88f17c-cae8-4f6c-93af-9bcc9a461a88', '/AirToGroundWebSite', 'callen', '2011-10-24 23:36:59', 0),
  ('2ba26f39-3cd4-464d-bcf6-914278582ff1', '/AirToGroundWebSite', 'jherbert', '2011-10-25 01:49:41', 0),
  ('2e5a830c-eacd-419a-9b35-3fc3d308777c', '/AirToGroundWebSite', 'zhamilton', '2011-10-25 01:49:41', 0),
  ('2f45824c-d0d6-4855-a637-6703d594e21e', '/AirToGroundWebSite', 'kchau', '2011-10-25 01:44:48', 0),
  ('33f114bc-519a-471e-b6a0-8efccbbdb3e3', '/AirToGroundWebSite', 'grodriguez', '2011-10-25 01:49:42', 0),
  ('3404a2a6-c7e7-4987-9cd4-2bfe6c33c433', '/AirToGroundWebSite', 'vtorres', '2011-10-25 01:49:42', 0),
  ('361cf98b-5bec-48fd-b82d-7c7017f94fa8', '/AirToGroundWebSite', 'mwaddell', '2011-10-25 01:49:42', 0),
  ('36af7cbc-4f3c-4e50-b52a-6ecfee489604', '/AirToGroundWebSite', 'jleeper', '2011-10-25 01:49:41', 0),
  ('382c550b-50b7-49e6-a615-42a22f50de74', '/AirToGroundWebSite', 'kfuchs', '2011-10-24 22:53:25', 0),
  ('38c349ba-9247-4dd0-a336-0b8f737941f6', '/AirToGroundWebSite', 'tmoore', '2011-10-25 01:49:41', 0),
  ('39b086f9-cd27-468d-a81a-4b9c973e141b', '/AirToGroundWebSite', 'dhubbard', '2011-10-25 01:49:41', 0),
  ('3b65b56d-e761-4ede-8dfd-e3f10ab57d8c', '/AirToGroundWebSite', 'scheeks', '2011-10-24 22:52:16', 0),
  ('3beb8e65-742d-4a6a-825b-5b9adc36db49', '/AirToGroundWebSite', 'bbridwell', '2011-10-25 01:44:48', 0),
  ('40268824-d09e-4367-ad22-63d97505e92b', '/AirToGroundWebSite', 'mnelms', '2011-10-24 23:01:04', 0),
  ('42c36743-9af0-42df-b075-95f323444031', '/AirToGroundWebSite', 'mvierling', '2011-10-25 01:49:42', 0),
  ('45f4074c-9ba9-480c-95f2-b3c898db9c34', '/AirToGroundWebSite', 'srose', '2011-10-25 01:49:42', 0),
  ('471ff5d6-f97f-49d2-a98f-2873bd1e250b', '/AirToGroundWebSite', 'jgreenwood', '2011-10-24 22:57:17', 0),
  ('475e2794-aa7b-480d-b799-2b9795dbc701', '/AirToGroundWebSite', 'sbohannon', '2011-10-24 23:43:24', 0),
  ('485ea1cd-502a-4fc3-8ae6-c87d73651779', '/AirToGroundWebSite', 'cspiller', '2011-10-25 01:49:42', 0),
  ('491ef858-3325-4163-a667-d73b2b8c458b', '/AirToGroundWebSite', 'jkappel', '2011-10-25 01:49:41', 0),
  ('4ac5cecb-7058-48a2-a498-da8172a9d562', '/AirToGroundWebSite', 'wperry', '2011-10-25 01:49:42', 0),
  ('4c0fc483-ec93-42fb-a4bc-263bc729cc8f', '/AirToGroundWebSite', 'cwilson', '2011-10-25 01:49:42', 0),
  ('4dc930d7-15b3-4357-93c0-12f220d71382', '/AirToGroundWebSite', 'dpetry', '2011-10-25 01:49:42', 0),
  ('4fe06c81-d127-412b-b553-57cfc88ff276', '/AirToGroundWebSite', 'ggomez', '2011-10-25 01:49:41', 0),
  ('50268d70-bdf4-4176-bdfd-c07364511048', '/AirToGroundWebSite', 'jgraham', '2011-10-25 01:49:41', 0),
  ('50d0ae31-b910-4755-9222-ebab42c5d621', '/AirToGroundWebSite', 'rgraham', '2011-10-25 01:44:48', 0),
  ('514dcb21-0c39-4cc1-9b22-f7c66269e6ed', '/AirToGroundWebSite', 'cyoung', '2011-10-25 01:49:42', 0),
  ('52bb2f8a-65a0-41be-99ff-9a4421e6f222', '/AirToGroundWebSite', 'tdunagan', '2011-10-25 01:44:48', 0),
  ('52e9ed9f-63f9-4f55-a97f-d7a1d65cd131', '/AirToGroundWebSite', 'dcarlton', '2011-10-25 01:44:48', 0),
  ('553a96cc-9326-4b64-8850-e6f1c3c0928b', '/AirToGroundWebSite', 'eegharevba', '2011-10-25 01:44:48', 0),
  ('55581b12-2f9e-4722-a266-66afb62dc042', '/AirToGroundWebSite', 'bwilliams', '2011-10-25 01:49:42', 0),
  ('5677102e-dff9-427a-87b3-6e00499c85d0', '/AirToGroundWebSite', 'dhinton', '2011-10-25 01:49:41', 0),
  ('56ec72b7-999d-4bd8-9533-814d5b22a750', '/AirToGroundWebSite', 'eorange', '2011-10-24 23:01:48', 0),
  ('57ab9bf9-a6a1-4e9e-913e-bd9a1bb16e23', '/AirToGroundWebSite', 'qharris', '2011-10-25 01:49:41', 0),
  ('5aa046ba-dea1-4adb-b9b2-0a914e3f310c', '/AirToGroundWebSite', 'agonzalez', '2011-10-25 01:49:41', 0),
  ('5c2474ff-d0e3-48f9-9d9a-32b427fb8a52', '/AirToGroundWebSite', 'shernandez', '2011-10-25 01:49:41', 0),
  ('5dacc93a-2970-49af-821e-f58925356e0d', '/AirToGroundWebSite', 'clendman', '2011-10-25 01:49:41', 0),
  ('5e7036d3-3259-4de3-9924-0f89d0ec7f07', '/AirToGroundWebSite', 'dmahaffey', '2011-10-25 01:49:41', 0),
  ('5fc4aefd-fe70-4484-aaff-09d8c8cdeaf9', '/AirToGroundWebSite', 'jlloyd', '2011-10-25 01:49:41', 0),
  ('611e4776-0646-49cc-89b2-c275fca0c718', '/AirToGroundWebSite', 'lbrewer', '2011-10-25 01:44:48', 0),
  ('621ee37e-52dc-473b-ab76-0b8c875738b6', '/AirToGroundWebSite', 'Customer', '2011-10-31 22:08:23', 0),
  ('6311b3bf-39f6-4a20-a35b-9455e3ffde90', '/AirToGroundWebSite', 'tcroley', '2011-10-25 01:44:48', 0),
  ('636b00dc-cc5b-4b95-b82f-425659c58bd5', '/AirToGroundWebSite', 'agodinez', '2011-10-25 01:49:41', 0),
  ('69ae403f-e9bc-4685-87a8-26c799c0c963', '/AirToGroundWebSite', 'squezada', '2011-10-25 01:49:42', 0),
  ('69c29fbc-c961-4ad8-9b31-688d0d310705', '/AirToGroundWebSite', 'jodaniel', '2011-10-25 01:49:41', 0),
  ('6a770571-030e-4a96-a494-fac7b92cbe04', '/AirToGroundWebSite', 'dcurry', '2011-10-25 01:44:48', 0),
  ('6caaa2ec-cb84-4107-b795-1d5bcb50926a', '/AirToGroundWebSite', 'mburriell', '2011-10-25 01:44:48', 0),
  ('71439004-ae61-4884-9cf2-6ab0a3f5dd29', '/AirToGroundWebSite', 'phamilton', '2011-10-24 22:58:20', 0),
  ('77f96bd2-9e80-48d9-979d-5f0cbf3f9fbc', '/AirToGroundWebSite', 'dhensley', '2011-10-24 22:59:07', 0),
  ('77fec9d2-ce53-455f-bcc4-caa103a2acf1', '/AirToGroundWebSite', 'beggers', '2011-10-25 01:44:48', 0),
  ('78cb2c86-f09e-4c61-86c6-5c84492b0833', '/AirToGroundWebSite', 'mekler', '2011-10-25 01:44:48', 0),
  ('79499f78-2b7a-4456-b987-3b1c3245ddc9', '/AirToGroundWebSite', 'tgarrett', '2011-10-25 01:49:41', 0),
  ('7a0b8651-e69f-47a8-9b54-f5cf5bab5530', '/AirToGroundWebSite', 'lgalvez', '2011-10-25 01:49:41', 0),
  ('7bf1dde3-a6ad-4249-a02e-3c91a166876c', '/AirToGroundWebSite', 'abowman', '2011-10-24 23:44:22', 0),
  ('7e154d07-c017-43d8-9768-d4c7213fe1ed', '/AirToGroundWebSite', 'jlusk', '2011-10-25 01:49:41', 0),
  ('802150f2-5be7-4b2e-906a-800adad61e3d', '/AirToGroundWebSite', 'koclair', '2011-10-25 01:49:41', 0),
  ('81de4147-bbe3-444d-a743-ad3683e2e2d3', '/AirToGroundWebSite', 'tlawton', '2011-10-25 01:49:41', 0),
  ('820df884-c08a-4f68-bc7d-4da8060ab01d', '/AirToGroundWebSite', 'cderas', '2011-10-25 01:44:48', 0),
  ('83777cbf-c5a1-4e2a-831b-f1af50e28b16', '/AirToGroundWebSite', 'pstone', '2011-10-25 01:49:42', 0),
  ('83c5e007-cba1-4ff3-8595-9573042a2cdc', '/AirToGroundWebSite', 'jhoke', '2011-10-25 01:49:41', 0),
  ('852bae26-daa6-4342-a18f-bdf6c2917bb8', '/AirToGroundWebSite', 'bmurphy', '2011-10-25 01:49:41', 0),
  ('8850b024-1d0b-4b13-a97f-1ff908e2abd4', '/AirToGroundWebSite', 'ecompton', '2011-10-25 01:44:48', 0),
  ('89f86751-7265-47de-9c19-3f912c04ba7f', '/AirToGroundWebSite', 'jpena', '2011-10-25 01:49:42', 0),
  ('8bc03066-3af2-4504-afda-8d2a7b8e3cfe', '/AirToGroundWebSite', 'scothron', '2011-10-25 01:44:48', 0),
  ('8d351a3c-b3df-40c0-92b6-4c6efc8b2df9', '/AirToGroundWebSite', 'mmiller', '2011-10-25 01:49:41', 0),
  ('903ca662-5170-47e5-8923-f1be52004fc1', '/AirToGroundWebSite', 'jsmith', '2011-10-25 01:49:42', 0),
  ('90b907c8-4bda-4617-9a92-c83bc1f5584c', '/AirToGroundWebSite', 'tfoster', '2011-10-25 01:44:48', 0),
  ('916ef0de-8a71-4710-9388-e2955f3ae1e3', '/AirToGroundWebSite', 'sdotson', '2011-10-25 01:44:48', 0),
  ('92ceca63-b091-47cc-8b2f-e36eb682f14b', '/AirToGroundWebSite', 'dfunk', '2011-10-25 01:44:48', 0),
  ('934b5f8e-6322-4eb2-9758-f9185f4eaca5', '/AirToGroundWebSite', 'cnilest', '2011-11-21 09:40:30', 0),
  ('973918c0-6d60-42fd-8dfa-43a1ebb1b66c', '/AirToGroundWebSite', 'ksortore', '2011-10-25 01:49:42', 0),
  ('99ee9d88-9cb1-479b-bdc3-79a89d554987', '/AirToGroundWebSite', 'swalker', '2011-10-25 01:49:42', 0),
  ('9a7f4aa9-8eaa-4c5a-b3f0-703f2b3b26fa', '/AirToGroundWebSite', 'savalos', '2011-10-24 23:38:47', 0),
  ('9b24470c-6774-4c05-8bc7-018d9d50f2a0', '/AirToGroundWebSite', 'skluttz', '2011-10-25 01:49:41', 0),
  ('a567d6b1-ef10-4a82-b2e5-dba628520e03', '/AirToGroundWebSite', 'arodriguez', '2011-10-25 01:49:42', 0),
  ('a5eca210-d334-45ca-9788-8473043179a3', '/AirToGroundWebSite', 'randerson', '2011-10-24 23:38:03', 0),
  ('a6928a13-6b73-4614-985c-3d8d7a920142', '/AirToGroundWebSite', 'mmoore', '2011-10-25 01:49:41', 0),
  ('a728c8a3-03e4-4f2f-a634-04fdd4e2d77f', '/AirToGroundWebSite', 'jgoldsmith', '2011-10-25 01:49:41', 0),
  ('a797ef96-2838-4ec6-aaa7-ec63129610b0', '/AirToGroundWebSite', 'swhiteside', '2011-10-25 01:49:42', 0),
  ('a8e77d87-b9ba-4e21-9de1-6e3ed8b0552b', '/AirToGroundWebSite', 'jhunter', '2011-10-25 01:49:41', 0),
  ('aa907506-21e1-4d48-bae2-208c35f50980', '/AirToGroundWebSite', 'jrodrigruez', '2011-10-25 01:49:42', 0),
  ('aaed1248-47db-4105-88ed-f636f8f1edb8', '/AirToGroundWebSite', 'ebiesiada', '2011-10-24 23:42:46', 0),
  ('adfeb297-3512-4bb1-a450-d6ffbb7cc594', '/AirToGroundWebSite', 'jalltop', '2011-10-24 23:37:31', 0),
  ('aea2f627-363c-4522-93d1-6de5a7965982', '/AirToGroundWebSite', 'ajohnson', '2011-10-25 01:49:41', 0),
  ('b06bea7c-cec8-4650-b071-372a5cdb9a15', '/AirToGroundWebSite', 'mlynch', '2011-10-24 23:00:22', 0),
  ('b1b1fa56-3658-4005-9331-4d6d7c77b291', '/AirToGroundWebSite', 'jfelts', '2011-10-25 01:44:48', 0),
  ('b4f1f43b-1e1d-484d-9b87-94c52a4422ea', '/AirToGroundWebSite', 'dmeadows', '2011-10-25 01:49:41', 0),
  ('b554553e-4d99-4bc7-b179-cf5114fb1a69', '/AirToGroundWebSite', 'ghines', '2011-10-25 01:49:41', 0),
  ('b566206c-d2f4-4bc4-b625-25ff2afa4abd', '/AirToGroundWebSite', 'rpence', '2011-10-25 01:49:42', 0),
  ('b5981a3c-5517-49a6-b440-6ec5845ffde1', '/AirToGroundWebSite', 'gmartinez', '2011-10-25 01:49:41', 0),
  ('b64c6e4c-e7ae-4b17-9d50-b5b7f70cfc41', '/AirToGroundWebSite', 'jlemus', '2011-10-25 01:49:41', 0),
  ('b7aaa232-86b9-44d0-82c0-0d80edadacb7', '/AirToGroundWebSite', 'cdavis', '2011-10-25 01:44:48', 0),
  ('bacb2f22-77b5-4e2b-86cc-3aad1625fcf7', '/AirToGroundWebSite', 'dwilson', '2011-10-25 01:49:42', 0),
  ('bebb6e9d-93c1-479f-a55a-7460e5379d9f', '/AirToGroundWebSite', 'jgreen', '2011-10-25 01:49:41', 0),
  ('bff9d46d-e8b6-4fad-84be-f13337d5a187', '/AirToGroundWebSite', 'abray', '2011-10-25 01:44:48', 0),
  ('c0f2c5ca-382b-48ca-99f2-99a9e01e9e08', '/AirToGroundWebSite', 'bmccullough', '2011-10-25 01:49:41', 0),
  ('c1688ddf-5535-4292-9d61-9b7abd068478', '/AirToGroundWebSite', 'bprice', '2011-10-24 23:04:15', 0),
  ('c1901308-149f-45e1-a893-3d77beacc613', '/AirToGroundWebSite', 'mcroley', '2011-10-25 01:44:48', 0),
  ('c4e1cb81-2707-4c3d-9132-001ece76fe9a', '/AirToGroundWebSite', 'rjones', '2011-10-25 01:49:41', 0),
  ('c64c29e3-2509-4b65-a76f-ab5e24c71507', '/AirToGroundWebSite', 'tburgett', '2011-10-25 01:44:48', 0),
  ('c6c0eca8-4ab4-44e2-962d-f9f1f94e8749', '/AirToGroundWebSite', 'smuth', '2011-10-25 01:49:41', 0),
  ('c6f84267-e997-488e-9d4a-06213cfbbf5b', '/AirToGroundWebSite', 'sgraham', '2011-10-25 01:49:41', 0),
  ('c95662e6-fcdc-4e2a-b68d-eed895832f82', '/AirToGroundWebSite', 'klewis', '2011-10-24 22:59:45', 0),
  ('cb600bfc-158f-4ea2-aece-9aae61ea6196', '/AirToGroundWebSite', 'jtennill', '2011-10-25 01:49:42', 0),
  ('cc361ebc-a04b-4dee-a782-aa8a9dceeec6', '/AirToGroundWebSite', 'sskiff', '2011-10-25 01:49:42', 0),
  ('cfa2202a-54bd-4526-b88c-ca7ef54b339c', '/AirToGroundWebSite', 'rporter', '2011-10-25 01:49:42', 0),
  ('d24097b2-9b69-4f37-8761-f94be4854ce6', '/AirToGroundWebSite', 'eburke', '2011-10-24 22:51:28', 0),
  ('d26dbc48-9de3-42fd-a428-858e53c332a0', '/AirToGroundWebSite', 'jdrury', '2011-10-25 01:44:48', 0),
  ('d51c7301-50fd-425a-9fc7-1409b1ae9f80', '/AirToGroundWebSite', 'slopez', '2011-10-25 01:49:41', 0),
  ('d72c9f51-20e7-42e1-9308-80912a119887', '/AirToGroundWebSite', 'ggoodman', '2011-10-24 22:56:19', 0),
  ('d9790057-0f65-47c1-9364-cf1fb8cc5f09', '/AirToGroundWebSite', 'jheard', '2011-10-25 01:49:41', 0),
  ('db82d8e2-c04e-4b80-8f41-86093517f131', '/AirToGroundWebSite', 'sgaona', '2011-10-25 01:49:41', 0),
  ('dcc9486e-abbd-412c-865a-b293eccb7ef8', '/AirToGroundWebSite', 'cgorbett', '2011-10-25 01:49:41', 0),
  ('dd1666ce-78cc-423f-b810-a026880a1448', '/AirToGroundWebSite', 'Administrator', '2012-01-11 01:40:59', 0),
  ('dea8d761-7123-413c-90ce-87281da83729', '/AirToGroundWebSite', 'vtumax', '2011-10-25 01:49:42', 0),
  ('df059999-17e8-42f3-a97e-7e768ae6422f', '/AirToGroundWebSite', 'cpeevyhouse', '2011-10-25 01:49:42', 0),
  ('e4ae0113-cd41-471b-8ddb-da803b898f88', '/AirToGroundWebSite', 'jgarcia', '2011-10-25 01:49:41', 0),
  ('e80cfc0c-ac3f-4eff-9f0a-9ae5b72b4c67', '/AirToGroundWebSite', 'jcallahan', '2011-10-25 01:44:48', 0),
  ('e8a3e57b-7371-46d0-b66e-48d11700a5d1', '/AirToGroundWebSite', 'wgaldamez', '2011-10-25 01:44:49', 0),
  ('e8b94f8d-ea41-4806-8a7b-b0a7b460270e', '/AirToGroundWebSite', 'jobappvisitor', '2012-01-24 00:02:33', 0),
  ('ea8ef666-51a2-453f-a8ae-057a2dbc201c', '/AirToGroundWebSite', 'dmorrison', '2011-10-25 01:49:41', 0),
  ('eaa9eb15-8b55-4058-8f9c-6138b3a46ca0', '/AirToGroundWebSite', 'jkeith', '2011-10-25 01:49:41', 0),
  ('ee088506-ff1e-4039-8059-1eed78146343', '/AirToGroundWebSite', 'egaldamez', '2011-10-25 01:44:48', 0),
  ('ee8bf06e-4aec-4932-bae6-ba006226d62c', '/AirToGroundWebSite', 'abrown', '2011-10-25 01:44:48', 0),
  ('f1caa497-fee2-4a9f-a64c-55e5151b0a22', '/AirToGroundWebSite', 'bclark', '2011-10-25 01:44:48', 0),
  ('f78bbe75-6e66-4efa-a951-6e63a32ec943', '/AirToGroundWebSite', 'nlam', '2011-10-25 01:49:41', 0),
  ('f7ef216c-3125-4533-b679-d2897a9ba9ea', '/AirToGroundWebSite', 'rleos', '2011-10-25 01:49:41', 0),
  ('f8f26733-d970-4c83-95f3-80a81fbf6127', '/AirToGroundWebSite', 'gmccallister', '2011-10-25 01:49:41', 0),
  ('f9984472-018a-4f2a-8bcc-65ecebdf00b5', '/AirToGroundWebSite', 'dwrightsman', '2011-10-25 01:49:42', 0),
  ('f9c9865b-0f27-4e7d-a6c4-e77538a43e08', '/AirToGroundWebSite', 'jfisher', '2011-10-25 01:44:48', 0),
  ('fbd87360-53af-4e81-bbfd-0a0c9852c190', '/AirToGroundWebSite', 'rmidkiff', '2011-10-25 01:49:41', 0),
  ('fd085074-4b87-41f6-8160-3e0c2c571f0a', '/AirToGroundWebSite', 'cdugger', '2011-10-25 01:44:48', 0),
  ('fd247bdc-acb3-4a02-b895-3f7079af6bd2', '/AirToGroundWebSite', 'aochoarojas', '2011-10-25 01:49:41', 0),
  ('fe0bceec-2f0e-4353-9c51-d9df4e1e698f', '/AirToGroundWebSite', 'cpham', '2011-10-24 23:03:42', 0),
  ('fe863955-4cf4-4fa0-aa1d-1bc86b6d5405', '/AirToGroundWebSite', 'rsangalang', '2011-10-25 01:49:42', 0),
  ('fe9a28b8-8be6-4eda-8d37-b50536c09051', '/AirToGroundWebSite', 'mstearns', '2011-10-25 01:49:42', 0);

-- 
-- Dumping data for table aspnet_webevent_events
--
-- Table does not contain any data (it is empty)

-- 
-- Dumping data for table customer
--
INSERT INTO customer VALUES 
  (2, 'United Parcel Service (UPS)', 'UPS', 0.00),
  (3, 'Federal Express (FedEx)', 'FedEx', 0.00),
  (4, 'AAR ', 'AAR', 0.00);

-- 
-- Dumping data for table divisionarea
--
INSERT INTO divisionarea VALUES 
  (3, 'Hanger'),
  (4, 'Line');

-- 
-- Dumping data for table equipmentstatuslog
--
-- Table does not contain any data (it is empty)

-- 
-- Dumping data for table extendeduser
--
INSERT INTO extendeduser VALUES 
  ('abowman', 'Administrator', '102163', 'Bowman', 'Anna Marie', 0.00, 0.00, False),
  ('abray', 'Administrator', '102020', 'Anthony', 'Bray', 0.00, 0.00, False),
  ('abrown', 'Administrator', '102439', 'Asia', 'Brown', 0.00, 0.00, False),
  ('Administrator', 'Administrator', '1', 'Administrator', 'System', 0.00, 0.00, False),
  ('agodinez', 'Administrator', '102560', 'Andy', 'Godinez', 0.00, 0.00, True),
  ('agonzalez', 'Administrator', '101865', 'Alejandro', 'Gonzalez', 0.00, 0.00, False),
  ('ajohnson', 'Administrator', '100043', 'Andrew', 'Johnson', 0.00, 0.00, False),
  ('aochoarojas', 'Administrator', '102351', 'Arturo', 'Ochoa-Rojas', 0.00, 0.00, True),
  ('arodriguez', 'Administrator', '102317', 'Adrian', 'Rodriguez', 0.00, 0.00, True),
  ('aroque', 'Administrator', '102607', 'Angelie', 'Roque', 0.00, 0.00, True),
  ('ashannon', 'Administrator', '102436', 'Andrew', 'Shannon', 0.00, 0.00, False),
  ('ashramm', 'Administrator', '102489', 'Amber', 'Shramm', 0.00, 0.00, False),
  ('bbridwell', 'Administrator', '102634', 'Brittney', 'Bridwell', 0.00, 0.00, False),
  ('bclark', 'Administrator', '102525', 'Bolivar', 'Clark', 0.00, 0.00, False),
  ('beggers', 'Administrator', '102459', 'Bert', 'Eggers III', 0.00, 0.00, False),
  ('bmccullough', 'Administrator', '101987', 'Bill', 'McCullough', 0.00, 0.00, False),
  ('bmurphy', 'Administrator', '102194', 'Bradley', 'Murphy', 0.00, 0.00, False),
  ('bprice', 'Administrator', '100022', 'Price', 'Brian', 0.00, 0.00, False),
  ('bwilliams', 'Administrator', '102499', 'Brandon', 'Williams', 0.00, 0.00, True),
  ('callen', 'Administrator', '102644', 'Allen', 'Christopher', 0.00, 0.00, False),
  ('cdavis', 'Administrator', '102572', 'Charles', 'Davis', 0.00, 0.00, False),
  ('cderas', 'Administrator', '102277', 'Cruz', 'Deras', 0.00, 0.00, False),
  ('cdugger', 'Administrator', '102449', 'Cody', 'Dugger', 0.00, 0.00, False),
  ('cgonzalez', 'Administrator', '102515', 'Christopher', 'Gonzalez', 0.00, 0.00, True),
  ('cgorbett', 'Administrator', '102192', 'Christopher', 'Gorbett', 0.00, 0.00, False),
  ('clendman', 'Administrator', '102640', 'Cody', 'Lendman', 0.00, 0.00, False),
  ('cnilest', 'Administrator', '1234', 'Nilest', 'Chris', 0.00, 0.00, False),
  ('cpeevyhouse', 'Administrator', '102463', 'Cindy', 'Peevyhouse', 0.00, 0.00, False),
  ('cpham', 'Administrator', '102359', 'Pham', 'Claudia', 0.00, 0.00, False),
  ('csimmons', 'Administrator', '001815', 'Claude', 'Simmons', 0.00, 0.00, False),
  ('cspiller', 'Administrator', '000769', 'Connie', 'Spiller', 0.00, 0.00, False),
  ('cthipe', 'Administrator', '102472', 'Christopher', 'Thipe', 0.00, 0.00, False),
  ('cwilson', 'Administrator', '102356', 'Christopher', 'Wilson', 0.00, 0.00, False),
  ('cyoung', 'Administrator', '102471', 'Christian', 'Young', 0.00, 0.00, False),
  ('dcarlton', 'Administrator', '102611', 'Daniel', 'Carlton II', 0.00, 0.00, False),
  ('dcheatham', 'Administrator', '100004', 'Cheatham', 'Delayno', 0.00, 0.00, False),
  ('dcurry', 'Administrator', '102350', 'Davel', 'Curry', 0.00, 0.00, True),
  ('dfunk', 'Administrator', '102230', 'Dale', 'Funk', 0.00, 0.00, False),
  ('dhensley', 'Administrator', '102213', 'Hensley', 'Daryl', 0.00, 0.00, False),
  ('dhinton', 'Administrator', '102625', 'David', 'Hinton', 0.00, 0.00, False),
  ('dhubbard', 'Administrator', '102166', 'Darrin', 'Hubbard', 0.00, 0.00, False),
  ('dmahaffey', 'Administrator', '102369', 'Douglas', 'Mahaffey', 0.00, 0.00, False),
  ('dmeadows', 'Administrator', '102221', 'David', 'Meadows', 0.00, 0.00, False),
  ('dmorrison', 'Administrator', '102504', 'Donald', 'Morrison', 0.00, 0.00, False),
  ('dolin', 'Administrator', '102482', 'David', 'Olin', 0.00, 0.00, False),
  ('dpetry', 'Administrator', '102521', 'Donna', 'Petry', 0.00, 0.00, False),
  ('dwilson', 'Administrator', '102639', 'Drew', 'Wilson', 0.00, 0.00, False),
  ('dwrightsman', 'Administrator', '102247', 'David', 'Wrightsman', 0.00, 0.00, False),
  ('ebiesiada', 'Administrator', '102617', 'Biesiada', 'Eric', 0.00, 0.00, False),
  ('eburke', 'Administrator', '102073', 'Burke', 'Effie', 0.00, 0.00, False),
  ('ecompton', 'Administrator', '102227', 'Edwin', 'Compton', 0.00, 0.00, False),
  ('eegharevba', 'Administrator', '102344', 'Efosa', 'Egharevba', 0.00, 0.00, True),
  ('egaldamez', 'Administrator', '102319', 'Eric', 'Galdamez', 0.00, 0.00, True),
  ('eorange', 'Administrator', '001443', 'Orange', 'Eric', 0.00, 0.00, False),
  ('eyoung', 'Administrator', '102360', 'Young', 'Eugene', 0.00, 0.00, False),
  ('ggomez', 'Administrator', '102648', 'Gerald', 'Gomez', 0.00, 0.00, True),
  ('ggoodman', 'Administrator', '101949', 'Goodman', 'Gina', 0.00, 0.00, False),
  ('ghines', 'Administrator', '102590', 'Gregory', 'Hines', 0.00, 0.00, False),
  ('gmartinez', 'Administrator', '102608', 'Guadalupe', 'Martinez', 0.00, 0.00, True),
  ('gmccallister', 'Administrator', '102594', 'Gregory', 'McCallister', 0.00, 0.00, False),
  ('grodriguez', 'Administrator', '102348', 'Gloria', 'Rodriguez', 0.00, 0.00, True),
  ('jalltop', 'Administrator', '102441', 'Alltop', 'Jeff', 0.00, 0.00, False),
  ('jcallahan', 'Administrator', '102629', 'Joshua', 'Callahan', 0.00, 0.00, False),
  ('jdrury', 'Administrator', '102527', 'Jordan', 'Drury', 0.00, 0.00, False),
  ('jfelts', 'Administrator', '102570', 'Jeffrey', 'Felts', 0.00, 0.00, False),
  ('jfisher', 'Administrator', '102650', 'Jerome', 'Fisher', 0.00, 0.00, False),
  ('jgarcia', 'Administrator', '102316', 'Johathan', 'Garcia', 0.00, 0.00, True),
  ('jgoldsmith', 'Administrator', '102494', 'Jason', 'Goldsmith', 0.00, 0.00, False),
  ('jgraham', 'Administrator', '101927', 'Justin', 'Graham', 0.00, 0.00, False),
  ('jgreen', 'Administrator', '102643', 'Joshua', 'Green', 0.00, 0.00, False),
  ('jgreenwood', 'Administrator', '101992', 'Greenwood IV', 'James', 0.00, 0.00, False),
  ('jheard', 'Administrator', '102160', 'Johathan', 'Heard', 0.00, 0.00, False),
  ('jherbert', 'Administrator', '102646', 'Justin', 'Hebert', 0.00, 0.00, False),
  ('jhoke', 'Administrator', '102623', 'Jeremy', 'Hoke', 0.00, 0.00, False),
  ('jhunter', 'Administrator', '102447', 'Jay', 'Hunter', 0.00, 0.00, False),
  ('jkappel', 'Administrator', '102613', 'Joshua', 'Kappel', 0.00, 0.00, False),
  ('jkeith', 'Administrator', '102404', 'Justin', 'Keith', 0.00, 0.00, False),
  ('jleeper', 'Administrator', '102593', 'Jeffrey', 'Leeper', 0.00, 0.00, False),
  ('jlemus', 'Administrator', '102365', 'Jose', 'Lemus', 0.00, 0.00, True),
  ('jlloyd', 'Administrator', '102599', 'Joshua', 'Lloyd', 0.00, 0.00, False),
  ('jlusk', 'Administrator', '001733', 'Jacob', 'Lusk', 0.00, 0.00, False),
  ('jobappvisitor', 'Administrator', '0', 'visitor', 'jobapp', 0.00, 0.00, False),
  ('jodaniel', 'Administrator', '102433', 'Jacob', 'O''Daniel', 0.00, 0.00, False),
  ('jpena', 'Administrator', '102505', 'Jan Vincent', 'Pena', 0.00, 0.00, True),
  ('jrodrigruez', 'Administrator', '102363', 'John', 'Rodriguez', 0.00, 0.00, False),
  ('jsmith', 'Administrator', '001416', 'Joseph', 'Smith', 0.00, 0.00, False),
  ('jtennill', 'Administrator', '001802', 'James', 'Tennill', 0.00, 0.00, False),
  ('kchau', 'Administrator', '102368', 'Kent', 'Chau', 0.00, 0.00, True),
  ('kfuchs', 'Administrator', '000877', 'Fuchs', 'Karen', 0.00, 0.00, False),
  ('klewis', 'Administrator', '102051', 'Lewis', 'Kirk', 0.00, 0.00, False),
  ('koclair', 'Administrator', '102618', 'Keith', 'O''Clair', 0.00, 0.00, False),
  ('ksortore', 'Administrator', '102442', 'Keith', 'Sortore', 0.00, 0.00, False),
  ('lbrewer', 'Administrator', '102642', 'LaVon', 'Brewer', 0.00, 0.00, False),
  ('lgalvez', 'Administrator', '102606', 'Laurence', 'Galvez', 0.00, 0.00, True),
  ('lluneta', 'Administrator', '102559', 'Steve Leomar', 'Luneta', 0.00, 0.00, True),
  ('mburriell', 'Administrator', '102645', 'Michael', 'Burriell', 0.00, 0.00, False),
  ('mcroley', 'Administrator', '101956', 'Mark', 'Croley', 0.00, 0.00, False),
  ('mekler', 'Administrator', '102330', 'Michelle', 'Elder', 0.00, 0.00, False),
  ('mhunt', 'Administrator', '001641', 'Micheal', 'Hunt Jr', 0.00, 0.00, False),
  ('mlynch', 'Administrator', '101944', 'Lynch', 'Michael', 0.00, 0.00, False),
  ('mmason', 'Administrator', '102547', 'McCellies', 'Mason', 0.00, 0.00, False),
  ('mmiller', 'Administrator', '102358', 'Megan', 'Miller', 0.00, 0.00, False),
  ('mmoore', 'Administrator', '102211', 'Mark', 'Moore', 0.00, 0.00, False),
  ('mnelms', 'Administrator', '102511', 'Nelms', 'Michelle', 0.00, 0.00, False),
  ('mspencer', 'Administrator', '001548', 'Spencer, Jr', 'Michael', 0.00, 0.00, False),
  ('mstearns', 'Administrator', '102254', 'Michael', 'Stearns', 0.00, 0.00, False),
  ('mstephens', 'Administrator', '102609', 'Marissa', 'Stephens', 0.00, 0.00, False),
  ('mvierling', 'Administrator', '102290', 'Matthew', 'Vierling', 0.00, 0.00, False),
  ('mwaddell', 'Administrator', '102522', 'Mickey', 'Waddell', 0.00, 0.00, False),
  ('nlam', 'Administrator', '102380', 'Nelson', 'Lam', 0.00, 0.00, True),
  ('phamilton', 'Administrator', '001576', 'Hamilton', 'Patrick', 0.00, 0.00, False),
  ('pstone', 'Administrator', '102422', 'Phillip', 'Stone', 0.00, 0.00, False),
  ('qharris', 'Administrator', '102586', 'Quentin', 'Harris', 0.00, 0.00, False),
  ('randerson', 'Administrator', '102636', 'Anderson', 'Robert', 0.00, 0.00, False),
  ('rbritt', 'Administrator', '102536', 'Robert', 'Britt', 0.00, 0.00, False),
  ('rgraham', 'Administrator', '1235', 'Graham', 'Roger', 0.00, 0.00, False),
  ('rjones', 'Administrator', '102238', 'Roger', 'Jones', 0.00, 0.00, False),
  ('rleos', 'Administrator', '102321', 'Raul', 'Leos Jr', 0.00, 0.00, True),
  ('rmidkiff', 'Administrator', '102457', 'Robert', 'Midkiff', 0.00, 0.00, False),
  ('rpence', 'Administrator', '102336', 'Randy', 'Pence', 0.00, 0.00, False),
  ('rporter', 'Administrator', '001326', 'Ronald', 'Porter', 0.00, 0.00, False),
  ('rsangalang', 'Administrator', '102310', 'Raymond', 'Sangalang', 0.00, 0.00, True),
  ('savalos', 'Administrator', '102558', 'Avalos', 'Sarvelio', 0.00, 0.00, False),
  ('sbohannon', 'Administrator', '102631', 'Bohannon', 'Shawn', 0.00, 0.00, False),
  ('scheeks', 'Administrator', '101997', 'Cheeks', 'Staci', 0.00, 0.00, False),
  ('scothron', 'Administrator', '102158', 'Shaun', 'Cothron', 0.00, 0.00, False),
  ('sdotson', 'Administrator', '102602', 'Stanley', 'Dotson Jr', 0.00, 0.00, False),
  ('sgaona', 'Administrator', '102332', 'Saul', 'Gaona', 0.00, 0.00, True),
  ('sgraham', 'Administrator', '001773', 'Shawn', 'Graham', 0.00, 0.00, False),
  ('shernandez', 'Administrator', '102292', 'Saul', 'Hernandez', 0.00, 0.00, True),
  ('skluttz', 'Administrator', '102232', 'Scott', 'Kluttz', 0.00, 0.00, False),
  ('slopez', 'Administrator', '102364', 'Salvador', 'Lopez', 0.00, 0.00, True),
  ('smuth', 'Administrator', '102624', 'Samantha', 'Muth', 0.00, 0.00, False),
  ('squezada', 'Administrator', '102649', 'Sergio', 'Quezada', 0.00, 0.00, True),
  ('srose', 'Administrator', '102561', 'Steve', 'Rose', 0.00, 0.00, True),
  ('sskiff', 'Administrator', '102229', 'Shelly', 'Skiff', 0.00, 0.00, False),
  ('swalker', 'Administrator', '102647', 'Steven', 'Walker III', 0.00, 0.00, False),
  ('swhiteside', 'Administrator', '001439', 'Steven', 'Whiteside', 0.00, 0.00, False),
  ('tburgett', 'Administrator', '102269', 'Thomas', 'Burgett', 0.00, 0.00, False),
  ('tcroley', 'Administrator', '102389', 'Tim', 'Croley', 0.00, 0.00, False),
  ('tdunagan', 'Administrator', '102630', 'Timothy', 'Dunagan', 0.00, 0.00, False),
  ('tfoster', 'Administrator', '102270', 'Toya', 'Foster', 0.00, 0.00, False),
  ('tgarrett', 'Administrator', '102545', 'Trisha', 'Garrett', 0.00, 0.00, False),
  ('tlawton', 'Administrator', '102627', 'Tyheem', 'Lawton', 0.00, 0.00, False),
  ('tmoore', 'Administrator', '102313', 'Tracy', 'Moore', 0.00, 0.00, False),
  ('vtorres', 'Administrator', '102366', 'Vicente', 'Torres', 0.00, 0.00, True),
  ('vtumax', 'Administrator', '102164', 'Victor', 'Tumax Jr', 0.00, 0.00, False),
  ('wdiehl', 'Administrator', '102186', 'William', 'Diehl', 0.00, 0.00, False),
  ('wgaldamez', 'Administrator', '102511b', 'Galdamez', 'William', 0.00, 0.00, False),
  ('wguardado', 'Administrator', '102311', 'Wilfredo', 'Guardado', 0.00, 0.00, True),
  ('wperry', 'Administrator', '102241', 'Walter', 'Perry', 0.00, 0.00, False),
  ('wsteele', 'Administrator', '102467', 'William', 'Steele', 0.00, 0.00, False),
  ('zhamilton', 'Administrator', '102637', 'Zachary', 'Hamilton', 0.00, 0.00, False);

-- 
-- Dumping data for table jobapplication
--
INSERT INTO jobapplication VALUES 
  (92, '066dc1be-1bb1-4a36-8c18-5e28c34524dc', '2011-12-06 15:12:10', 'Alisa', NULL, 'Wright', NULL, NULL, True, True, True, True, True, True, True, True, True, False, True, True, 'I have alot of office/ warehouse experience', 'F', False, NULL, False, NULL, True, True, NULL, '2312 South 35th Street', 'Louisville', 'KY', '40211', 'same', 'Louisville', 'KY', '40211', False, NULL, 'open', 'Louisville', 'Louisville', '5027421453', False, True, '2011-12-12 00:00:00', 12.00, False, False, NULL, False, NULL, NULL, NULL, NULL, False, NULL, NULL, NULL, False, NULL, 'Iroquois High', 4, True, 'basic', 'National College', 6, False, 'business/mgt', NULL, NULL, False, NULL, 'See resume', 'See resume', NULL, NULL, NULL, NULL, 8, 2009, 12, 2011, 'Datamatics/GE\r\nAppliance Park', '5024527762', 'AP clerk Data Entry', 10.25, 'not enough money', NULL, NULL, NULL, NULL, NULL, NULL, NULL, NULL, NULL, NULL, NULL, NULL, NULL, NULL, NULL, NULL, NULL, NULL, NULL, NULL, NULL, NULL, NULL, NULL, NULL, NULL, NULL, NULL, NULL, NULL, NULL, NULL, NULL, NULL, NULL, NULL, NULL, NULL, NULL, NULL, NULL, NULL, NULL, NULL, NULL, True, NULL, 'Cheryl Miles', '5024527762', 'Supervisor', 2, 'Chris Jones', '5026900539', 'Friend', 2, NULL, NULL, NULL, NULL, 'Linda Wright', '4522 Winrose Way', '5027781269', '2011-12-07 00:00:00', 'Alisa Wright- lisa_wright15@yahoo.com', NULL, NULL, NULL, NULL, NULL, False, NULL, NULL, NULL, NULL, NULL, NULL, NULL, NULL, NULL, NULL, True, 'Alisa Wright', 'lisa_wright15@yahoo.com', '2011-12-07 00:00:00', NULL),
  (93, '63a99b1b-abb1-42b1-9cb5-70799bbd8adb', '2011-12-08 14:30:13', 'Herbert', NULL, 'Victor', NULL, NULL, False, False, True, True, True, True, True, True, True, False, True, True, 'Detailing', 'F', True, 'Whitney M. Young Job Corps', False, NULL, False, True, NULL, '8460 Shelbyville Road', 'SImpsonville', 'KY', '40067', '8460 Shelbyville Road', 'SImpsonville', 'KY', '40067', False, NULL, 'Aircraft Cleaner', 'Louisville', 'Louisville', '7862621681', True, True, '2011-12-09 00:00:00', 8.00, False, False, NULL, False, NULL, NULL, NULL, NULL, False, NULL, NULL, NULL, False, NULL, 'Eminence High School ', 4, True, 'HSD', NULL, NULL, False, NULL, NULL, NULL, False, NULL, NULL, NULL, NULL, NULL, NULL, NULL, 6, 2008, 6, 2009, 'Whitney Young', '5027228862', 'Finisher', 13.00, 'Moved to Florida', NULL, NULL, NULL, NULL, NULL, NULL, NULL, NULL, NULL, NULL, NULL, NULL, NULL, NULL, NULL, NULL, NULL, NULL, NULL, NULL, NULL, NULL, NULL, NULL, NULL, NULL, NULL, NULL, NULL, NULL, NULL, NULL, NULL, NULL, NULL, NULL, NULL, NULL, NULL, NULL, NULL, NULL, NULL, NULL, NULL, True, NULL, 'Kasey Miller', '9018320483', 'Masonry', 3, 'Greg Jean', '7864993480', 'WArehouse', 1, NULL, NULL, NULL, NULL, 'Teresa', '2443 NW 102 st', '7867187330', '2011-12-08 00:00:00', 'hvictor1990@yahoo.com', NULL, NULL, NULL, NULL, NULL, False, NULL, NULL, NULL, NULL, NULL, NULL, NULL, NULL, NULL, NULL, True, 'Herbert Victor', 'hvictor1990@yahoo.com', '2011-12-08 00:00:00', NULL),
  (98, '8f5db297-d036-472d-aa60-a8f7ca537dc6', '2011-12-08 18:28:31', 'Arcos', NULL, 'David', NULL, NULL, False, True, True, True, True, True, True, True, True, True, True, True, 'ware house experience im use to working fast pace ', 'F', False, NULL, True, 'machine operator ', True, True, NULL, '1084 northcliffe dr', 'avon ', 'in', '46123', '1084 northcliffe dr', 'avon ', 'in', '46123', False, NULL, 'maintance ', 'Indianapolis', 'Indianapolis', '3173700000', True, True, '2011-12-09 00:00:00', 9.50, False, False, NULL, False, NULL, NULL, NULL, NULL, False, NULL, NULL, NULL, False, NULL, 'Avon High School ', 12, True, 'HD', NULL, NULL, False, NULL, NULL, NULL, False, NULL, NULL, 'Bilingual', NULL, NULL, NULL, NULL, 10, 2008, 11, 2011, 'coca cola ', '3177508978', 'order builder ', 12.00, 'cut backs ', NULL, NULL, NULL, NULL, NULL, NULL, NULL, NULL, NULL, NULL, NULL, NULL, NULL, NULL, NULL, NULL, NULL, NULL, NULL, NULL, NULL, NULL, NULL, NULL, NULL, NULL, NULL, NULL, NULL, NULL, NULL, NULL, NULL, NULL, NULL, NULL, NULL, NULL, NULL, NULL, NULL, NULL, NULL, NULL, NULL, True, NULL, 'miguel soto', '3179087908', 'prducer Music ', 7, 'naomi andrade', '3170897897', 'counselor ', 8, NULL, NULL, NULL, NULL, 'eduardo Arcos', '1084 northcliffe dr', '3173704548', '2011-12-08 00:00:00', 'arcos213@live.com', NULL, NULL, NULL, NULL, NULL, False, NULL, NULL, NULL, NULL, NULL, NULL, NULL, NULL, NULL, NULL, True, 'David Arcos', 'arcos213@live.com', '2011-12-08 00:00:00', NULL),
  (100, 'bc513018-01fe-414c-8b66-ff3ab5d642de', '2011-12-10 17:02:09', 'keith', 'a', 'sanders', NULL, NULL, False, False, True, True, True, True, True, True, False, True, True, True, 'painter  ,assembly line worker,carpenter,janitor,warehouse worker   ', 'F', False, NULL, False, NULL, True, True, NULL, '2602 oregon  ave', 'LOUISVILLE', 'KY', '40210', '2602 OREGON AVE', 'LOUISVILLE', 'KY', '40210', False, NULL, 'aircraft cleaner', 'Louisville', 'Louisville', '5027141405', False, True, '2011-12-14 00:00:00', 9.00, False, False, NULL, True, 11, 2005, 'cane run elementary', 6, False, 'math', 'southern middle', 2, False, 'social study', 'irquios high school', 4, True, 'science', NULL, NULL, False, NULL, NULL, NULL, False, NULL, 'NONE', 'BUFFER,COCCRETE FINISHER', NULL, 'army', ' E 3', NULL, 2, 2010, 12, 2010, 'CROWNS  4700 DIXIE HIGHWAY', '5029356600', 'VARIES', 9.00, 'STILL WITH TEMP ANGENCY', 1, 2008, 11, 2011, 'Express 4200 dixie highway', '5024491128', 'warehouse worker', 9.00, 'still with agency', NULL, NULL, NULL, NULL, NULL, NULL, NULL, NULL, NULL, NULL, NULL, NULL, NULL, NULL, NULL, NULL, NULL, NULL, NULL, NULL, NULL, NULL, NULL, NULL, NULL, NULL, NULL, NULL, NULL, NULL, NULL, NULL, NULL, NULL, NULL, NULL, True, NULL, 'CHELSEA  TYREE', '5028191741', 'PHARMACY', 12, 'ELIZABETH  ramos', '5023848422', 'retired', 15, 'chistine mcwhorter', '5027769686', 'retired', 20, 'prudie boykins', '2602  oregon  ave', '5027760548', '2011-12-10 00:00:00', 'navinodevine084@insightbb.com', NULL, NULL, NULL, NULL, NULL, False, NULL, NULL, NULL, NULL, NULL, NULL, NULL, NULL, NULL, NULL, True, 'keith  sanders', 'navinodevine084@insightbb.com', '2011-12-10 00:00:00', 'department for workforce investment'),
  (133, '50df1bce-250a-4f85-a0cb-88466ef103a3', '2012-01-13 10:56:41', 'Scott', 'Allen', 'Terry', NULL, NULL, False, False, True, True, True, True, True, True, True, True, False, False, '18 years customer service\r\n1 year manager experience\r\n5 1/2 years supervisor experience\r\n3 years ware house experience', 'F', True, 'Brown Mackie College - Louisville\r\nClasses are on Tuesday, Wednesday, and Thursday 6pm-10pm', True, 'Motorized Lift (warehouse)', True, True, NULL, '2807 Parkway Dr.', 'New Albany', 'IN', '47150', '2807 Parkway Dr.', 'New Albany', 'IN', '47150', False, NULL, 'Aircraft/Mobile Cleaner', 'Louisville', 'Louisville', '5024386221', True, False, '2012-01-14 00:00:00', 7.50, False, False, NULL, False, NULL, NULL, 'Slate Run Elementary  1452 Slate Run Road  New Albany, IN 47150', 3, False, 'All Required', 'Hazelwood Jr. High  1021 Hazelwood Avenue, New Albany, IN 47150 ', 3, False, 'All Required', 'New Albany Sr. High 1020 Vincennes St. New Albany, IN 47150', 3, False, 'All required, Art, Computers', 'Brown Mackie College  3605 Fern Valley Road  Louisville, KY 40219', 1, False, 'Vet. Tech. - Still attending', 'Ivy Tech  8204 Indiana 311  Sellersburg, IN 47172', NULL, False, 'Received GED', 'Art, Computers', 'Skilled at working in fast paced environments, multi-tasking, very fast learner', NULL, NULL, NULL, NULL, 4, 2011, 7, 2011, 'Preston Crossing 16\r\n9700 Preston Crossing Blvd.\r\nOkolona, KY  40299\r\n', '5029619700', 'Cashier/Cook', 7.75, 'Not enough hours.', 11, 2010, 1, 2011, 'Best Buy\r\n5085 Shelbyville Rd.\r\nLouisville, KY 40207\r\n', NULL, 'Cashier', 8.00, 'Seasonal', 3, 2010, 7, 2010, 'Bureau of the Census\r\n1201 E. 10th St.\r\nJeffersonville, IN  47190\r\n', NULL, 'Geography Clerk', 14.32, 'Temp. work', 11, 2009, 1, 2010, 'Best Buy\r\n5085 Shelbyville Rd.\r\nLouisville, KY 40207\r\n', NULL, 'Stock/warehouse', 7.75, 'Seasonal', 5, 2008, 8, 2009, 'Blockbuster\r\n972 Breckenridge Ln.\r\nLouisville, KY 40207\r\n', NULL, 'Manager', 8.75, 'Stored was closed down.', 11, 2007, 1, 2008, 'Best Buy\r\n5085 Shelbyville Rd.\r\nLouisville, KY 40207\r\n', NULL, 'Stock/Warehouse', 7.50, 'Seasonal', True, NULL, 'Tony Parker', '5023459243', 'Charter Communications', 10, 'McKenna Ennes ', '5025933571', 'Stonybrook Cinemas', 10, 'Chris Nobles', '5023457710', 'Radio Shack', 3, 'Paula Weir', '2807 Parkway Dr. New Albany, IN 47150', '8129454001', '2012-01-13 00:00:00', 'realitycntrl@gmail.com', NULL, NULL, NULL, NULL, NULL, NULL, NULL, NULL, NULL, NULL, NULL, NULL, NULL, NULL, NULL, NULL, True, 'Scott Terry', 'realitycntrl@gmail.com', '2012-01-13 00:00:00', NULL),
  (134, '81ad7049-1d8c-4ea7-a7df-df46dcb3c4ee', '2012-01-14 18:13:11', 'carmen', 'Allison', 'McGraw', NULL, NULL, False, False, True, True, True, True, True, True, True, True, True, True, 'Food service,janitorial,Data entry,home health wich includes detail cleaning and clerical.', 'F', False, NULL, False, NULL, False, True, NULL, '565 Mildred st', 'cahokia', 'il', '62206', '868 n 79th st', 'east st.louis', 'il', '62204', False, NULL, 'Air craft cleaning', 'Indianapolis', 'Any', '6183972914', True, True, '2012-01-20 00:00:00', 12.00, False, True, 'accidently damaged time clock, ordered alternative conseling or probahtion.', True, 6, 2010, NULL, NULL, False, NULL, NULL, NULL, False, NULL, 'HAzelwood East', 4, True, 'physics', NULL, NULL, False, NULL, NULL, NULL, False, NULL, 'Music, engineering of all kinds,studied physics and math', 'cleaning , cooking, and instruments(trombone), data entry,and computer construction', 'Girl scouts, junior achievment allows you to practice building your own buiesness, playing musical instuments,robotics building robots.', NULL, NULL, NULL, 2, 2005, 11, 2010, 'Robert''s Home hEALTH CARE,3027 Rutger', '3147722440', 'AIDE', 13.00, 'federal funds ran out', 4, 2006, 10, 2007, 'six flags, eureka mo.', '6369385300', 'host/lead', 7.25, 'seasonal', 7, 2009, 1, 2012, 'Elite staffing, Nameoki rd granite city ill\r\nwarehouse', '6188762438', 'labeouror', 9.00, 'temp service', NULL, NULL, NULL, NULL, NULL, NULL, NULL, NULL, NULL, NULL, NULL, NULL, NULL, NULL, NULL, NULL, NULL, NULL, NULL, NULL, NULL, NULL, NULL, NULL, NULL, NULL, NULL, True, NULL, 'carlton Mcgraw', '8437351448', 'personal', 18, 'Tracy Isom', '6188554461', 'friend', 4, 'Pat Roberts', '3143304224', 'home health', 15, 'Mildred Riveria', '868 n 79th st', '6183972914', '2012-01-14 00:00:00', 'carm_129@yahoo.com', NULL, NULL, NULL, NULL, NULL, NULL, NULL, NULL, NULL, NULL, NULL, NULL, NULL, NULL, NULL, NULL, True, 'Carmen McGraw', 'carm_129@yahoo.com', '2012-01-14 00:00:00', 'carlton McGraw'),
  (135, '4578407c-bec9-434e-8a7b-7f151a104bb1', '2012-01-18 21:47:16', 'Steve', NULL, 'Sam', NULL, NULL, False, False, True, True, True, True, True, True, True, True, True, True, 'Material Handler , Sorter', 'F', False, NULL, False, NULL, True, True, NULL, '2160 Wilson Ave', 'Perris', 'Ca', '92571', '2160 Wilson Ave', 'Perris', 'Ca', '92571', False, NULL, 'Open', 'Los Angeles', 'Los Angeles', '5625952463', True, True, '2012-01-18 00:00:00', 13.00, False, False, NULL, False, NULL, NULL, NULL, NULL, False, NULL, NULL, NULL, False, NULL, 'John Glenn 13520 Shoemaker Ave Norwalk, CA', 4, True, 'Diploma', NULL, NULL, False, NULL, NULL, NULL, False, NULL, NULL, NULL, NULL, NULL, NULL, NULL, 11, 2009, 6, 2011, 'Fedex Express\r\n5927 W.Imperial Hwy Los Angeles,Ca 90045', '3106651068', 'Material Handler', 13.00, 'Discharged', 7, 2011, 11, 2011, 'Baggage Direct Service\r\n8921 S,Sepulvida blvd 209 Los Angeles,CA 90045', '5624057004', 'Driver', 10.00, 'Moved', NULL, NULL, NULL, NULL, NULL, NULL, NULL, NULL, NULL, NULL, NULL, NULL, NULL, NULL, NULL, NULL, NULL, NULL, NULL, NULL, NULL, NULL, NULL, NULL, NULL, NULL, NULL, NULL, NULL, NULL, NULL, NULL, NULL, NULL, NULL, NULL, True, NULL, 'Richard Sanchez', '5629657602', 'Personal', 7, 'Phoun Chres', '5626526679', 'Friend', 20, NULL, NULL, NULL, NULL, 'Victoria Sam', '2160 Wilson Ave. Perris CA 92571', '5628814485', '2012-01-18 00:00:00', 'stiscubasteve@yahoo.com', NULL, NULL, NULL, NULL, NULL, NULL, NULL, NULL, NULL, NULL, NULL, NULL, NULL, NULL, NULL, NULL, True, 'Steve Sam', 'stiscubasteve@yahoo.com', '2012-01-18 00:00:00', NULL),
  (136, '3aecaf71-df91-4415-a072-ad3348984234', '2012-01-19 14:43:53', 'Hans', 'Marie', 'Stephanie', NULL, NULL, True, False, True, True, True, True, True, False, False, False, False, True, 'Costumer Service and wawrehouse ', 'F', True, 'JCTCS, Shepherdsville', False, NULL, True, True, NULL, '3568 Willow Way ', 'Shepherdsville', 'Ky', '40165', '3568 Willow Way ', 'Shepherdsville', 'Ky', '40165', False, NULL, 'Aircraft cleaning', 'Louisville', 'Louisville', '5028108280', True, True, '2012-01-20 00:00:00', 10.00, False, False, NULL, False, NULL, NULL, NULL, NULL, False, NULL, NULL, NULL, False, NULL, 'Holy Cross ', 4, True, 'General Studies ', NULL, NULL, False, NULL, NULL, NULL, False, NULL, NULL, NULL, 'Volleyball and Track ', NULL, NULL, NULL, 11, 2009, 1, 2012, 'Kentucky Korner ', '5029668900', 'Cahsier and floor sales', 7.25, 'new job and school ', 3, 2011, 1, 2012, 'Honey Bees Daycare #2', '5023635437', 'Infant Teacher ', 7.25, 'New job ', 1, 2012, 1, 2012, 'Chegg', '5028931944', 'Picker/Stager', 10.00, 'moved to day shift ', NULL, NULL, NULL, NULL, NULL, NULL, NULL, NULL, NULL, NULL, NULL, NULL, NULL, NULL, NULL, NULL, NULL, NULL, NULL, NULL, NULL, NULL, NULL, NULL, NULL, NULL, NULL, True, NULL, 'Alex Page ', '5027278690', 'Enterprise car rental ', 4, 'Rickanna Sims ', '5022985977', 'Honey Bees Daycare ', 1, NULL, NULL, NULL, NULL, 'Laura Hans ', '3568 Willow Way ', '5025944336', '2012-01-19 00:00:00', 'stephanie_marie_28@yahoo.com', NULL, NULL, NULL, NULL, NULL, NULL, NULL, NULL, NULL, NULL, NULL, NULL, NULL, NULL, NULL, NULL, True, 'Stephanie Hans', 'stephanie_marie_28@yahoo.com', '2012-01-19 00:00:00', NULL),
  (137, '089daad5-85a0-447a-a2b9-9978e60a0b78', '2012-01-20 07:02:51', 'Erin', 'Proctor', 'Elton', NULL, NULL, True, False, True, True, True, True, True, True, True, True, True, False, 'I am an airline pilot. I can no longer obtain a first class medical, so I am seeking a new career. Excellent customer service experience.', 'F', False, NULL, True, 'airplanes and jets', True, True, NULL, '424 E. Market St.', 'Jeffersonville', 'IN', '47130', '1126 Copperfield Drive', 'Georgetown', 'IN', '47122', False, NULL, 'administrative', 'Louisville', 'Indianapolis', '5022620620', True, False, '2012-01-23 00:00:00', 35000.00, False, False, NULL, False, NULL, NULL, 'Milltown Elementary', 7, True, NULL, NULL, NULL, False, NULL, 'Crawford County Jr-Sr High School', 6, True, 'valedictorian, academic honors diploma', 'Embry-Riddle Aeronautical University', 4, True, 'Aeronautical Science, Aviation Safety', 'Gatlin Education', 1, True, 'Pharmaceutical Sales', NULL, 'aviation background', NULL, NULL, NULL, NULL, 5, 2006, 1, 2012, 'NetJets Aviation\r\n4111 Bridgeway Ave\r\nColumbus, OH 43219', '6142395500', 'pilot', 68278.00, 'medical', 4, 2005, 5, 2006, 'Comair Airlines\r\n77 Comair Blvd.\r\nErlanger, KY 41018', '8597672550', 'pilot', 37.18, 'new job', 2, 2001, 3, 2005, 'Independence Air (ACA)\r\n45200 Business Court, Suite 100\r\nDulles, VA 20166', '7036506000', 'pilot', 36.49, 'company went out of business', 8, 1997, 11, 2000, 'Embry-Riddle Aeronautical University\r\n3200 Willow Creek Rd.\r\nPrescott, AZ 86301', '5207084300', 'Flight instructor, dispatcher', 12.50, 'new job with airline', 5, 1997, 11, 2000, 'Matt''s Longhorn Saloon\r\n112 S Montezuma St\r\nPrescott, AZ 86301', '5207789914', 'bartender, waitress, security', 4.00, 'moved to Indiana', 11, 1994, 8, 1998, 'Milltown Mini-mart\r\n215 Main Street\r\nMilltown, IN 47145', '8126334320', 'cashier, office work', 4.85, 'moved to Arizona', True, NULL, 'Bob Lenhard', '6023486446', 'NetJets pilot', 15, 'David Riley', '3032042048', 'Air Traffic Controller', 13, 'Cheryl Neal', '5025932930', 'Psychotherapist', 2, 'Neil Proctor', '1126 Copperfield Drive, Georgetown, IN 47122', '8129460892', '2012-01-20 00:00:00', 'proctor24@yahoo.com', NULL, NULL, NULL, NULL, NULL, NULL, NULL, NULL, NULL, NULL, NULL, NULL, NULL, NULL, NULL, NULL, True, 'Erin Proctor Elton', 'proctor24@yahoo.com', '2012-01-20 00:00:00', NULL),
  (138, '6e1efa71-07c1-4665-9a3f-4d8f1bbdf10e', '2012-01-23 11:50:54', 'Andrew', NULL, 'Hill', NULL, NULL, True, False, True, True, True, True, True, True, True, True, True, True, 'worked at Lowes home improvement for since 3/15/08. previouslt worked at a TMSI doing shipment business in a warehouse.before TMSI i worked at hh gregg.', 'F', False, NULL, True, 'gas/lp forklift, order picker,narrow aisle reach lift', True, True, NULL, '3316 Endeavor Way', 'louisville', 'ky', '40219', '3316 Endeavor Way', 'louisville', 'ky', '40219', False, NULL, 'Anything full time', 'Louisville', 'Louisville', '5023140283', True, True, '2012-01-23 00:00:00', 15.00, False, True, 'Speeding ticket on 12/24/2011', False, NULL, NULL, 'minors lane elementary and blake elementary', NULL, True, NULL, 'thomas jefferson middle school', NULL, True, NULL, 'Southern High school', 4, True, 'Automotive technology', NULL, NULL, False, NULL, NULL, NULL, False, NULL, 'attended 3 year automotive program in high school', NULL, NULL, NULL, NULL, NULL, 4, 2007, 1, 1970, 'HH Gregg', '5029682197', 'salesmen', 14.00, 'Moved ', NULL, NULL, NULL, NULL, NULL, NULL, NULL, NULL, NULL, NULL, NULL, NULL, NULL, NULL, NULL, NULL, NULL, NULL, NULL, NULL, NULL, NULL, NULL, NULL, NULL, NULL, NULL, NULL, NULL, NULL, NULL, NULL, NULL, NULL, NULL, NULL, NULL, NULL, NULL, NULL, NULL, NULL, NULL, NULL, NULL, True, NULL, 'Raymond knees', '5025540543', 'International Paper', 13, 'Brandon Moore', '5027678900', 'Chism Irregation', 12, NULL, NULL, NULL, NULL, 'Linda Hill', '3316 Endeavor Way', '5025506728', '2012-01-23 00:00:00', 'kyking4life13@hotmail.com', NULL, NULL, NULL, NULL, NULL, NULL, NULL, NULL, NULL, NULL, NULL, NULL, NULL, NULL, NULL, NULL, True, 'Andrew Hill', 'kyking4life13@gmail.com', '2012-01-23 00:00:00', NULL);

-- 
-- Dumping data for table jobcode
--
INSERT INTO jobcode VALUES 
  (6, '30', '30 Day Wash', True, False, True),
  (7, '60', '60 Day Wash', True, False, True),
  (8, '90', '90 Day Wash', True, False, True),
  (9, '120', '120 Day Wash', True, False, True),
  (10, 'CREW', 'Crew Service', True, False, True),
  (11, 'LAV', 'Lavatory Service', True, False, True),
  (12, 'INTL', 'International Trash', True, False, True),
  (13, 'MEAL', 'Meal Delivery', True, False, True),
  (14, 'STANDBY', 'Standby', True, False, False),
  (15, '747W', '747 Weekly Interior', True, False, True),
  (16, '747M', '747 Monthly Interior', True, False, True),
  (17, '747G', '747 Gill Liner Interior', True, False, True),
  (18, '757W', '757 Weekly Interior', True, False, True),
  (19, '757M', '757 Monthly Interior ', True, False, True),
  (20, '757G', '757 Gill Liner Interior', True, False, True),
  (21, '767W', '767 Weekly Interior ', True, False, True),
  (22, '767M', '767 Monthly Interior', True, False, True),
  (23, '767G', '767 Gill Liner Interior', True, False, True),
  (24, 'A300W', 'A300 Weekly Interior', True, False, True),
  (25, 'A300M', 'A300 Monthly Interior', True, False, True),
  (26, 'A300G', 'A300 Gill Liner Interior', True, False, True),
  (27, 'MD11W', 'MD11 Weekly Interior', True, False, True),
  (28, 'MD11M', 'MD11 Monthly Interior', True, False, True),
  (29, 'MD11G', 'MD11 Gill Liner Interior', True, False, True),
  (30, 'SPLEXT', 'Special Exterior', True, False, True),
  (31, 'SPLINT', 'Special Interior', True, False, True),
  (32, 'PE', 'Plant Engineering', True, False, False),
  (33, 'UPSMICS', 'UPS Misc', True, False, False),
  (34, 'POTWATER', 'Potable Water', True, False, True),
  (35, 'GEARWASH', 'Gear Wash', True, True, True),
  (36, 'KWASH', 'K Wash', True, True, True),
  (37, 'DAYWASH', 'Day Wash', True, True, True),
  (38, 'HANGARINT', 'Hangar Interior', True, True, True),
  (39, 'ZONE1LINE', 'Zone 1 Line', True, True, True),
  (40, 'ZONE2LINE', 'Zone 2 Line', True, True, True),
  (41, 'ZONE3LINE', 'Zone 3 Line', True, True, True),
  (42, 'ZONE1HANGAR', 'Zone 1 Hangar', True, True, True),
  (43, 'ZONE2HANGAR', 'Zone 2 Hangar', True, True, True),
  (44, 'ZONE3HANGAR', 'Zone 3 Hangar', True, True, True),
  (45, 'MONTHINT', 'Monthly Interior', True, True, True),
  (46, 'BIWKINT', 'BiWeekly Interior', True, True, True),
  (47, 'CREWSVC', 'Crew Service', True, False, False),
  (48, 'EQUIPCLEAN', 'Equipment Clean', True, False, False),
  (49, 'HANGARCLN', 'Hangar Cleaning', True, False, False),
  (50, 'SPARCLEAN', 'Spar Clean', True, True, True),
  (51, 'WHEELWELL', 'Wheel Well', True, True, True);

-- 
-- Dumping data for table servicecategory
--
INSERT INTO servicecategory VALUES 
  (1, 'Exterior Dry Wash / Polish'),
  (2, 'Interior Cleaning'),
  (5, 'International Trash Removal'),
  (3, 'Lavatory Services'),
  (6, 'Potable Water');

-- 
-- Dumping data for table servicesectionrule
--
-- Table does not contain any data (it is empty)

-- 
-- Dumping data for table aspnet_membership
--
INSERT INTO aspnet_membership VALUES 
  ('012f4944-6844-4569-9879-c35dbb782774', 'SStQVQGi9+Z6/0i90GJFE0K99Dk=', '7QOmP+MQJ5+KO+WsksfP+w==', 1, 'cthipe@airtoground.com', 'no question', 'cxpvW54xX6u9D60Hoo08L2eeppw=', NULL, 0, 0, '2011-10-25 01:49:42', '2011-10-25 01:49:42', '2011-10-25 01:49:42', '2011-10-25 01:49:42', NULL, NULL, NULL, NULL),
  ('026def2a-4f03-44ca-bb6a-60474f585906', 'KKPEfCt+pgAzRU6N+yvaH2/601k=', 'cyIUj20LUV34RyfCYWIbHQ==', 1, 'wsteele@airtoground.com', 'no question', 'ZDV4UF0IC6RWymTmwwbf0wEf/mc=', NULL, 0, 0, '2011-10-25 01:49:42', '2011-10-25 01:49:42', '2011-10-25 01:49:42', '2011-10-25 01:49:42', NULL, NULL, NULL, NULL),
  ('0444c3db-fd66-4e42-909d-2652588c453e', 'HzWzAP7uE9wyqJbpnXeSuA4OjYI=', '5UO4Nzhj7uOZQkLY63W84Q==', 1, 'ashramm@airtoground.com', 'no question', 'dW3kVtg6vsLhosNc52/UkyXaXV4=', NULL, 0, 0, '2011-10-25 01:49:42', '2011-10-25 01:49:42', '2011-10-25 01:49:42', '2011-10-25 01:49:42', NULL, NULL, NULL, NULL),
  ('069967cd-1d3a-4b1a-aee4-4b026a4a1f78', '1LEKR226iEDTwWU0zsL1V8AqKYM=', 'nUDbQDnlvCWYyfIAEFl5Hw==', 1, 'aroque@airtoground.com', 'no question', 'n7bjHzDU6D1J4xnMTkcFHRNTgUA=', NULL, 0, 0, '2011-10-25 01:49:42', '2011-10-25 01:49:42', '2011-10-25 01:49:42', '2011-10-25 01:49:42', NULL, NULL, NULL, NULL),
  ('0aae063d-0288-4704-a36a-ddce7097fd08', 'fKrsWp+UaD1xvgr8aS9Ab1xsqG4=', 'RTfdNlqwjcc9FXKm7Wb8pQ==', 1, 'mhunt@airtoground.com', 'no question', 'H1JHfBxy9eBTRT/EOM4VG1iek8g=', NULL, 0, 0, '2011-10-25 01:49:41', '2011-10-25 01:49:41', '2011-10-25 01:49:41', '2011-10-25 01:49:41', NULL, NULL, NULL, NULL),
  ('0b65b464-7c36-4fb8-9981-d86f5cd466bc', 'OqN1amHIQpk0Z7TAkT+MlvRX6Mo=', '1Tin0b9eghv58U6U6w6ZFw==', 1, 'cgonzalez@airtoground.com', 'no question', 'Up90Y2BLDcr1Pfddt7XUhpNLmiY=', NULL, 0, 0, '2011-10-25 01:49:41', '2011-10-25 01:49:41', '2011-10-25 01:49:41', '2011-10-25 01:49:41', NULL, NULL, NULL, NULL),
  ('120e29c6-04da-4c32-a10b-8dcc7f63da71', '6KwirFUl5x9VnCjlDTZL0pHh19Q=', '0vD+gxqHflQcJHfGEPtbmw==', 1, 'ashannon@airtoground.com', 'no question', 'tSgLK0FTjlN4ZhQQaUn8WGls3Ls=', NULL, 0, 0, '2011-10-25 01:49:42', '2011-10-25 01:49:42', '2011-10-25 01:49:42', '2011-10-25 01:49:42', NULL, NULL, NULL, NULL),
  ('122a5f4c-2dfe-4d21-a5d9-ef99f075416a', 'kU484abzgCiAxFfn5zjeLerlN34=', 'lXANnIP7BgkSBVCQa6ii2Q==', 1, 'dcheatham@airtoground.com', 'no question', 'ymqNMmGcMg8CVhvTuAz94zfQtuk=', NULL, 1, 0, '2011-10-24 22:38:00', '2011-10-24 22:38:00', '2011-10-24 22:38:00', '2011-10-24 22:38:00', NULL, NULL, NULL, NULL),
  ('13f15430-72d9-4c22-ba98-8192b58632b9', '4d8zY4fZNa2ME5ETP1/zcnXO1a4=', 'KZD/k75R2qJoLZTBgMdTOA==', 1, 'mspencer@airtoground.com', 'no question', 'mAK9/3AE4kV8O6I95l0F6QM6rTo=', NULL, 0, 0, '2011-10-24 23:04:55', '2011-10-24 23:04:55', '2011-10-24 23:04:55', '2011-10-24 23:04:55', NULL, NULL, NULL, NULL),
  ('1888ccbb-fc88-4a1c-b58c-31741d1f3341', 'PeTQrfDCCdHBH8361bVMcpcPKMM=', 'S/Ax/AbL7P4kqchqF5CFjQ==', 1, 'wguardado@airtoground.com', 'no question', 'ZqMeFdJmWFjoOL5UOAzy6hNBCLE=', NULL, 0, 0, '2011-10-25 01:49:41', '2011-10-25 01:49:41', '2011-10-25 01:49:41', '2011-10-25 01:49:41', NULL, NULL, NULL, NULL),
  ('18e135af-9c03-41c1-8aee-fd433b203d0d', 'qQPMTTbe0iLiZnHYcrUXJSus/rc=', 'A7ztmRJCsVot/GgsVZ/Qtg==', 1, 'csimmons@airtoground.com', 'no question', 'YfYP4VvJWM5FniQzDB9Oo7RnuM8=', NULL, 0, 0, '2011-10-25 01:49:42', '2011-10-25 01:49:42', '2011-10-25 01:49:42', '2011-10-25 01:49:42', NULL, NULL, NULL, NULL),
  ('1a3d154b-e3d0-4bd3-9eab-4168a7ec5276', 'EcGBM/30ai10JaGDqkI7K8aBq7A=', 'Hb54UrbL2AX+znCQVjs3qA==', 1, 'wdiehl@airtoground.com', 'no question', '1dMpN2QsEh7y2yV2DOjH37m3ZXg=', NULL, 0, 0, '2011-10-25 01:44:48', '2011-10-25 01:44:48', '2011-10-25 01:44:48', '2011-10-25 01:44:48', NULL, NULL, NULL, NULL),
  ('1bf6be60-1618-4ab6-ac40-211baffc3518', '0hX0k0CqtBvcer0i0HDvfISxqlc=', 'P0sja8f/l0ZdJeIIBnu9Qw==', 1, 'eyoung@airtoground.com', 'no question', '8cN8kh8psjW6ScHtzYgs+RSl4qs=', NULL, 1, 0, '2011-10-24 23:36:16', '2011-10-24 23:36:16', '2011-10-24 23:36:16', '2011-10-24 23:36:16', NULL, NULL, NULL, NULL),
  ('1f917667-0a10-40ef-b969-08762ca2ceb7', '9qnU3pDEDnskLXs1WTvjN3ZGPMw=', 'ELlTQVC5M2u7gsItIPua5Q==', 1, 'mmason@airtoground.com', 'no question', 'mtG25UaYCYaBlgUbOl6pn34Jpdw=', NULL, 0, 0, '2011-10-25 01:49:41', '2011-10-25 01:49:41', '2011-10-25 01:49:41', '2011-10-25 01:49:41', NULL, NULL, NULL, NULL),
  ('263b2e4f-2a0c-4559-9d41-9a43e30c9161', 'pIgC+HzCk4b6BjZYQeh5n8cdO8E=', 'jPF1PZu1ScVjaaPyhJ+zwQ==', 1, 'dolin@airtoground.com', 'no question', 'lJaepA+14Rd8dBR4Gd7MXZyHF3k=', NULL, 0, 0, '2011-10-25 01:49:42', '2011-10-25 01:49:42', '2011-10-25 01:49:42', '2011-10-25 01:49:42', NULL, NULL, NULL, NULL),
  ('264f26b9-b2ff-4c5b-a63f-0076bd1a66a0', 'u+bagegFlp5DDzpN0uq1GFue1J0=', 'fHn4+qgUPGL7BXnCE/XlGA==', 1, 'mstephens@airtoground.com', 'no question', 'abJsDX5dlDktV6EE608jaFrT5ko=', NULL, 0, 0, '2011-10-25 01:49:42', '2011-10-25 01:49:42', '2011-10-25 01:49:42', '2011-10-25 01:49:42', NULL, NULL, NULL, NULL),
  ('28c540b6-2863-423c-84c2-fbeabbddec45', 'WMJGo4gsL2jyYfCGXOSlbGaLAVU=', 'RZ42iX3HbktuPisU//aFfw==', 1, 'rbritt@airtoground.com', 'no question', 'z7qTVj3EVyG30Sc3OOqi9fL7XSg=', NULL, 0, 0, '2011-10-25 01:44:48', '2011-10-25 01:44:48', '2011-10-25 01:44:48', '2011-10-25 01:44:48', NULL, NULL, NULL, NULL),
  ('2a14fd1e-434b-4f19-8083-e221118d11b7', 'yRj9dpGY8HY7lJy/TO1wjCLyO+Y=', 'LZ7oNwXkJ1GkqLEKKaogWA==', 1, 'lluneta@airtoground.com', 'no question', 'AKVuvSTOUFkHe38hokL6q8n2beI=', NULL, 0, 0, '2011-10-25 01:49:41', '2011-10-25 01:49:41', '2011-10-25 01:49:41', '2011-10-25 01:49:41', NULL, NULL, NULL, NULL),
  ('2a88f17c-cae8-4f6c-93af-9bcc9a461a88', 'TzvasDi/H+1v+DgCdemjnIDzxlg=', 'QPV/PZdUxroHnilx6NjG8w==', 1, 'callen@airtoground.com', 'no question', 'kYZAft8Adf5Qx622lTiYTfPZIHQ=', NULL, 0, 0, '2011-10-24 23:36:59', '2011-10-24 23:36:59', '2011-10-24 23:36:59', '2011-10-24 23:36:59', NULL, NULL, NULL, NULL),
  ('2ba26f39-3cd4-464d-bcf6-914278582ff1', 'JktEoLA6pTXl+unyFue9banM+5A=', 'LSEv1V9Vz/iVo97bWPoeDA==', 1, 'jherbert@airtoground.com', 'no question', 'dX2RVKGaCFgLsxvGJpYJmN4Qtsw=', NULL, 0, 0, '2011-10-25 01:49:41', '2011-10-25 01:49:41', '2011-10-25 01:49:41', '2011-10-25 01:49:41', NULL, NULL, NULL, NULL),
  ('2e5a830c-eacd-419a-9b35-3fc3d308777c', 'OC6SteGoVPpD9TUciiE6q5sXzUc=', '1BHMXkePrVq5BGhcuKscUw==', 1, 'zhamilton@airtoground.com', 'no question', 'V92qRL3oPwVc/rDXLbne6YNuorE=', NULL, 0, 0, '2011-10-25 01:49:41', '2011-10-25 01:49:41', '2011-10-25 01:49:41', '2011-10-25 01:49:41', NULL, NULL, NULL, NULL),
  ('2f45824c-d0d6-4855-a637-6703d594e21e', 'ac8So2SBrSkU+z8hSbabXfP+on0=', 'Mv7NLd9Ct863XcEE7qYzPA==', 1, 'kchau@airtoground.com', 'no question', 'tNOaWYS+Vbm9D2dGUbnwnNJT/XY=', NULL, 0, 0, '2011-10-25 01:44:48', '2011-10-25 01:44:48', '2011-10-25 01:44:48', '2011-10-25 01:44:48', NULL, NULL, NULL, NULL),
  ('33f114bc-519a-471e-b6a0-8efccbbdb3e3', 'rTlyiEuCjROuZXQAaoXQbU9CFRc=', 'uKrzAXyHMUkax1IC2Bu+Gw==', 1, 'grodriguez@airtoground.com', 'no question', '2OPREbE2V69zSoFE2Mv1Wgu9GvI=', NULL, 0, 0, '2011-10-25 01:49:42', '2011-10-25 01:49:42', '2011-10-25 01:49:42', '2011-10-25 01:49:42', NULL, NULL, NULL, NULL),
  ('3404a2a6-c7e7-4987-9cd4-2bfe6c33c433', 'F6o6KH4OcbGzMzHYvQf5DMeaKF8=', 'YE0cYN+V35lSoxJKRGbD7A==', 1, 'vtorres@airtoground.com', 'no question', '9Tm9btfS6sQ1TbFjiuYHm3Yn9xE=', NULL, 0, 0, '2011-10-25 01:49:42', '2011-10-25 01:49:42', '2011-10-25 01:49:42', '2011-10-25 01:49:42', NULL, NULL, NULL, NULL),
  ('361cf98b-5bec-48fd-b82d-7c7017f94fa8', '4r9/J1RPGUAgBwbrcb1oC8RpNLs=', '5NFgS4sxJDrUsiW+pFsB1g==', 1, 'mwaddell@airtoground.com', 'no question', 'ZQ6BoIWqIz8pozbaljIPg2X/Y0I=', NULL, 0, 0, '2011-10-25 01:49:42', '2011-10-25 01:49:42', '2011-10-25 01:49:42', '2011-10-25 01:49:42', NULL, NULL, NULL, NULL),
  ('36af7cbc-4f3c-4e50-b52a-6ecfee489604', 'TVGHxHCYV+uT5Ksf170d8rBfEUk=', '4XyaJ5175oLoIBO8FjG1sQ==', 1, 'jleeper@airtoground.com', 'no question', 'fGtwMK2YzhjIVb/f2jx6iVBmUMY=', NULL, 0, 0, '2011-10-25 01:49:41', '2011-10-25 01:49:41', '2011-10-25 01:49:41', '2011-10-25 01:49:41', NULL, NULL, NULL, NULL),
  ('382c550b-50b7-49e6-a615-42a22f50de74', 'ChoMq3QUR+gr0wTio/KdO96zGOU=', 'SY8kPRCbqtEdnB2yPA/Ong==', 1, 'kfuchs@airtoground.com', 'no question', 'jAlvlF77smVFOdYG/oGVJvuScYA=', NULL, 1, 0, '2011-10-24 22:53:25', '2011-10-24 22:53:25', '2011-10-24 22:53:25', '2011-10-24 22:53:25', NULL, NULL, NULL, NULL),
  ('38c349ba-9247-4dd0-a336-0b8f737941f6', '2mH6TII/xOEcT36tOGYvzPnArfM=', 'P3wceWF+uoQ2kG2vyBmNLg==', 1, 'tmoore@airtoground.com', 'no question', 'UTOH7JtAko3iHHgJXhI10FZ412k=', NULL, 0, 0, '2011-10-25 01:49:41', '2011-10-25 01:49:41', '2011-10-25 01:49:41', '2011-10-25 01:49:41', NULL, NULL, NULL, NULL),
  ('39b086f9-cd27-468d-a81a-4b9c973e141b', 'WvcRLKcrVThQ0QpacuXbQL51tdo=', 'xwciYcIqqFHh4hFZRYXNQw==', 1, 'dhubbard@airtoground.com', 'no question', 'nUjN9PfugAWdUvclnBz69QzbK+c=', NULL, 0, 0, '2011-10-25 01:49:41', '2011-10-25 01:49:41', '2011-10-25 01:49:41', '2011-10-25 01:49:41', NULL, NULL, NULL, NULL),
  ('3b65b56d-e761-4ede-8dfd-e3f10ab57d8c', 'O8HanYvZ1GpNZ6uQBiIfnWrDTPI=', '9IS2Bn+R5irOe1XGr2Jcrw==', 1, 'scheeks@airtoground.com', 'no question', 'Q4qDs5cOVbFVbhGyz12azAvj9rE=', NULL, 1, 0, '2011-10-24 22:52:16', '2011-10-24 22:52:16', '2011-10-24 22:52:16', '2011-10-24 22:52:16', NULL, NULL, NULL, NULL),
  ('3beb8e65-742d-4a6a-825b-5b9adc36db49', 'e/H5ITuS9J24CAFyObsC0BCfQVg=', '7i3KB5EW5VX0VicBWm261w==', 1, 'bbridwell@airtoground.com', 'no question', 'euiy1/z4bCWvol4xPFcJ6F5TWC8=', NULL, 0, 0, '2011-10-25 01:44:48', '2011-10-25 01:44:48', '2011-10-25 01:44:48', '2011-10-25 01:44:48', NULL, NULL, NULL, NULL),
  ('40268824-d09e-4367-ad22-63d97505e92b', 'ySdqJPjJby2V+BuDkU2P7arci5c=', 'Xf07+1QRe3MR27BLR+t96A==', 1, 'mnelms@airtoground.com', 'no question', 'L12B6IXU7HtfAuDsDF2/7lQusMo=', NULL, 1, 0, '2011-10-24 23:01:04', '2011-10-24 23:01:04', '2011-10-24 23:01:04', '2011-10-24 23:01:04', NULL, NULL, NULL, NULL),
  ('42c36743-9af0-42df-b075-95f323444031', 'OlZ4lh4zxfEDMbrbMKaHg4NA69Y=', '48clFRC25XI39BUXqlfbqQ==', 1, 'mvierling@airtoground.com', 'no question', 'KfoUAGdmGYfmuU6nq0n6k6W/c1Q=', NULL, 0, 0, '2011-10-25 01:49:42', '2011-10-25 01:49:42', '2011-10-25 01:49:42', '2011-10-25 01:49:42', NULL, NULL, NULL, NULL),
  ('45f4074c-9ba9-480c-95f2-b3c898db9c34', 'tPI5i+beQpfKjRqjgtLMdNzBl4A=', 'jYp5J5BSjTsP1C7kN8yJCw==', 1, 'srose@airtoground.com', 'no question', '4NxdsiUJPSYj0hIC5tbtri9zMos=', NULL, 0, 0, '2011-10-25 01:49:42', '2011-10-25 01:49:42', '2011-10-25 01:49:42', '2011-10-25 01:49:42', NULL, NULL, NULL, NULL),
  ('471ff5d6-f97f-49d2-a98f-2873bd1e250b', 'QV1IMG2462czM+Qz/QIK32aYDhQ=', 'wKgaal5Yn9foSFW9Fuqtmg==', 1, 'jgreenwood@airtoground.com', 'no question', 'Dfzk8ERJ/oYMAUtoUtpfacFXp9M=', NULL, 1, 0, '2011-10-24 22:57:17', '2011-10-24 22:57:17', '2011-10-24 22:57:17', '2011-10-24 22:57:17', NULL, NULL, NULL, NULL),
  ('475e2794-aa7b-480d-b799-2b9795dbc701', '8BpGbFLWDaG4MpQymU+WE+VE4x0=', 'yw4STmi9Yn3Tw2jLcQ1w/A==', 1, 'sbohannon@airtoground.com', 'no question', '+kDmI+kw3T34lgzyRp0GJpA/Vgg=', NULL, 0, 0, '2011-10-24 23:43:24', '2011-10-24 23:43:24', '2011-10-24 23:43:24', '2011-10-24 23:43:24', NULL, NULL, NULL, NULL),
  ('485ea1cd-502a-4fc3-8ae6-c87d73651779', 'pKPyL6IXEhq3cC6LfomocRNNbyE=', 'EBdJYZO+a/2deVjB8vQEDw==', 1, 'cspiller@airtoground.com', 'no question', 'hakefSkyazAk7Xq2NTpfOQkIQUQ=', NULL, 0, 0, '2011-10-25 01:49:42', '2011-10-25 01:49:42', '2011-10-25 01:49:42', '2011-10-25 01:49:42', NULL, NULL, NULL, NULL),
  ('491ef858-3325-4163-a667-d73b2b8c458b', '5YEIwi69Poaoq9ahmp91muP62m0=', 'fKThHijfEhS0vJmk0Uf8FA==', 1, 'jkappel@airtoground.com', 'no question', 'xEbKlhPJdTlwoMPjGiQNrAvV5AQ=', NULL, 0, 0, '2011-10-25 01:49:41', '2011-10-25 01:49:41', '2011-10-25 01:49:41', '2011-10-25 01:49:41', NULL, NULL, NULL, NULL),
  ('4ac5cecb-7058-48a2-a498-da8172a9d562', 'RfoglQZRkYkfou/ZDscJWOl5WiQ=', 'eOzLS855SqODSf7r8QoJVg==', 1, 'wperry@airtoground.com', 'no question', 'Uk1ydgwm8UvghZo0vZ4sCcuqTFw=', NULL, 0, 0, '2011-10-25 01:49:42', '2011-10-25 01:49:42', '2011-10-25 01:49:42', '2011-10-25 01:49:42', NULL, NULL, NULL, NULL),
  ('4c0fc483-ec93-42fb-a4bc-263bc729cc8f', 'r9kiyJI92KIsves4GIhxwMLzqvo=', 'Vr/+LlLhPvdOcAD65dUJJA==', 1, 'cwilson@airtoground.com', 'no question', 'nu4esiOHK0d4zysMyW7tSCffOc8=', NULL, 0, 0, '2011-10-25 01:49:42', '2011-10-25 01:49:42', '2011-10-25 01:49:42', '2011-10-25 01:49:42', NULL, NULL, NULL, NULL),
  ('4dc930d7-15b3-4357-93c0-12f220d71382', '/4yQfTgjk42rPwW+iAwUWhaEoWo=', 'orYGhbhtfb9/XFEud1Ubdw==', 1, 'dpetry@airtoground.com', 'no question', 'qSDFXmEM12s15aLndTRpn4rCFRo=', NULL, 0, 0, '2011-10-25 01:49:42', '2011-10-25 01:49:42', '2011-10-25 01:49:42', '2011-10-25 01:49:42', NULL, NULL, NULL, NULL),
  ('4fe06c81-d127-412b-b553-57cfc88ff276', 'y3wU/+615gbNdc7Pu3RGhdE5sD4=', 'RMeR+oaznCJDlWwU+hx0Jg==', 1, 'ggomez@airtoground.com', 'no question', 'gszUg6nyOPz7RmmRUoHYHP7sG2U=', NULL, 0, 0, '2011-10-25 01:49:41', '2011-10-25 01:49:41', '2011-10-25 01:49:41', '2011-10-25 01:49:41', NULL, NULL, NULL, NULL),
  ('50268d70-bdf4-4176-bdfd-c07364511048', 'NQ8i+93HSQJUHvbGGDm0GkQ6X1Q=', 'uyNAPSKhR30PwfSLm16qNw==', 1, 'jgraham@airtoground.com', 'no question', 'ONfoehLYbz0+fYzibOcD5hD0vSo=', NULL, 0, 0, '2011-10-25 01:49:41', '2011-10-25 01:49:41', '2011-10-25 01:49:41', '2011-10-25 01:49:41', NULL, NULL, NULL, NULL),
  ('50d0ae31-b910-4755-9222-ebab42c5d621', '/gRs4eP+r5w7Y6y08ULzTA4CxWw=', 'OsfnmZ3lzuiXqpNbzI4+Lg==', 1, 'rgraham@airtoground.com', 'no question', 'ga4Wzrl7dcXQsXHyrPAxyizi2m4=', NULL, 0, 0, '2011-10-25 01:44:48', '2011-10-25 01:44:48', '2011-10-25 01:44:48', '2011-10-25 01:44:48', NULL, NULL, NULL, NULL),
  ('514dcb21-0c39-4cc1-9b22-f7c66269e6ed', 'bJ8fQO2KYMfZ48gbhRFsIPxA2qY=', 'DYFyFcvotmIvnIvLKEUR4A==', 1, 'cyoung@airtoground.com', 'no question', 'fMCo6QmB4LKwFb0XQYWNx9ybs8g=', NULL, 0, 0, '2011-10-25 01:49:42', '2011-10-25 01:49:42', '2011-10-25 01:49:42', '2011-10-25 01:49:42', NULL, NULL, NULL, NULL),
  ('52bb2f8a-65a0-41be-99ff-9a4421e6f222', 'd8Z6tAOIg5YbVF00uHSOPdyHGBk=', '3LFr+vbEY3VITSpeFv7wVA==', 1, 'tdunagan@airtoground.com', 'no question', 'C+F4qYKvV2rGVrb5uyK0KMzuX5w=', NULL, 0, 0, '2011-10-25 01:44:48', '2011-10-25 01:44:48', '2011-10-25 01:44:48', '2011-10-25 01:44:48', NULL, NULL, NULL, NULL),
  ('52e9ed9f-63f9-4f55-a97f-d7a1d65cd131', 'YKyjK3hILnSjToz7MWhlCcOwr6U=', 'QaL+1B71URIm48Lgo3pWuw==', 1, 'dcarlton@airtoground.com', 'no question', 'YSchN7vweuyYh5aP//25psQS52A=', NULL, 0, 0, '2011-10-25 01:44:48', '2011-10-25 01:44:48', '2011-10-25 01:44:48', '2011-10-25 01:44:48', NULL, NULL, NULL, NULL),
  ('553a96cc-9326-4b64-8850-e6f1c3c0928b', 'fAYzgalq1AXTAzbCIVeOlS6HwVA=', 'SIu+v2LfXNjMIGkuNFqxlA==', 1, 'eegharevba@airtoground.com', 'no question', 'DJ2gagkduegLW4COPyZyEPaskyw=', NULL, 0, 0, '2011-10-25 01:44:48', '2011-10-25 01:44:48', '2011-10-25 01:44:48', '2011-10-25 01:44:48', NULL, NULL, NULL, NULL),
  ('55581b12-2f9e-4722-a266-66afb62dc042', 'aG4T6zHcGzmvgJ8qWdOtcfVmSdE=', 'R92I4rJjD9ESf4yXf5gNGQ==', 1, 'bwilliams@airtoground.com', 'no question', 'MF4jBx+an81lBc6KMJpPJG3jM7g=', NULL, 0, 0, '2011-10-25 01:49:42', '2011-10-25 01:49:42', '2011-10-25 01:49:42', '2011-10-25 01:49:42', NULL, NULL, NULL, NULL),
  ('5677102e-dff9-427a-87b3-6e00499c85d0', 'dIFdIYDLzTTkRBa4fl6/adEFpFk=', '2pluZmF9Iz42TPvzG+u38g==', 1, 'dhinton@airtoground.com', 'no question', 'oPHLN6hFvTZc+/aZNMk8khqE840=', NULL, 0, 0, '2011-10-25 01:49:41', '2011-10-25 01:49:41', '2011-10-25 01:49:41', '2011-10-25 01:49:41', NULL, NULL, NULL, NULL),
  ('56ec72b7-999d-4bd8-9533-814d5b22a750', 'QKfA0N2J1ixbAmZJPcIpgtmJ0po=', '/GviqnsyaFXAMn/eH9eDmQ==', 1, 'eorange@airtoground.com', 'no question', 'EgpdjtvDAJU6tE2RhTmIgUoRmkU=', NULL, 1, 0, '2011-10-24 23:01:48', '2011-10-24 23:01:48', '2011-10-24 23:01:48', '2011-10-24 23:01:48', NULL, NULL, NULL, NULL),
  ('57ab9bf9-a6a1-4e9e-913e-bd9a1bb16e23', '2jaN578pDoXHh6Mmqulpm1MQrAw=', 'G8ZBb+UGq0u6pgdLGtGK0g==', 1, 'qharris@airtoground.com', 'no question', 'fmlmtzTktGAsAEUKPZ2e4jM2u9M=', NULL, 0, 0, '2011-10-25 01:49:41', '2011-10-25 01:49:41', '2011-10-25 01:49:41', '2011-10-25 01:49:41', NULL, NULL, NULL, NULL),
  ('5aa046ba-dea1-4adb-b9b2-0a914e3f310c', '8hjuOGhYwbl+gVj4NN6OXVkmwz0=', 'KTQZbN4Jr4H8HkpKXkt0OQ==', 1, 'agonzalez@airtoground.com', 'no question', 'zEV9VL+iY7tg9bDd22NYkJ/HluM=', NULL, 0, 0, '2011-10-25 01:49:41', '2011-10-25 01:49:41', '2011-10-25 01:49:41', '2011-10-25 01:49:41', NULL, NULL, NULL, NULL),
  ('5c2474ff-d0e3-48f9-9d9a-32b427fb8a52', 'NMIyaMHlPoTgeJEXp3UmKuE1zcI=', 'X0+f4odggjJs1kL3HERH+w==', 1, 'shernandez@airtoground.com', 'no question', 'ITHaikAZrmUuamQMrKOfMIyRL5s=', NULL, 0, 0, '2011-10-25 01:49:41', '2011-10-25 01:49:41', '2011-10-25 01:49:41', '2011-10-25 01:49:41', NULL, NULL, NULL, NULL),
  ('5dacc93a-2970-49af-821e-f58925356e0d', 'whB8iCMqJAxtzwWxFgwFmDZVh0w=', 'rP6VIV3PhKE3B9o+woVBFw==', 1, 'clendman@airtoground.com', 'no question', 'NQFqkD1ECRGW2iqVCGTqSnGCqVs=', NULL, 0, 0, '2011-10-25 01:49:41', '2011-10-25 01:49:41', '2011-10-25 01:49:41', '2011-10-25 01:49:41', NULL, NULL, NULL, NULL),
  ('5e7036d3-3259-4de3-9924-0f89d0ec7f07', 'BtxIWC+DtdpZsbexpamuUIu0nak=', 'e+7wdLfghrn57mxHPA01zA==', 1, 'dmahaffey@airtoground.com', 'no question', 'AC2Fi0HMkoJ7D3xpQgr9H+S53/8=', NULL, 0, 0, '2011-10-25 01:49:41', '2011-10-25 01:49:41', '2011-10-25 01:49:41', '2011-10-25 01:49:41', NULL, NULL, NULL, NULL),
  ('5fc4aefd-fe70-4484-aaff-09d8c8cdeaf9', 'PrXACGNXL568zawaeqElW8XFY+Y=', 'sqOa9A3I6LAE2jMtzKlZ5g==', 1, 'jlloyd@airtoground.com', 'no question', 'FJ5Jn3/0pHt5ymry9ciOWztFppE=', NULL, 0, 0, '2011-10-25 01:49:41', '2011-10-25 01:49:41', '2011-10-25 01:49:41', '2011-10-25 01:49:41', NULL, NULL, NULL, NULL),
  ('611e4776-0646-49cc-89b2-c275fca0c718', 'XO+1Ze9Fv/3L9sbzA9KwrALOTBo=', 'dIq3xMy9F6Nyb1GtySN8Xw==', 1, 'lbrewer@airtoground.com', 'no question', 'PTmPXLhAB6dhDzuYvG03i6qw5jE=', NULL, 0, 0, '2011-10-25 01:44:48', '2011-10-25 01:44:48', '2011-10-25 01:44:48', '2011-10-25 01:44:48', NULL, NULL, NULL, NULL),
  ('6311b3bf-39f6-4a20-a35b-9455e3ffde90', 'tuY8ibZMWBhhRysEAEeVE0R5JIA=', '+budjOjGnVY8cyZIBYNr6g==', 1, 'tcroley@airtoground.com', 'no question', 'd3P4vmou7zvIg/ubw5QvYbX0glU=', NULL, 0, 0, '2011-10-25 01:44:48', '2011-10-25 01:44:48', '2011-10-25 01:44:48', '2011-10-25 01:44:48', NULL, NULL, NULL, NULL),
  ('636b00dc-cc5b-4b95-b82f-425659c58bd5', 'FS65CV1ynL1PUjXRIX0MQkpEANA=', 'da/6YoOpkxZtG4Eo72cIJg==', 1, 'agodinez@airtoground.com', 'no question', 'g7a/l0Lxv2I39WX88UP9jl/Gz1c=', NULL, 0, 0, '2011-10-25 01:49:41', '2011-10-25 01:49:41', '2011-10-25 01:49:41', '2011-10-25 01:49:41', NULL, NULL, NULL, NULL),
  ('69ae403f-e9bc-4685-87a8-26c799c0c963', '+cbxAcHDUOF/LdR0a3T5fnTMrg8=', 'jX2lO6fY3WjciDLU0vo7Ig==', 1, 'squezada@airtoground.com', 'no question', 'tizR4EP5tWqg/jFtHjSSzl0s8c8=', NULL, 0, 0, '2011-10-25 01:49:42', '2011-10-25 01:49:42', '2011-10-25 01:49:42', '2011-10-25 01:49:42', NULL, NULL, NULL, NULL),
  ('69c29fbc-c961-4ad8-9b31-688d0d310705', 'UtzHAVCHF1myuz7e6yfv3bHTpf0=', 'kx1Wq5DMKs9CMZZFZhKQVw==', 1, 'jodaniel@airtoground.com', 'no question', 'TvwJsbKQOJLVECPVLJGBRrpO5FU=', NULL, 0, 0, '2011-10-25 01:49:41', '2011-10-25 01:49:41', '2011-10-25 01:49:41', '2011-10-25 01:49:41', NULL, NULL, NULL, NULL),
  ('6a770571-030e-4a96-a494-fac7b92cbe04', 'Ob6u7aH26PS4RWAk93jKgNyyjjo=', 'c1Gee/b6TrOJbs11/6BL4g==', 1, 'dcurry@airtoground.com', 'no question', 'KBubjQ66Hyi0V83HkiXbJpbxTv4=', NULL, 0, 0, '2011-10-25 01:44:48', '2011-10-25 01:44:48', '2011-10-25 01:44:48', '2011-10-25 01:44:48', NULL, NULL, NULL, NULL),
  ('6caaa2ec-cb84-4107-b795-1d5bcb50926a', 'u1YIAhxejtj/cDS00i57us5kaic=', 'gxVU7fLSX26lrNFHaGGXzA==', 1, 'mburriell@airtoground.com', 'no question', '55ZKV6LXFw7tsQcuu/IIc+wLwBo=', NULL, 0, 0, '2011-10-25 01:44:48', '2011-10-25 01:44:48', '2011-10-25 01:44:48', '2011-10-25 01:44:48', NULL, NULL, NULL, NULL),
  ('71439004-ae61-4884-9cf2-6ab0a3f5dd29', 'BsHCmWjhRRX5DDVReHHLJEffoQg=', 'eIFoOTQ+9StUPobAb92H0Q==', 1, 'ahamilton@airtoground.com', 'no question', 'Efb+wloyKFZK/mvL1pkBtOr+J5A=', NULL, 1, 0, '2011-10-24 22:58:20', '2011-10-24 22:58:20', '2011-10-24 22:58:20', '2011-10-24 22:58:20', NULL, NULL, NULL, NULL),
  ('77f96bd2-9e80-48d9-979d-5f0cbf3f9fbc', 'smjRmUlJMg+hmuOgp8fTOc9amaE=', 'pucyifDrCO2fNu8MM9pf0w==', 1, 'dhensley@airtoground.com', 'no question', 'xlHBb5o2phuQ6zWry6Jvu4aJZ8Y=', NULL, 1, 0, '2011-10-24 22:59:07', '2011-10-24 22:59:07', '2011-10-24 22:59:07', '2011-10-24 22:59:07', NULL, NULL, NULL, NULL),
  ('77fec9d2-ce53-455f-bcc4-caa103a2acf1', 'yyAi5J3irK8GSGXCBOhADMkznsI=', 'xB0/PCDZz5nCJgFSR2FjGQ==', 1, 'beggers@airtoground.com', 'no question', 'bKrpDLjYI+yBP8heFRre1imOjs0=', NULL, 0, 0, '2011-10-25 01:44:48', '2011-10-25 01:44:48', '2011-10-25 01:44:48', '2011-10-25 01:44:48', NULL, NULL, NULL, NULL),
  ('78cb2c86-f09e-4c61-86c6-5c84492b0833', 'cgRxIXe/aYPbCN0CP+Pk5+63wS0=', 'HCOXbULoVA2BVzBq45rjiQ==', 1, 'mekler@airtoground.com', 'no question', 'I9Yn5RnyoH0IeN3vh4cXrMt2OY8=', NULL, 0, 0, '2011-10-25 01:44:48', '2011-10-25 01:44:48', '2011-10-25 01:44:48', '2011-10-25 01:44:48', NULL, NULL, NULL, NULL),
  ('79499f78-2b7a-4456-b987-3b1c3245ddc9', 'A0QMzEJ8FoMNddH2+VpuLdg4CAA=', 'nvTPWLf1Hn+fxqNhoj+q6g==', 1, 'tgarrett@airtoground.com', 'no question', 'FB93cU0rLg6RzD82PNMNTsmbGTs=', NULL, 0, 0, '2011-10-25 01:49:41', '2011-10-25 01:49:41', '2011-10-25 01:49:41', '2011-10-25 01:49:41', NULL, NULL, NULL, NULL),
  ('7a0b8651-e69f-47a8-9b54-f5cf5bab5530', 'cNGjU3zid/AJ0TBH76E16Fy3OR8=', 'CHHWc6etTg4xnoHwAjuPXA==', 1, 'lgalvez@airtoground.com', 'no question', 'YGJ7kJP50zkl9bVfn+XNiA7sP6I=', NULL, 0, 0, '2011-10-25 01:49:41', '2011-10-25 01:49:41', '2011-10-25 01:49:41', '2011-10-25 01:49:41', NULL, NULL, NULL, NULL),
  ('7bf1dde3-a6ad-4249-a02e-3c91a166876c', 'yhU3X/CiFZ8MdTlVl08EFEv1p4Q=', '/2G67qbzsp2JKc+GxY7ftw==', 1, 'abowman', 'no question', 'o6QO1/+uSCkDOtxWD7A3QgkRy6I=', NULL, 0, 0, '2011-10-24 23:44:22', '2011-10-24 23:44:22', '2011-10-24 23:44:22', '2011-10-24 23:44:22', NULL, NULL, NULL, NULL),
  ('7e154d07-c017-43d8-9768-d4c7213fe1ed', 'fBKu2sz7E/hwFmxUKQ7bG/zBFZ8=', 'fbfKjPkRB38qt/3GQKERKA==', 1, 'jlusk@airtoground.com', 'no question', 'Rr2KU/B71uUb/JAttEghphNMYxA=', NULL, 0, 0, '2011-10-25 01:49:41', '2011-10-25 01:49:41', '2011-10-25 01:49:41', '2011-10-25 01:49:41', NULL, NULL, NULL, NULL),
  ('802150f2-5be7-4b2e-906a-800adad61e3d', 'HIEfc/LjR/RQIMWScQD5LUIX6qU=', 'WY2GmaS7tzGbkGQfo6hfwQ==', 1, 'koclair@airtoground.com', 'no question', 'JY6EolXSTesTP9gELwlb/0iE3bY=', NULL, 0, 0, '2011-10-25 01:49:41', '2011-10-25 01:49:41', '2011-10-25 01:49:41', '2011-10-25 01:49:41', NULL, NULL, NULL, NULL),
  ('81de4147-bbe3-444d-a743-ad3683e2e2d3', 'zqwJKba9+2hWfgxWjQmFt6WuTZw=', 'R+SEQGieFXonw6GjjVvOvg==', 1, 'tlawton@airtoground.com', 'no question', 'fq3mIIlEZFKxZYnDtOSP+cA2Xc0=', NULL, 0, 0, '2011-10-25 01:49:41', '2011-10-25 01:49:41', '2011-10-25 01:49:41', '2011-10-25 01:49:41', NULL, NULL, NULL, NULL),
  ('820df884-c08a-4f68-bc7d-4da8060ab01d', 'RURWTeXMRxQn0Spd8FWMX6l5Uwk=', 'MSctCVG/x45d2nUIucjTqw==', 1, 'cderas@airtoground.com', 'no question', 'eCwb5+FwNIarW4rBEODMFCzBj0k=', NULL, 0, 0, '2011-10-25 01:44:48', '2011-10-25 01:44:48', '2011-10-25 01:44:48', '2011-10-25 01:44:48', NULL, NULL, NULL, NULL),
  ('83777cbf-c5a1-4e2a-831b-f1af50e28b16', 'iFmr6UqDgNGxiSXljDbsEdEccPw=', 'LSqjUuYLyI45q1fC7ZpYSg==', 1, 'pstone@airtoground.com', 'no question', 'Knsn4Vv9Fkx6fgV60tUqRvmXyoY=', NULL, 0, 0, '2011-10-25 01:49:42', '2011-10-25 01:49:42', '2011-10-25 01:49:42', '2011-10-25 01:49:42', NULL, NULL, NULL, NULL),
  ('83c5e007-cba1-4ff3-8595-9573042a2cdc', 'Y30eBFYECjcYJv2VhIs/2nfDBrM=', 'bYxJJ787/zfLDcr6zohd1w==', 1, 'jhoke@airtoground.com', 'no question', 'z83S4f5HUaZFW9J/YWKYRbvzC7w=', NULL, 0, 0, '2011-10-25 01:49:41', '2011-10-25 01:49:41', '2011-10-25 01:49:41', '2011-10-25 01:49:41', NULL, NULL, NULL, NULL),
  ('852bae26-daa6-4342-a18f-bdf6c2917bb8', 'EThOJ9J66rZvWSncbm1bp1L1DVI=', 'ai4RPJZdFo1s/ivy7LeK/Q==', 1, 'bmurphy@airtoground.com', 'no question', 'i/wD7vhTjSxx5kAjmdfmXNGDLTs=', NULL, 0, 0, '2011-10-25 01:49:41', '2011-10-25 01:49:41', '2011-10-25 01:49:41', '2011-10-25 01:49:41', NULL, NULL, NULL, NULL),
  ('8850b024-1d0b-4b13-a97f-1ff908e2abd4', 'xYA5RMPPW6krRADroENXqNuVarI=', '45Ioj0Rr3FSVWFwzg2D6rw==', 1, 'ecompton@airtoground.com', 'no question', 'Om5NJW0/59d97m4dptKzh5z1n5w=', NULL, 0, 0, '2011-10-25 01:44:48', '2011-10-25 01:44:48', '2011-10-25 01:44:48', '2011-10-25 01:44:48', NULL, NULL, NULL, NULL),
  ('89f86751-7265-47de-9c19-3f912c04ba7f', 'o8eL0yY3hctfgWF53MT7AWYZBi4=', 'ctF583GJ4o5qb+icB2JHrg==', 1, 'jpena@airtoground.com', 'no question', 'wBGtJpvao6WvoDlRAK09tRj1opM=', NULL, 0, 0, '2011-10-25 01:49:42', '2011-10-25 01:49:42', '2011-10-25 01:49:42', '2011-10-25 01:49:42', NULL, NULL, NULL, NULL),
  ('8bc03066-3af2-4504-afda-8d2a7b8e3cfe', 'BkhF67NxUczPmFph/TVZyMXG/Wo=', 'OdAa1CiHNChS93aAJD49rA==', 1, 'scothron@airtoground.com', 'no question', 'qsXqIpGg0O5JTqSJJWICnTU/QE8=', NULL, 0, 0, '2011-10-25 01:44:48', '2011-10-25 01:44:48', '2011-10-25 01:44:48', '2011-10-25 01:44:48', NULL, NULL, NULL, NULL),
  ('8d351a3c-b3df-40c0-92b6-4c6efc8b2df9', '1hEHzAHIdyr84dD+SaUfXY7cuxg=', 'sQ9sfZeE5l7GnN8JLc8WSA==', 1, 'mmiller@airtoground.com', 'no question', 'nlMg2+MbxE7UqnCuEe7DIrAiOZ0=', NULL, 0, 0, '2011-10-25 01:49:41', '2011-10-25 01:49:41', '2011-10-25 01:49:41', '2011-10-25 01:49:41', NULL, NULL, NULL, NULL),
  ('903ca662-5170-47e5-8923-f1be52004fc1', 'dBl4+GA4F5KLBE/OY23PHhZ9htE=', 'tF/84LdF0X4WFGpurn2etg==', 1, 'jsmith@airtoground.com', 'no question', 'DRm9scXgSonjfwvm+PAZfJHtfSQ=', NULL, 0, 0, '2011-10-25 01:49:42', '2011-10-25 01:49:42', '2011-10-25 01:49:42', '2011-10-25 01:49:42', NULL, NULL, NULL, NULL),
  ('90b907c8-4bda-4617-9a92-c83bc1f5584c', 'qg/9VU8c5ahTHY5kqxaIkAZoG/M=', 'zOhlqW/8zGRraH6T21YfEQ==', 1, 'tfoster@airtoground.com', 'no question', 'xP9S1bnIq5RW63weyBjtvwKiH+w=', NULL, 0, 0, '2011-10-25 01:44:48', '2011-10-25 01:44:48', '2011-10-25 01:44:48', '2011-10-25 01:44:48', NULL, NULL, NULL, NULL),
  ('916ef0de-8a71-4710-9388-e2955f3ae1e3', 'HHgGqZYJbtif6HrbGT9z1yaXc6A=', 'vFn4iaS1TgOKV5EliOZLlA==', 1, 'sdotson@airtoground.com', 'no question', 'JejMYc3TWzphHFB5rk4oQGLiDl4=', NULL, 0, 0, '2011-10-25 01:44:48', '2011-10-25 01:44:48', '2011-10-25 01:44:48', '2011-10-25 01:44:48', NULL, NULL, NULL, NULL),
  ('92ceca63-b091-47cc-8b2f-e36eb682f14b', '80xUAe05pGYcdzhOUTOs0RM1rNU=', 'qzi8a+f8Yo1kVv7qxoNmNg==', 1, 'dfunk@airtoground.com', 'no question', 'iEKXu5K1tGhKL2Kt9GcebxAvTS4=', NULL, 0, 0, '2011-10-25 01:44:48', '2011-10-25 01:44:48', '2011-10-25 01:44:48', '2011-10-25 01:44:48', NULL, NULL, NULL, NULL),
  ('934b5f8e-6322-4eb2-9758-f9185f4eaca5', 'imUYzoNKWu8oNX9H81Uet8Qr1q4=', 'YiSsunYR/tWCfBCJVcnG2g==', 1, 'cnilest@airtoground.com', 'no question', 'D94c6p9jjbWksPydD0McmExZ0T0=', NULL, 1, 0, '2011-10-25 01:44:48', '2011-10-25 01:44:48', '2011-10-25 01:44:48', '2011-10-25 01:44:48', 0, NULL, 0, NULL),
  ('973918c0-6d60-42fd-8dfa-43a1ebb1b66c', 'Nre0Sou+b36gpkkCxviUKmAhIdg=', 'Z7f7jwwlKzvbVamWVy6qew==', 1, 'ksortore@airtoground.com', 'no question', 'AK29GoCvvzA/JaCILzuhg2eDLEo=', NULL, 0, 0, '2011-10-25 01:49:42', '2011-10-25 01:49:42', '2011-10-25 01:49:42', '2011-10-25 01:49:42', NULL, NULL, NULL, NULL),
  ('99ee9d88-9cb1-479b-bdc3-79a89d554987', 'Pezu2qbLVJavGubLomNM4Dn1AQo=', 'TK5pRT6Vs/cmjEdmPO66vA==', 1, 'swalker@airtoground.com', 'no question', '3fWORbdJPBm7FOrgXcRA7EyN/BM=', NULL, 0, 0, '2011-10-25 01:49:42', '2011-10-25 01:49:42', '2011-10-25 01:49:42', '2011-10-25 01:49:42', NULL, NULL, NULL, NULL),
  ('9a7f4aa9-8eaa-4c5a-b3f0-703f2b3b26fa', 'EDdNlhlzvyK+cjYHuVxXN2w8n9Y=', '2wBZPi/VHOzCb372X128xg==', 1, 'savalos@airtoground.com', 'no question', 'FYVBWPfwLVh6S2VBtHVBAbYXxDU=', NULL, 0, 0, '2011-10-24 23:38:47', '2011-10-24 23:38:47', '2011-10-24 23:38:47', '2011-10-24 23:38:47', NULL, NULL, NULL, NULL),
  ('9b24470c-6774-4c05-8bc7-018d9d50f2a0', '6gN8VoSMPPklTTDZFQcO+5hD8Lc=', 'lxXrn5zlKiE4Qsiwk2Rbzg==', 1, 'skluttz@airtoground.com', 'no question', 'lcWlw3h0BCZedm2t0VRaK6b/mDE=', NULL, 0, 0, '2011-10-25 01:49:41', '2011-10-25 01:49:41', '2011-10-25 01:49:41', '2011-10-25 01:49:41', NULL, NULL, NULL, NULL),
  ('a567d6b1-ef10-4a82-b2e5-dba628520e03', '5ZTcuvph4OjyTB7+qBkGdDIJG4g=', 'F6ivZ26R2genu76sPRQqgw==', 1, 'arodriguez@airtoground.com', 'no question', 'LvOkyGi+rwk6uQZG75dHuwPcDi8=', NULL, 0, 0, '2011-10-25 01:49:42', '2011-10-25 01:49:42', '2011-10-25 01:49:42', '2011-10-25 01:49:42', NULL, NULL, NULL, NULL),
  ('a5eca210-d334-45ca-9788-8473043179a3', '6q0RMHFNNKPqrOqNqb1KbajPxGQ=', 'v19zMR7yhUoBDOjS0qFlpw==', 1, 'randerson@airtoground.com', 'no question', '5LVe4UEAoFLK2atQY3pBSD60EIs=', NULL, 0, 0, '2011-10-24 23:38:03', '2011-10-24 23:38:03', '2011-10-24 23:38:03', '2011-10-24 23:38:03', NULL, NULL, NULL, NULL),
  ('a6928a13-6b73-4614-985c-3d8d7a920142', 'mcvHwnA3wu+LS4i+wELtCh+0z5o=', 'L794W/bL8hqNdk10NGUypQ==', 1, 'mmoore@airtoground.com', 'no question', 'ndtCwD7T9ReyXzKim8rDK05k2D4=', NULL, 0, 0, '2011-10-25 01:49:41', '2011-10-25 01:49:41', '2011-10-25 01:49:41', '2011-10-25 01:49:41', NULL, NULL, NULL, NULL),
  ('a728c8a3-03e4-4f2f-a634-04fdd4e2d77f', 'WOebkJRm72Xc4ThfHgH5U0ecu+4=', '9Xp3vvd8ryuiJCo8qRqp9A==', 1, 'jgoldsmith@airtoground.com', 'no question', '2KNXPqgZJNl6Z1gfNWAIv/CnG2A=', NULL, 0, 0, '2011-10-25 01:49:41', '2011-10-25 01:49:41', '2011-10-25 01:49:41', '2011-10-25 01:49:41', NULL, NULL, NULL, NULL),
  ('a797ef96-2838-4ec6-aaa7-ec63129610b0', 'Fq0tkE7sEwmC4YdIM3Xa6qkO/R4=', 'OsE90Vp3f60VoYtLQDKV5g==', 1, 'swhiteside@airtoground.com', 'no question', 'rwchC8814DG6vGy0R5H4ZWVWKZc=', NULL, 0, 0, '2011-10-25 01:49:42', '2011-10-25 01:49:42', '2011-10-25 01:49:42', '2011-10-25 01:49:42', NULL, NULL, NULL, NULL),
  ('a8e77d87-b9ba-4e21-9de1-6e3ed8b0552b', 'vTRa5t988+xZ7uSV0u2qSjZSlIE=', '8tTQRhqcLW3EewMkItnwrQ==', 1, 'jhunter@airtoground.com', 'no question', 'cTg6EuCNCZsyUbnQ0NA4fJnE9XE=', NULL, 0, 0, '2011-10-25 01:49:41', '2011-10-25 01:49:41', '2011-10-25 01:49:41', '2011-10-25 01:49:41', NULL, NULL, NULL, NULL),
  ('aa907506-21e1-4d48-bae2-208c35f50980', '09FTOFpjwVGMFzAi65dg8ClaOB8=', 'R/78wcpeMER6ckmIYgw1Hg==', 1, 'jrodrigruez@airtoground.com', 'no question', '7hYTbyxZkEj5NR6vWj/cDhV8S+Y=', NULL, 0, 0, '2011-10-25 01:49:42', '2011-10-25 01:49:42', '2011-10-25 01:49:42', '2011-10-25 01:49:42', NULL, NULL, NULL, NULL),
  ('aaed1248-47db-4105-88ed-f636f8f1edb8', 'DhoGHVLZI3jfMNltYPAb8o3N05U=', 'XlEora7FE0s7Yy/ifEQLyQ==', 1, 'ebiesiada@airtoground.com', 'no question', '3ww2n5uVXM2HVoA/Fm/rwq+9ICU=', NULL, 0, 0, '2011-10-24 23:42:46', '2011-10-24 23:42:46', '2011-10-24 23:42:46', '2011-10-24 23:42:46', NULL, NULL, NULL, NULL),
  ('adfeb297-3512-4bb1-a450-d6ffbb7cc594', 'KKfW8xhcS1UT6+hi3cXGLpcOuB0=', 'ygbcR+k6MuMmqgLsG3VMnA==', 1, 'jalltop@airtoground.com', 'no question', 'sh8CXMJOm0ihAeF943M+8xEi3pI=', NULL, 0, 0, '2011-10-24 23:37:31', '2011-10-24 23:37:31', '2011-10-24 23:37:31', '2011-10-24 23:37:31', NULL, NULL, NULL, NULL),
  ('aea2f627-363c-4522-93d1-6de5a7965982', 'MKqmE+wIrW+s7NjgNse7DcMIo4o=', 'kMgdT5KqhDRuL6NXHf4uUQ==', 1, 'ajohnson@airtoground.com', 'no question', 'p3hI1myGK7FnNCxNMbtu7g+wluE=', NULL, 0, 0, '2011-10-25 01:49:41', '2011-10-25 01:49:41', '2011-10-25 01:49:41', '2011-10-25 01:49:41', NULL, NULL, NULL, NULL),
  ('b06bea7c-cec8-4650-b071-372a5cdb9a15', 'E4l8hz99nTHikpxoSvrr241WDvU=', 'gacgi1ej4XORf25x2Y0ngA==', 1, 'mlynch@airtoground.com', 'no question', '+uUEs6IjS9vx5SHQGAdAlUiil/M=', NULL, 0, 0, '2011-10-24 23:00:22', '2011-10-24 23:00:22', '2011-10-24 23:00:22', '2011-10-24 23:00:22', NULL, NULL, NULL, NULL),
  ('b1b1fa56-3658-4005-9331-4d6d7c77b291', 'MItVOu2/Od2hKxHsDOcXgN07qEY=', 'g9E9tr1SUMX9YuaW5agLTA==', 1, 'jfelts@airtoground.com', 'no question', 'h2LlboVuNGOjKLZGmJ6gQbhBdBQ=', NULL, 0, 0, '2011-10-25 01:44:48', '2011-10-25 01:44:48', '2011-10-25 01:44:48', '2011-10-25 01:44:48', NULL, NULL, NULL, NULL),
  ('b4f1f43b-1e1d-484d-9b87-94c52a4422ea', 'THTybShKcRF9vqzTQUul2Nlf6QE=', 'OnUk34+u6/ok8OpgGrqhPQ==', 1, 'dmeadows@airtoground.com', 'no question', 'PKPq8+Z7AZayeWQpg94+uTCDlaM=', NULL, 0, 0, '2011-10-25 01:49:41', '2011-10-25 01:49:41', '2011-10-25 01:49:41', '2011-10-25 01:49:41', NULL, NULL, NULL, NULL),
  ('b554553e-4d99-4bc7-b179-cf5114fb1a69', 'E13TJyjURrLlxufmaffYzaVfINk=', 'uSGTIDMhxCHS1T3z3PPSpw==', 1, 'ghines@airtoground.com', 'no question', 'LZ5cj7WrQodp7Ud/vu7Mc2s2gOY=', NULL, 0, 0, '2011-10-25 01:49:41', '2011-10-25 01:49:41', '2011-10-25 01:49:41', '2011-10-25 01:49:41', NULL, NULL, NULL, NULL),
  ('b566206c-d2f4-4bc4-b625-25ff2afa4abd', 'z3K42kB2fnOXsc83WAn00zUF1j4=', 'rfGJayj2v9LJykVim0lPgg==', 1, 'rpence@airtoground.com', 'no question', 'b4XaJeVVWxwTctDtLjFvNPlfn8A=', NULL, 0, 0, '2011-10-25 01:49:42', '2011-10-25 01:49:42', '2011-10-25 01:49:42', '2011-10-25 01:49:42', NULL, NULL, NULL, NULL),
  ('b5981a3c-5517-49a6-b440-6ec5845ffde1', '+dWj02FZPHkNIsNFw2k1cIv+ITA=', 'jPvNcGqKWKqMyD+sNaONpg==', 1, 'gmartinez@airtoground.com', 'no question', 'WkekU8dX8ODTG7beEFyRJDGVbp8=', NULL, 0, 0, '2011-10-25 01:49:41', '2011-10-25 01:49:41', '2011-10-25 01:49:41', '2011-10-25 01:49:41', NULL, NULL, NULL, NULL),
  ('b64c6e4c-e7ae-4b17-9d50-b5b7f70cfc41', 'Cu1vsg+XJkHqgvJkH02pP/1YPF8=', 'rkluEjd9U7xS2+bdDuj7Hg==', 1, 'jlemus@airtoground.com', 'no question', 'cZ6ufkuBj7zXWVrUo2MPtLD8ltQ=', NULL, 0, 0, '2011-10-25 01:49:41', '2011-10-25 01:49:41', '2011-10-25 01:49:41', '2011-10-25 01:49:41', NULL, NULL, NULL, NULL),
  ('b7aaa232-86b9-44d0-82c0-0d80edadacb7', 'qno5irzW9Bu33AqUxb2ErDbMH4M=', '0HlSuwPPTQMdC2Cu41iPug==', 1, 'cdavis@airtoground.com', 'no question', 'wDRsybLgn2msz99dxs/YTePFkEs=', NULL, 0, 0, '2011-10-25 01:44:48', '2011-10-25 01:44:48', '2011-10-25 01:44:48', '2011-10-25 01:44:48', NULL, NULL, NULL, NULL),
  ('bacb2f22-77b5-4e2b-86cc-3aad1625fcf7', 'fhbGv3OskN6AdB5EYL32PbbG6X0=', 'eUppns7OxJLu/a6c3tR45w==', 1, 'dwilson@airtoground.com', 'no question', 'RatzKvuN4D/4dzNXgSTg03qhFqc=', NULL, 0, 0, '2011-10-25 01:49:42', '2011-10-25 01:49:42', '2011-10-25 01:49:42', '2011-10-25 01:49:42', NULL, NULL, NULL, NULL),
  ('bebb6e9d-93c1-479f-a55a-7460e5379d9f', 'WYsAiNtKpeBkkmTnXbkGXsZRQ0Y=', 'YSmdO1oHjwBxOwYuWpR02w==', 1, 'jgreen@airtoground.com', 'no question', '2SaDnX3bTCJcNj6kt5sM/RXuD3k=', NULL, 0, 0, '2011-10-25 01:49:41', '2011-10-25 01:49:41', '2011-10-25 01:49:41', '2011-10-25 01:49:41', NULL, NULL, NULL, NULL),
  ('bff9d46d-e8b6-4fad-84be-f13337d5a187', 'jtALAXv8UBXPVrUC6gYgzCTY728=', 'oiN+VJpTamtBWoTCvnOOAQ==', 1, 'abray@airtoground.com', 'no question', 'lWhFErPzfZqgbUMin1t7/dfY6Xo=', NULL, 0, 0, '2011-10-25 01:44:48', '2011-10-25 01:44:48', '2011-10-25 01:44:48', '2011-10-25 01:44:48', NULL, NULL, NULL, NULL),
  ('c0f2c5ca-382b-48ca-99f2-99a9e01e9e08', 'bPO9jw5ayg1WYiYoe0w7L9smvBc=', 'TuhPiEikPdoVObtLL8/LXA==', 1, 'bmccullough@airtoground.com', 'no question', 'v0ClX2qED1KS7pfhKaWVfnwGItU=', NULL, 0, 0, '2011-10-25 01:49:41', '2011-10-25 01:49:41', '2011-10-25 01:49:41', '2011-10-25 01:49:41', NULL, NULL, NULL, NULL),
  ('c1688ddf-5535-4292-9d61-9b7abd068478', '2MnhC6+1gSgkSxBTkI5OHh8AJ8g=', 'BQvq9ZGpS+tAXObD+TWR9g==', 1, 'bprice@airtoground.com', 'no question', 'ycRoQ3ZR/iOjhQ5+X4+xAL9KOZg=', NULL, 1, 0, '2011-10-24 23:04:15', '2011-10-24 23:04:15', '2011-10-24 23:04:15', '2011-10-24 23:04:15', NULL, NULL, NULL, NULL),
  ('c1901308-149f-45e1-a893-3d77beacc613', 'Y0j/MyYPk3O0stf+h+JSh5dYTCs=', '+GalFfHkt7mGFRj7ht3r2w==', 1, 'mcroley@airtoground.com', 'no question', 'm61RbKQe4JNRznlV6uFoemJtfKA=', NULL, 0, 0, '2011-10-25 01:44:48', '2011-10-25 01:44:48', '2011-10-25 01:44:48', '2011-10-25 01:44:48', NULL, NULL, NULL, NULL),
  ('c4e1cb81-2707-4c3d-9132-001ece76fe9a', 'mtDD84dfwdHmu9JKwegELVvGRUM=', 'O8CT4yqudF/PtvwGdBy4uA==', 1, 'rjones@airtoground.com', 'no question', 'r6mrvPqTP/hwL+L6KkIIfLsszhY=', NULL, 0, 0, '2011-10-25 01:49:41', '2011-10-25 01:49:41', '2011-10-25 01:49:41', '2011-10-25 01:49:41', NULL, NULL, NULL, NULL),
  ('c64c29e3-2509-4b65-a76f-ab5e24c71507', 'tiGGuu6MND/oEAoMGNfnnGDNQ/Q=', 'QK7rDArpVwO3ejPeWclCbA==', 1, 'tburgett@airtoground.com', 'no question', 'JAFc4uECyVMK2+5nRjNvCuRhXsA=', NULL, 0, 0, '2011-10-25 01:44:48', '2011-10-25 01:44:48', '2011-10-25 01:44:48', '2011-10-25 01:44:48', NULL, NULL, NULL, NULL),
  ('c6c0eca8-4ab4-44e2-962d-f9f1f94e8749', '08gRFwXzFy7tWRcX4VAy3ne3LiY=', 'MEvLm61SNnpKk6CyMYroug==', 1, 'smuth@airtoground.com', 'no question', 'uZZ3+nEjP8mlrQ7BWkf0t63VGDo=', NULL, 0, 0, '2011-10-25 01:49:41', '2011-10-25 01:49:41', '2011-10-25 01:49:41', '2011-10-25 01:49:41', NULL, NULL, NULL, NULL),
  ('c6f84267-e997-488e-9d4a-06213cfbbf5b', 'a0kT0aAIlo9iaLMOtnvld3vqG0A=', '1JKD2kNgqIKZCkcjUNbW4w==', 1, 'sgraham@airtoground.com', 'no question', 'tn6oLWGjubV5yfpKXNIkfry8lS0=', NULL, 0, 0, '2011-10-25 01:49:41', '2011-10-25 01:49:41', '2011-10-25 01:49:41', '2011-10-25 01:49:41', NULL, NULL, NULL, NULL),
  ('c95662e6-fcdc-4e2a-b68d-eed895832f82', 'dPgotQDOsfB+cjbGr+b8jB2QqN4=', 'LyWrjJnpLOt02dj5n7jeow==', 1, 'klewis@airtoground.com', 'no question', '/C/C6IL3Pa38cdFPQaqypdVBOiA=', NULL, 1, 0, '2011-10-24 22:59:45', '2011-10-24 22:59:45', '2011-10-24 22:59:45', '2011-10-24 22:59:45', NULL, NULL, NULL, NULL),
  ('cb600bfc-158f-4ea2-aece-9aae61ea6196', '+6pC9XTNwippGEnt2j0HdBYkvQE=', '12RSidFfKQpML9MzAtMJcA==', 1, 'jtennill@airtoground.com', 'no question', 'D1iEFbVN54RZixBgijtSFmQvHfs=', NULL, 0, 0, '2011-10-25 01:49:42', '2011-10-25 01:49:42', '2011-10-25 01:49:42', '2011-10-25 01:49:42', NULL, NULL, NULL, NULL),
  ('cc361ebc-a04b-4dee-a782-aa8a9dceeec6', '7hZ/6b9YE2jQaou8m1G+KWoIOWY=', 'k1vT67/FpqHgRPYcGa/JBg==', 1, 'sskiff@airtoground.com', 'no question', 'yVd+mr4mBdPEUB5OoUC/tgvqy8c=', NULL, 0, 0, '2011-10-25 01:49:42', '2011-10-25 01:49:42', '2011-10-25 01:49:42', '2011-10-25 01:49:42', NULL, NULL, NULL, NULL),
  ('cfa2202a-54bd-4526-b88c-ca7ef54b339c', '7RQirna9pGERI5CQmvDTzODMEOk=', '+3lA1pzTineDH6uJMwGjcQ==', 1, 'rporter@airtoground.com', 'no question', '4f/M++LM6B+ET5J3d5bI9YPCKHc=', NULL, 0, 0, '2011-10-25 01:49:42', '2011-10-25 01:49:42', '2011-10-25 01:49:42', '2011-10-25 01:49:42', NULL, NULL, NULL, NULL),
  ('d24097b2-9b69-4f37-8761-f94be4854ce6', 'usJtp2Wf5TmXnRpXcsV8zaDdGZQ=', '5ugaJc80WOCd/ggeDdh+iA==', 1, 'eburke@airtoground.com', 'no question', 'gckJKt6z6aWkPIPweClseaQ0SbU=', NULL, 1, 0, '2011-10-24 22:51:28', '2011-10-24 22:51:28', '2011-10-24 22:51:28', '2011-10-24 22:51:28', NULL, NULL, NULL, NULL),
  ('d26dbc48-9de3-42fd-a428-858e53c332a0', 'qhuuhjpKAwvhAgKt0Bh7U0CTvHo=', 'GRETXTtX++48ZWKM80Nfeg==', 1, 'jdrury@airtoground.com', 'no question', 'rur51tfoK79lEk5amjHbQdlKJ84=', NULL, 0, 0, '2011-10-25 01:44:48', '2011-10-25 01:44:48', '2011-10-25 01:44:48', '2011-10-25 01:44:48', NULL, NULL, NULL, NULL),
  ('d51c7301-50fd-425a-9fc7-1409b1ae9f80', 'BCa/+noz2wwdhNCt9yxxrJgBaWQ=', 'rk6i8pZNIftDfi9VVrTwjg==', 1, 'slopez@airtoground.com', 'no question', 'hZ1Xe1ts6fsUOjU+5Wnxek0vOdw=', NULL, 0, 0, '2011-10-25 01:49:41', '2011-10-25 01:49:41', '2011-10-25 01:49:41', '2011-10-25 01:49:41', NULL, NULL, NULL, NULL),
  ('d72c9f51-20e7-42e1-9308-80912a119887', 'YlsuPvO9LZqXQUMd25Bew7DRHFM=', '10XOcO15pEdIaGzDXdprPA==', 1, 'ggoodman@airtoground.com', 'no question', '7hvCQnOcdH5dobflnjzAoqCWBVs=', NULL, 1, 0, '2011-10-24 22:56:19', '2011-10-24 22:56:19', '2011-10-24 22:56:19', '2011-10-24 22:56:19', NULL, NULL, NULL, NULL),
  ('d9790057-0f65-47c1-9364-cf1fb8cc5f09', 'MgXE9YdCzoeeWEr/hwzryP12Ma4=', 'Yu9VdWEvE+oUzplfBBfIuA==', 1, 'jheard@airtoground.com', 'no question', 'gQBtgkYjpgvGeU21jfRlPnzeffk=', NULL, 0, 0, '2011-10-25 01:49:41', '2011-10-25 01:49:41', '2011-10-25 01:49:41', '2011-10-25 01:49:41', NULL, NULL, NULL, NULL),
  ('db82d8e2-c04e-4b80-8f41-86093517f131', 'yXVsH9f9wSTYV7jP7LhND1GWBiU=', '+rdnXhQO9UgIYhE+XIGi1A==', 1, 'sgaona@airtoground.com', 'no question', '3Z2sbwy3BwRXGESExr66jLYnmr0=', NULL, 0, 0, '2011-10-25 01:49:41', '2011-10-25 01:49:41', '2011-10-25 01:49:41', '2011-10-25 01:49:41', NULL, NULL, NULL, NULL),
  ('dcc9486e-abbd-412c-865a-b293eccb7ef8', 'Szkjz0TU5OwNCpPcUTSAXLSgoEM=', 'ozr71JF1sZ2m1LoCScgvzw==', 1, 'cgorbett@airtoground.com', 'no question', 'aMIEhchwZoCsQwafE8/6Ig0+vXo=', NULL, 0, 0, '2011-10-25 01:49:41', '2011-10-25 01:49:41', '2011-10-25 01:49:41', '2011-10-25 01:49:41', NULL, NULL, NULL, NULL),
  ('dd1666ce-78cc-423f-b810-a026880a1448', 'JVWM6rx7U99ZOgr0rsfuaZIBFgA=', '3aAd0EW06eBRt3X2TsTSIw==', 1, 'jason.perry@cox.net', 'What is your best friend''s first name?', 'pMLe4XmE0MPFPLk1QtKghACI660=', NULL, 1, 0, '2011-05-23 00:01:32', '2012-01-11 01:40:59', '2011-08-21 15:04:23', '2011-05-23 00:01:32', 0, '2011-05-25 23:31:36', 0, NULL),
  ('dea8d761-7123-413c-90ce-87281da83729', 'T7Z+7sEJeSUlbv4JVyzLX9tE5f8=', 'AvJruoYqOrq2L2FAEaj72Q==', 1, 'vtumax@airtoground.com', 'no question', 'qJr4m948XR6NNXAcIPCnjsXb0JA=', NULL, 0, 0, '2011-10-25 01:49:42', '2011-10-25 01:49:42', '2011-10-25 01:49:42', '2011-10-25 01:49:42', NULL, NULL, NULL, NULL),
  ('df059999-17e8-42f3-a97e-7e768ae6422f', 'GFqGCwoWKhQY6GzZS9xfmtORS9o=', 'MkS76XG9yn8LGPS3kjxjbw==', 1, 'cpeevyhouse@airtoground.com', 'no question', 'cmenhm8MCQaGlnmk/wrgJpfZL2g=', NULL, 0, 0, '2011-10-25 01:49:42', '2011-10-25 01:49:42', '2011-10-25 01:49:42', '2011-10-25 01:49:42', NULL, NULL, NULL, NULL),
  ('e4ae0113-cd41-471b-8ddb-da803b898f88', 'w3Q6dQbgTIeeZj1aXBRhaudciQc=', 'FwyenLRcKMIDphWQOifIdw==', 1, 'jgarcia@airtoground.com', 'no question', '4ODt6rR8ssVSwy9TFT7hJIOdCDY=', NULL, 0, 0, '2011-10-25 01:49:41', '2011-10-25 01:49:41', '2011-10-25 01:49:41', '2011-10-25 01:49:41', NULL, NULL, NULL, NULL),
  ('e80cfc0c-ac3f-4eff-9f0a-9ae5b72b4c67', 'XSHP0fID1JMO+IWetR7zqhMG6F0=', 'eaBZ2yk63IbNzB+tT7xD/A==', 1, 'jcallahan@airtoground.com', 'no question', 'za5X7ozOJankrU3zb9L8SpxCetU=', NULL, 0, 0, '2011-10-25 01:44:48', '2011-10-25 01:44:48', '2011-10-25 01:44:48', '2011-10-25 01:44:48', NULL, NULL, NULL, NULL),
  ('e8a3e57b-7371-46d0-b66e-48d11700a5d1', 'VTLE30Vzx5ndpmIPXJb7nmPiwiQ=', '5lWCfzZKiHcuADqfo/igQQ==', 1, 'wgaldamez@airtoground.com', 'no question', 'QNduzSPrpKKgSTypnWC7NS5wQUg=', NULL, 0, 0, '2011-10-25 01:44:49', '2011-10-25 01:44:49', '2011-10-25 01:44:49', '2011-10-25 01:44:49', NULL, NULL, NULL, NULL),
  ('e8b94f8d-ea41-4806-8a7b-b0a7b460270e', '8tBet1YqiWOjNuoo9KPxAVGff/k=', 'vsZTpn01TIE7F6NGkE1JUg==', 1, 'donotreply@airtoground.com', 'no question', 'sUoMes/TMhIiXTTkRw6s7EWdez4=', NULL, 1, 0, '2011-11-21 00:24:48', '2012-01-24 00:02:33', '2011-11-21 00:24:48', '2011-11-21 00:24:48', 0, NULL, NULL, NULL),
  ('ea8ef666-51a2-453f-a8ae-057a2dbc201c', 'ZySXm4WZgpwa2YcFwXqpqnWd0N0=', 'CI0vs4ZITjQ3ppjSSMxw/A==', 1, 'dmorrison@airtoground.com', 'no question', 'Xjcm0Ju+rgMm8UcYe77jp+2Frl4=', NULL, 0, 0, '2011-10-25 01:49:41', '2011-10-25 01:49:41', '2011-10-25 01:49:41', '2011-10-25 01:49:41', NULL, NULL, NULL, NULL),
  ('eaa9eb15-8b55-4058-8f9c-6138b3a46ca0', '0e94leOHVscdzVSIMROaEpjUDtY=', 'aGTR+A5w4XZvJu1CVK4guw==', 1, 'jkeith@airtoground.com', 'no question', 'EwqQ6GFawo1kW/xdZZ235u5DPQw=', NULL, 0, 0, '2011-10-25 01:49:41', '2011-10-25 01:49:41', '2011-10-25 01:49:41', '2011-10-25 01:49:41', NULL, NULL, NULL, NULL),
  ('ee088506-ff1e-4039-8059-1eed78146343', '9NZRSaDqdS9XYkpnkFmqC/8pVb8=', '1eaT5klplTZc75uuscqAyw==', 1, 'egaldamez@airtoground.com', 'no question', 'slbdQ2m8Fe2QZ/uCUFLOx1Fxamk=', NULL, 0, 0, '2011-10-25 01:44:48', '2011-10-25 01:44:48', '2011-10-25 01:44:48', '2011-10-25 01:44:48', NULL, NULL, NULL, NULL),
  ('ee8bf06e-4aec-4932-bae6-ba006226d62c', 'qBM3KtaLHiBjRb+X5TkIW/XCD5o=', 'ca7VBfNUcu5g04WYMZLylg==', 1, 'abrown@airtoground.com', 'no question', '/Q0X5SiTDYlO0OpIvjislP1faes=', NULL, 0, 0, '2011-10-25 01:44:48', '2011-10-25 01:44:48', '2011-10-25 01:44:48', '2011-10-25 01:44:48', NULL, NULL, NULL, NULL),
  ('f1caa497-fee2-4a9f-a64c-55e5151b0a22', 'LfysXyMvuRP6K2tKCAaQtQKzNzE=', '+YXHZrnfPFMB6PxhehbHNg==', 1, 'bclark@airtoground.com', 'no question', 'fsybTkdoKhvuI3JgQJP1yUKMuiw=', NULL, 0, 0, '2011-10-25 01:44:48', '2011-10-25 01:44:48', '2011-10-25 01:44:48', '2011-10-25 01:44:48', NULL, NULL, NULL, NULL),
  ('f78bbe75-6e66-4efa-a951-6e63a32ec943', 'pHkRX97rx55QojiUZvH9BL/A9cc=', 'xehdzK+f0H5oRpAmjq5Ejg==', 1, 'nlam@airtoground.com', 'no question', 'AzIbJ6LJNvRTsTBFclgLQebFf9E=', NULL, 0, 0, '2011-10-25 01:49:41', '2011-10-25 01:49:41', '2011-10-25 01:49:41', '2011-10-25 01:49:41', NULL, NULL, NULL, NULL),
  ('f7ef216c-3125-4533-b679-d2897a9ba9ea', '3bfVI98VLFyGgGcO+iZ+Q/y+78Y=', 'JhWQ25jaM4C0ualAknAXfA==', 1, 'rleos@airtoground.com', 'no question', 'lNqRUgvVbqub1lEzmTM3jVKZ/mI=', NULL, 0, 0, '2011-10-25 01:49:41', '2011-10-25 01:49:41', '2011-10-25 01:49:41', '2011-10-25 01:49:41', NULL, NULL, NULL, NULL),
  ('f8f26733-d970-4c83-95f3-80a81fbf6127', '5qpk2xeiigeYkmEBdfYDVZSctB8=', 'D0OSLZZBSpjPa5SZcjUMOQ==', 1, 'gmccallister@airtoground.com', 'no question', 'uDXqivGS1cw9sk9tOKoCkFd4eVo=', NULL, 0, 0, '2011-10-25 01:49:41', '2011-10-25 01:49:41', '2011-10-25 01:49:41', '2011-10-25 01:49:41', NULL, NULL, NULL, NULL),
  ('f9984472-018a-4f2a-8bcc-65ecebdf00b5', 'dWFZyMEkW4o+sIi8BmouOVF7ofg=', '95Fi+KGzQyyYo/0vLGa6kw==', 1, 'dwrightsman@airtoground.com', 'no question', 'umPDwBO7JAbCUri9izZuLYB8Yqw=', NULL, 0, 0, '2011-10-25 01:49:42', '2011-10-25 01:49:42', '2011-10-25 01:49:42', '2011-10-25 01:49:42', NULL, NULL, NULL, NULL),
  ('f9c9865b-0f27-4e7d-a6c4-e77538a43e08', 'GCDdfthWLgv7ho6uWPuJI4UZkJk=', 'UqhDHMfMq9tSIjf7iCMmFA==', 1, 'jfisher@airtoground.com', 'no question', 'bfYtJPSm5N0DhZrxzFLSfa1RXRI=', NULL, 0, 0, '2011-10-25 01:44:48', '2011-10-25 01:44:48', '2011-10-25 01:44:48', '2011-10-25 01:44:48', NULL, NULL, NULL, NULL),
  ('fbd87360-53af-4e81-bbfd-0a0c9852c190', 'HosWkO0r1C7o//l0nA9ivSiUzEY=', 'L8bpwnj3hKPiJLc3HdZaDA==', 1, 'rmidkiff@airtoground.com', 'no question', '9vUK7SiRWrAu6htz/azgFRzCRoo=', NULL, 0, 0, '2011-10-25 01:49:41', '2011-10-25 01:49:41', '2011-10-25 01:49:41', '2011-10-25 01:49:41', NULL, NULL, NULL, NULL),
  ('fd085074-4b87-41f6-8160-3e0c2c571f0a', 'scZeZkPliX5wqvVuIwaa6S2us7I=', 'ho7smaFA6LC+adcchaxt6A==', 1, 'cdugger@airtoground.com', 'no question', 'mZJAmpZO5AbPB7xcqjG+OQ966bw=', NULL, 0, 0, '2011-10-25 01:44:48', '2011-10-25 01:44:48', '2011-10-25 01:44:48', '2011-10-25 01:44:48', NULL, NULL, NULL, NULL),
  ('fd247bdc-acb3-4a02-b895-3f7079af6bd2', 'yw8s7It1+JXYbDixEPow9c9FLJY=', 'eLBs65TbqS8aoXiMt0E3qw==', 1, 'aochoarojas@airtoground.com', 'no question', 'hC/fd4iarVFmsoG6jax8tX/5CTc=', NULL, 0, 0, '2011-10-25 01:49:41', '2011-10-25 01:49:41', '2011-10-25 01:49:41', '2011-10-25 01:49:41', NULL, NULL, NULL, NULL),
  ('fe0bceec-2f0e-4353-9c51-d9df4e1e698f', 'oarQoa55RfsKUAuJehUklSEkHnM=', 'cZ7s4MwFWq+Y1aAQXkxUjg==', 1, 'cpham@airtoground.com', 'no question', 'F60FPhc0L91gvAVs7V/TQHnj4xo=', NULL, 1, 0, '2011-10-24 23:03:42', '2011-10-24 23:03:42', '2011-10-24 23:03:42', '2011-10-24 23:03:42', NULL, NULL, NULL, NULL),
  ('fe863955-4cf4-4fa0-aa1d-1bc86b6d5405', 'ThmFT8MhwRB+1nnvn1eSzRpjObc=', 'rP9PfhUUaFTAo5ZDO2R7jg==', 1, 'rsangalang@airtoground.com', 'no question', '/U+8rbx23NAk5F/Exbeid/dXsNE=', NULL, 0, 0, '2011-10-25 01:49:42', '2011-10-25 01:49:42', '2011-10-25 01:49:42', '2011-10-25 01:49:42', NULL, NULL, NULL, NULL),
  ('fe9a28b8-8be6-4eda-8d37-b50536c09051', '2+oVnA11Oxut4cgPxMX9Jan3l9k=', 'WAP19EuY0QF3m644V7W0dw==', 1, 'mstearns@airtoground.com', 'no question', 'p+F8v6Iboga5y9mbt7hZJiLD6YY=', NULL, 0, 0, '2011-10-25 01:49:42', '2011-10-25 01:49:42', '2011-10-25 01:49:42', '2011-10-25 01:49:42', NULL, NULL, NULL, NULL);

-- 
-- Dumping data for table aspnet_profiles
--
INSERT INTO aspnet_profiles VALUES 
  ('dd1666ce-78cc-423f-b810-a026880a1448', x'43006F006D00700061006E0079006400690076006900730069006F006E00690064003A0053003A0030003A0031003A0043007500730074006F006D0065007200690064003A0053003A0031003A0031003A00440065006600610075006C007400530075006D006D00610072007900520061006E00670065003A0053003A0032003A0033003A0043007500730074006F006D00650072006400650073006300720069007000740069006F006E003A0053003A0035003A00320037003A0043006F006D00700061006E0079006400690076006900730069006F006E006C006F0063006100740069006F006E003A0053003A00330032003A00310034003A0053006900740065005400680065006D0065003A0053003A00340036003A0034003A0043006F006D00700061006E0079006400690076006900730069006F006E006400650073006300720069007000740069006F006E003A0053003A00350030003A00310038003A00', x'3500320031003200300055006E0069007400650064002000500061007200630065006C00200053006500720076006900630065002000280055005000530029004C006F00750069007300760069006C006C0065002C0020004B00590043006F00720070004C006F00750069007300760069006C006C006500200028004C004F005500490053002900', x'', '2012-01-11 01:44:41'),
  ('122a5f4c-2dfe-4d21-a5d9-ef99f075416a', x'43006F006D00700061006E0079006400690076006900730069006F006E00690064003A0053003A0030003A0030003A0043007500730074006F006D0065007200690064003A0053003A0030003A0030003A0043007500730074006F006D00650072006400650073006300720069007000740069006F006E003A0053003A0030003A0030003A0043006F006D00700061006E0079006400690076006900730069006F006E006C006F0063006100740069006F006E003A0053003A0030003A0030003A0053006900740065005400680065006D0065003A0053003A0030003A0030003A0043006F006D00700061006E0079006400690076006900730069006F006E006400650073006300720069007000740069006F006E003A0053003A0030003A0030003A00', x'', x'', '2011-10-24 22:38:00'),
  ('d24097b2-9b69-4f37-8761-f94be4854ce6', x'43006F006D00700061006E0079006400690076006900730069006F006E00690064003A0053003A0030003A0030003A0043007500730074006F006D0065007200690064003A0053003A0030003A0030003A0043007500730074006F006D00650072006400650073006300720069007000740069006F006E003A0053003A0030003A0030003A0043006F006D00700061006E0079006400690076006900730069006F006E006C006F0063006100740069006F006E003A0053003A0030003A0030003A0053006900740065005400680065006D0065003A0053003A0030003A0030003A0043006F006D00700061006E0079006400690076006900730069006F006E006400650073006300720069007000740069006F006E003A0053003A0030003A0030003A00', x'', x'', '2011-10-24 22:51:28'),
  ('3b65b56d-e761-4ede-8dfd-e3f10ab57d8c', x'43006F006D00700061006E0079006400690076006900730069006F006E00690064003A0053003A0030003A0030003A0043007500730074006F006D0065007200690064003A0053003A0030003A0030003A0043007500730074006F006D00650072006400650073006300720069007000740069006F006E003A0053003A0030003A0030003A0043006F006D00700061006E0079006400690076006900730069006F006E006C006F0063006100740069006F006E003A0053003A0030003A0030003A0053006900740065005400680065006D0065003A0053003A0030003A0030003A0043006F006D00700061006E0079006400690076006900730069006F006E006400650073006300720069007000740069006F006E003A0053003A0030003A0030003A00', x'', x'', '2011-10-24 22:52:16'),
  ('382c550b-50b7-49e6-a615-42a22f50de74', x'43006F006D00700061006E0079006400690076006900730069006F006E00690064003A0053003A0030003A0030003A0043007500730074006F006D0065007200690064003A0053003A0030003A0030003A0043007500730074006F006D00650072006400650073006300720069007000740069006F006E003A0053003A0030003A0030003A0043006F006D00700061006E0079006400690076006900730069006F006E006C006F0063006100740069006F006E003A0053003A0030003A0030003A0053006900740065005400680065006D0065003A0053003A0030003A0030003A0043006F006D00700061006E0079006400690076006900730069006F006E006400650073006300720069007000740069006F006E003A0053003A0030003A0030003A00', x'', x'', '2011-10-24 22:53:25'),
  ('d72c9f51-20e7-42e1-9308-80912a119887', x'43006F006D00700061006E0079006400690076006900730069006F006E00690064003A0053003A0030003A0030003A0043007500730074006F006D0065007200690064003A0053003A0030003A0030003A0043007500730074006F006D00650072006400650073006300720069007000740069006F006E003A0053003A0030003A0030003A0043006F006D00700061006E0079006400690076006900730069006F006E006C006F0063006100740069006F006E003A0053003A0030003A0030003A0053006900740065005400680065006D0065003A0053003A0030003A0030003A0043006F006D00700061006E0079006400690076006900730069006F006E006400650073006300720069007000740069006F006E003A0053003A0030003A0030003A00', x'', x'', '2011-10-24 22:56:19'),
  ('471ff5d6-f97f-49d2-a98f-2873bd1e250b', x'43006F006D00700061006E0079006400690076006900730069006F006E00690064003A0053003A0030003A0030003A0043007500730074006F006D0065007200690064003A0053003A0030003A0030003A0043007500730074006F006D00650072006400650073006300720069007000740069006F006E003A0053003A0030003A0030003A0043006F006D00700061006E0079006400690076006900730069006F006E006C006F0063006100740069006F006E003A0053003A0030003A0030003A0053006900740065005400680065006D0065003A0053003A0030003A0030003A0043006F006D00700061006E0079006400690076006900730069006F006E006400650073006300720069007000740069006F006E003A0053003A0030003A0030003A00', x'', x'', '2011-10-24 22:57:17'),
  ('71439004-ae61-4884-9cf2-6ab0a3f5dd29', x'43006F006D00700061006E0079006400690076006900730069006F006E00690064003A0053003A0030003A0030003A0043007500730074006F006D0065007200690064003A0053003A0030003A0030003A0043007500730074006F006D00650072006400650073006300720069007000740069006F006E003A0053003A0030003A0030003A0043006F006D00700061006E0079006400690076006900730069006F006E006C006F0063006100740069006F006E003A0053003A0030003A0030003A0053006900740065005400680065006D0065003A0053003A0030003A0030003A0043006F006D00700061006E0079006400690076006900730069006F006E006400650073006300720069007000740069006F006E003A0053003A0030003A0030003A00', x'', x'', '2011-10-24 22:58:20'),
  ('77f96bd2-9e80-48d9-979d-5f0cbf3f9fbc', x'43006F006D00700061006E0079006400690076006900730069006F006E00690064003A0053003A0030003A0030003A0043007500730074006F006D0065007200690064003A0053003A0030003A0030003A0043007500730074006F006D00650072006400650073006300720069007000740069006F006E003A0053003A0030003A0030003A0043006F006D00700061006E0079006400690076006900730069006F006E006C006F0063006100740069006F006E003A0053003A0030003A0030003A0053006900740065005400680065006D0065003A0053003A0030003A0030003A0043006F006D00700061006E0079006400690076006900730069006F006E006400650073006300720069007000740069006F006E003A0053003A0030003A0030003A00', x'', x'', '2011-10-24 22:59:07'),
  ('c95662e6-fcdc-4e2a-b68d-eed895832f82', x'43006F006D00700061006E0079006400690076006900730069006F006E00690064003A0053003A0030003A0030003A0043007500730074006F006D0065007200690064003A0053003A0030003A0030003A0043007500730074006F006D00650072006400650073006300720069007000740069006F006E003A0053003A0030003A0030003A0043006F006D00700061006E0079006400690076006900730069006F006E006C006F0063006100740069006F006E003A0053003A0030003A0030003A0053006900740065005400680065006D0065003A0053003A0030003A0030003A0043006F006D00700061006E0079006400690076006900730069006F006E006400650073006300720069007000740069006F006E003A0053003A0030003A0030003A00', x'', x'', '2011-10-24 22:59:45'),
  ('b06bea7c-cec8-4650-b071-372a5cdb9a15', x'43006F006D00700061006E0079006400690076006900730069006F006E00690064003A0053003A0030003A0030003A0043007500730074006F006D0065007200690064003A0053003A0030003A0030003A0043007500730074006F006D00650072006400650073006300720069007000740069006F006E003A0053003A0030003A0030003A0043006F006D00700061006E0079006400690076006900730069006F006E006C006F0063006100740069006F006E003A0053003A0030003A0030003A0053006900740065005400680065006D0065003A0053003A0030003A0030003A0043006F006D00700061006E0079006400690076006900730069006F006E006400650073006300720069007000740069006F006E003A0053003A0030003A0030003A00', x'', x'', '2011-10-24 23:00:22'),
  ('40268824-d09e-4367-ad22-63d97505e92b', x'43006F006D00700061006E0079006400690076006900730069006F006E00690064003A0053003A0030003A0030003A0043007500730074006F006D0065007200690064003A0053003A0030003A0030003A0043007500730074006F006D00650072006400650073006300720069007000740069006F006E003A0053003A0030003A0030003A0043006F006D00700061006E0079006400690076006900730069006F006E006C006F0063006100740069006F006E003A0053003A0030003A0030003A0053006900740065005400680065006D0065003A0053003A0030003A0030003A0043006F006D00700061006E0079006400690076006900730069006F006E006400650073006300720069007000740069006F006E003A0053003A0030003A0030003A00', x'', x'', '2011-10-24 23:01:04'),
  ('56ec72b7-999d-4bd8-9533-814d5b22a750', x'43006F006D00700061006E0079006400690076006900730069006F006E00690064003A0053003A0030003A0030003A0043007500730074006F006D0065007200690064003A0053003A0030003A0030003A0043007500730074006F006D00650072006400650073006300720069007000740069006F006E003A0053003A0030003A0030003A0043006F006D00700061006E0079006400690076006900730069006F006E006C006F0063006100740069006F006E003A0053003A0030003A0030003A0053006900740065005400680065006D0065003A0053003A0030003A0030003A0043006F006D00700061006E0079006400690076006900730069006F006E006400650073006300720069007000740069006F006E003A0053003A0030003A0030003A00', x'', x'', '2011-10-24 23:01:48'),
  ('fe0bceec-2f0e-4353-9c51-d9df4e1e698f', x'43006F006D00700061006E0079006400690076006900730069006F006E00690064003A0053003A0030003A0030003A0043007500730074006F006D0065007200690064003A0053003A0030003A0030003A0043007500730074006F006D00650072006400650073006300720069007000740069006F006E003A0053003A0030003A0030003A0043006F006D00700061006E0079006400690076006900730069006F006E006C006F0063006100740069006F006E003A0053003A0030003A0030003A0053006900740065005400680065006D0065003A0053003A0030003A0030003A0043006F006D00700061006E0079006400690076006900730069006F006E006400650073006300720069007000740069006F006E003A0053003A0030003A0030003A00', x'', x'', '2011-10-24 23:03:42'),
  ('c1688ddf-5535-4292-9d61-9b7abd068478', x'43006F006D00700061006E0079006400690076006900730069006F006E00690064003A0053003A0030003A0030003A0043007500730074006F006D0065007200690064003A0053003A0030003A0030003A0043007500730074006F006D00650072006400650073006300720069007000740069006F006E003A0053003A0030003A0030003A0043006F006D00700061006E0079006400690076006900730069006F006E006C006F0063006100740069006F006E003A0053003A0030003A0030003A0053006900740065005400680065006D0065003A0053003A0030003A0030003A0043006F006D00700061006E0079006400690076006900730069006F006E006400650073006300720069007000740069006F006E003A0053003A0030003A0030003A00', x'', x'', '2011-10-24 23:04:15'),
  ('13f15430-72d9-4c22-ba98-8192b58632b9', x'43006F006D00700061006E0079006400690076006900730069006F006E00690064003A0053003A0030003A0030003A0043007500730074006F006D0065007200690064003A0053003A0030003A0030003A0043007500730074006F006D00650072006400650073006300720069007000740069006F006E003A0053003A0030003A0030003A0043006F006D00700061006E0079006400690076006900730069006F006E006C006F0063006100740069006F006E003A0053003A0030003A0030003A0053006900740065005400680065006D0065003A0053003A0030003A0030003A0043006F006D00700061006E0079006400690076006900730069006F006E006400650073006300720069007000740069006F006E003A0053003A0030003A0030003A00', x'', x'', '2011-10-24 23:04:55'),
  ('1bf6be60-1618-4ab6-ac40-211baffc3518', x'43006F006D00700061006E0079006400690076006900730069006F006E00690064003A0053003A0030003A0030003A0043007500730074006F006D0065007200690064003A0053003A0030003A0030003A0043007500730074006F006D00650072006400650073006300720069007000740069006F006E003A0053003A0030003A0030003A0043006F006D00700061006E0079006400690076006900730069006F006E006C006F0063006100740069006F006E003A0053003A0030003A0030003A0053006900740065005400680065006D0065003A0053003A0030003A0030003A0043006F006D00700061006E0079006400690076006900730069006F006E006400650073006300720069007000740069006F006E003A0053003A0030003A0030003A00', x'', x'', '2011-10-24 23:36:16'),
  ('2a88f17c-cae8-4f6c-93af-9bcc9a461a88', x'43006F006D00700061006E0079006400690076006900730069006F006E00690064003A0053003A0030003A0030003A0043007500730074006F006D0065007200690064003A0053003A0030003A0030003A0043007500730074006F006D00650072006400650073006300720069007000740069006F006E003A0053003A0030003A0030003A0043006F006D00700061006E0079006400690076006900730069006F006E006C006F0063006100740069006F006E003A0053003A0030003A0030003A0053006900740065005400680065006D0065003A0053003A0030003A0030003A0043006F006D00700061006E0079006400690076006900730069006F006E006400650073006300720069007000740069006F006E003A0053003A0030003A0030003A00', x'', x'', '2011-10-24 23:36:59'),
  ('adfeb297-3512-4bb1-a450-d6ffbb7cc594', x'43006F006D00700061006E0079006400690076006900730069006F006E00690064003A0053003A0030003A0030003A0043007500730074006F006D0065007200690064003A0053003A0030003A0030003A0043007500730074006F006D00650072006400650073006300720069007000740069006F006E003A0053003A0030003A0030003A0043006F006D00700061006E0079006400690076006900730069006F006E006C006F0063006100740069006F006E003A0053003A0030003A0030003A0053006900740065005400680065006D0065003A0053003A0030003A0030003A0043006F006D00700061006E0079006400690076006900730069006F006E006400650073006300720069007000740069006F006E003A0053003A0030003A0030003A00', x'', x'', '2011-10-24 23:37:31'),
  ('a5eca210-d334-45ca-9788-8473043179a3', x'43006F006D00700061006E0079006400690076006900730069006F006E00690064003A0053003A0030003A0030003A0043007500730074006F006D0065007200690064003A0053003A0030003A0030003A0043007500730074006F006D00650072006400650073006300720069007000740069006F006E003A0053003A0030003A0030003A0043006F006D00700061006E0079006400690076006900730069006F006E006C006F0063006100740069006F006E003A0053003A0030003A0030003A0053006900740065005400680065006D0065003A0053003A0030003A0030003A0043006F006D00700061006E0079006400690076006900730069006F006E006400650073006300720069007000740069006F006E003A0053003A0030003A0030003A00', x'', x'', '2011-10-24 23:38:03'),
  ('9a7f4aa9-8eaa-4c5a-b3f0-703f2b3b26fa', x'43006F006D00700061006E0079006400690076006900730069006F006E00690064003A0053003A0030003A0030003A0043007500730074006F006D0065007200690064003A0053003A0030003A0030003A0043007500730074006F006D00650072006400650073006300720069007000740069006F006E003A0053003A0030003A0030003A0043006F006D00700061006E0079006400690076006900730069006F006E006C006F0063006100740069006F006E003A0053003A0030003A0030003A0053006900740065005400680065006D0065003A0053003A0030003A0030003A0043006F006D00700061006E0079006400690076006900730069006F006E006400650073006300720069007000740069006F006E003A0053003A0030003A0030003A00', x'', x'', '2011-10-24 23:38:47'),
  ('aaed1248-47db-4105-88ed-f636f8f1edb8', x'43006F006D00700061006E0079006400690076006900730069006F006E00690064003A0053003A0030003A0030003A0043007500730074006F006D0065007200690064003A0053003A0030003A0030003A0043007500730074006F006D00650072006400650073006300720069007000740069006F006E003A0053003A0030003A0030003A0043006F006D00700061006E0079006400690076006900730069006F006E006C006F0063006100740069006F006E003A0053003A0030003A0030003A0053006900740065005400680065006D0065003A0053003A0030003A0030003A0043006F006D00700061006E0079006400690076006900730069006F006E006400650073006300720069007000740069006F006E003A0053003A0030003A0030003A00', x'', x'', '2011-10-24 23:42:46'),
  ('475e2794-aa7b-480d-b799-2b9795dbc701', x'43006F006D00700061006E0079006400690076006900730069006F006E00690064003A0053003A0030003A0030003A0043007500730074006F006D0065007200690064003A0053003A0030003A0030003A0043007500730074006F006D00650072006400650073006300720069007000740069006F006E003A0053003A0030003A0030003A0043006F006D00700061006E0079006400690076006900730069006F006E006C006F0063006100740069006F006E003A0053003A0030003A0030003A0053006900740065005400680065006D0065003A0053003A0030003A0030003A0043006F006D00700061006E0079006400690076006900730069006F006E006400650073006300720069007000740069006F006E003A0053003A0030003A0030003A00', x'', x'', '2011-10-24 23:43:24'),
  ('7bf1dde3-a6ad-4249-a02e-3c91a166876c', x'43006F006D00700061006E0079006400690076006900730069006F006E00690064003A0053003A0030003A0030003A0043007500730074006F006D0065007200690064003A0053003A0030003A0030003A0043007500730074006F006D00650072006400650073006300720069007000740069006F006E003A0053003A0030003A0030003A0043006F006D00700061006E0079006400690076006900730069006F006E006C006F0063006100740069006F006E003A0053003A0030003A0030003A0053006900740065005400680065006D0065003A0053003A0030003A0030003A0043006F006D00700061006E0079006400690076006900730069006F006E006400650073006300720069007000740069006F006E003A0053003A0030003A0030003A00', x'', x'', '2011-10-24 23:44:22'),
  ('934b5f8e-6322-4eb2-9758-f9185f4eaca5', x'43006F006D00700061006E0079006400690076006900730069006F006E00690064003A0053003A0030003A0030003A0043007500730074006F006D0065007200690064003A0053003A0030003A0030003A0043007500730074006F006D00650072006400650073006300720069007000740069006F006E003A0053003A0030003A0030003A0043006F006D00700061006E0079006400690076006900730069006F006E006C006F0063006100740069006F006E003A0053003A0030003A0030003A0053006900740065005400680065006D0065003A0053003A0030003A0030003A0043006F006D00700061006E0079006400690076006900730069006F006E006400650073006300720069007000740069006F006E003A0053003A0030003A0030003A00', x'', x'', '2011-10-25 01:44:48'),
  ('50d0ae31-b910-4755-9222-ebab42c5d621', x'43006F006D00700061006E0079006400690076006900730069006F006E00690064003A0053003A0030003A0030003A0043007500730074006F006D0065007200690064003A0053003A0030003A0030003A0043007500730074006F006D00650072006400650073006300720069007000740069006F006E003A0053003A0030003A0030003A0043006F006D00700061006E0079006400690076006900730069006F006E006C006F0063006100740069006F006E003A0053003A0030003A0030003A0053006900740065005400680065006D0065003A0053003A0030003A0030003A0043006F006D00700061006E0079006400690076006900730069006F006E006400650073006300720069007000740069006F006E003A0053003A0030003A0030003A00', x'', x'', '2011-10-25 01:44:48'),
  ('bff9d46d-e8b6-4fad-84be-f13337d5a187', x'43006F006D00700061006E0079006400690076006900730069006F006E00690064003A0053003A0030003A0030003A0043007500730074006F006D0065007200690064003A0053003A0030003A0030003A0043007500730074006F006D00650072006400650073006300720069007000740069006F006E003A0053003A0030003A0030003A0043006F006D00700061006E0079006400690076006900730069006F006E006C006F0063006100740069006F006E003A0053003A0030003A0030003A0053006900740065005400680065006D0065003A0053003A0030003A0030003A0043006F006D00700061006E0079006400690076006900730069006F006E006400650073006300720069007000740069006F006E003A0053003A0030003A0030003A00', x'', x'', '2011-10-25 01:44:48'),
  ('611e4776-0646-49cc-89b2-c275fca0c718', x'43006F006D00700061006E0079006400690076006900730069006F006E00690064003A0053003A0030003A0030003A0043007500730074006F006D0065007200690064003A0053003A0030003A0030003A0043007500730074006F006D00650072006400650073006300720069007000740069006F006E003A0053003A0030003A0030003A0043006F006D00700061006E0079006400690076006900730069006F006E006C006F0063006100740069006F006E003A0053003A0030003A0030003A0053006900740065005400680065006D0065003A0053003A0030003A0030003A0043006F006D00700061006E0079006400690076006900730069006F006E006400650073006300720069007000740069006F006E003A0053003A0030003A0030003A00', x'', x'', '2011-10-25 01:44:48'),
  ('3beb8e65-742d-4a6a-825b-5b9adc36db49', x'43006F006D00700061006E0079006400690076006900730069006F006E00690064003A0053003A0030003A0030003A0043007500730074006F006D0065007200690064003A0053003A0030003A0030003A0043007500730074006F006D00650072006400650073006300720069007000740069006F006E003A0053003A0030003A0030003A0043006F006D00700061006E0079006400690076006900730069006F006E006C006F0063006100740069006F006E003A0053003A0030003A0030003A0053006900740065005400680065006D0065003A0053003A0030003A0030003A0043006F006D00700061006E0079006400690076006900730069006F006E006400650073006300720069007000740069006F006E003A0053003A0030003A0030003A00', x'', x'', '2011-10-25 01:44:48'),
  ('28c540b6-2863-423c-84c2-fbeabbddec45', x'43006F006D00700061006E0079006400690076006900730069006F006E00690064003A0053003A0030003A0030003A0043007500730074006F006D0065007200690064003A0053003A0030003A0030003A0043007500730074006F006D00650072006400650073006300720069007000740069006F006E003A0053003A0030003A0030003A0043006F006D00700061006E0079006400690076006900730069006F006E006C006F0063006100740069006F006E003A0053003A0030003A0030003A0053006900740065005400680065006D0065003A0053003A0030003A0030003A0043006F006D00700061006E0079006400690076006900730069006F006E006400650073006300720069007000740069006F006E003A0053003A0030003A0030003A00', x'', x'', '2011-10-25 01:44:48'),
  ('ee8bf06e-4aec-4932-bae6-ba006226d62c', x'43006F006D00700061006E0079006400690076006900730069006F006E00690064003A0053003A0030003A0030003A0043007500730074006F006D0065007200690064003A0053003A0030003A0030003A0043007500730074006F006D00650072006400650073006300720069007000740069006F006E003A0053003A0030003A0030003A0043006F006D00700061006E0079006400690076006900730069006F006E006C006F0063006100740069006F006E003A0053003A0030003A0030003A0053006900740065005400680065006D0065003A0053003A0030003A0030003A0043006F006D00700061006E0079006400690076006900730069006F006E006400650073006300720069007000740069006F006E003A0053003A0030003A0030003A00', x'', x'', '2011-10-25 01:44:48'),
  ('c64c29e3-2509-4b65-a76f-ab5e24c71507', x'43006F006D00700061006E0079006400690076006900730069006F006E00690064003A0053003A0030003A0030003A0043007500730074006F006D0065007200690064003A0053003A0030003A0030003A0043007500730074006F006D00650072006400650073006300720069007000740069006F006E003A0053003A0030003A0030003A0043006F006D00700061006E0079006400690076006900730069006F006E006C006F0063006100740069006F006E003A0053003A0030003A0030003A0053006900740065005400680065006D0065003A0053003A0030003A0030003A0043006F006D00700061006E0079006400690076006900730069006F006E006400650073006300720069007000740069006F006E003A0053003A0030003A0030003A00', x'', x'', '2011-10-25 01:44:48'),
  ('6caaa2ec-cb84-4107-b795-1d5bcb50926a', x'43006F006D00700061006E0079006400690076006900730069006F006E00690064003A0053003A0030003A0030003A0043007500730074006F006D0065007200690064003A0053003A0030003A0030003A0043007500730074006F006D00650072006400650073006300720069007000740069006F006E003A0053003A0030003A0030003A0043006F006D00700061006E0079006400690076006900730069006F006E006C006F0063006100740069006F006E003A0053003A0030003A0030003A0053006900740065005400680065006D0065003A0053003A0030003A0030003A0043006F006D00700061006E0079006400690076006900730069006F006E006400650073006300720069007000740069006F006E003A0053003A0030003A0030003A00', x'', x'', '2011-10-25 01:44:48'),
  ('e80cfc0c-ac3f-4eff-9f0a-9ae5b72b4c67', x'43006F006D00700061006E0079006400690076006900730069006F006E00690064003A0053003A0030003A0030003A0043007500730074006F006D0065007200690064003A0053003A0030003A0030003A0043007500730074006F006D00650072006400650073006300720069007000740069006F006E003A0053003A0030003A0030003A0043006F006D00700061006E0079006400690076006900730069006F006E006C006F0063006100740069006F006E003A0053003A0030003A0030003A0053006900740065005400680065006D0065003A0053003A0030003A0030003A0043006F006D00700061006E0079006400690076006900730069006F006E006400650073006300720069007000740069006F006E003A0053003A0030003A0030003A00', x'', x'', '2011-10-25 01:44:48'),
  ('52e9ed9f-63f9-4f55-a97f-d7a1d65cd131', x'43006F006D00700061006E0079006400690076006900730069006F006E00690064003A0053003A0030003A0030003A0043007500730074006F006D0065007200690064003A0053003A0030003A0030003A0043007500730074006F006D00650072006400650073006300720069007000740069006F006E003A0053003A0030003A0030003A0043006F006D00700061006E0079006400690076006900730069006F006E006C006F0063006100740069006F006E003A0053003A0030003A0030003A0053006900740065005400680065006D0065003A0053003A0030003A0030003A0043006F006D00700061006E0079006400690076006900730069006F006E006400650073006300720069007000740069006F006E003A0053003A0030003A0030003A00', x'', x'', '2011-10-25 01:44:48'),
  ('2f45824c-d0d6-4855-a637-6703d594e21e', x'43006F006D00700061006E0079006400690076006900730069006F006E00690064003A0053003A0030003A0030003A0043007500730074006F006D0065007200690064003A0053003A0030003A0030003A0043007500730074006F006D00650072006400650073006300720069007000740069006F006E003A0053003A0030003A0030003A0043006F006D00700061006E0079006400690076006900730069006F006E006C006F0063006100740069006F006E003A0053003A0030003A0030003A0053006900740065005400680065006D0065003A0053003A0030003A0030003A0043006F006D00700061006E0079006400690076006900730069006F006E006400650073006300720069007000740069006F006E003A0053003A0030003A0030003A00', x'', x'', '2011-10-25 01:44:48'),
  ('f1caa497-fee2-4a9f-a64c-55e5151b0a22', x'43006F006D00700061006E0079006400690076006900730069006F006E00690064003A0053003A0030003A0030003A0043007500730074006F006D0065007200690064003A0053003A0030003A0030003A0043007500730074006F006D00650072006400650073006300720069007000740069006F006E003A0053003A0030003A0030003A0043006F006D00700061006E0079006400690076006900730069006F006E006C006F0063006100740069006F006E003A0053003A0030003A0030003A0053006900740065005400680065006D0065003A0053003A0030003A0030003A0043006F006D00700061006E0079006400690076006900730069006F006E006400650073006300720069007000740069006F006E003A0053003A0030003A0030003A00', x'', x'', '2011-10-25 01:44:48'),
  ('8850b024-1d0b-4b13-a97f-1ff908e2abd4', x'43006F006D00700061006E0079006400690076006900730069006F006E00690064003A0053003A0030003A0030003A0043007500730074006F006D0065007200690064003A0053003A0030003A0030003A0043007500730074006F006D00650072006400650073006300720069007000740069006F006E003A0053003A0030003A0030003A0043006F006D00700061006E0079006400690076006900730069006F006E006C006F0063006100740069006F006E003A0053003A0030003A0030003A0053006900740065005400680065006D0065003A0053003A0030003A0030003A0043006F006D00700061006E0079006400690076006900730069006F006E006400650073006300720069007000740069006F006E003A0053003A0030003A0030003A00', x'', x'', '2011-10-25 01:44:48'),
  ('8bc03066-3af2-4504-afda-8d2a7b8e3cfe', x'43006F006D00700061006E0079006400690076006900730069006F006E00690064003A0053003A0030003A0030003A0043007500730074006F006D0065007200690064003A0053003A0030003A0030003A0043007500730074006F006D00650072006400650073006300720069007000740069006F006E003A0053003A0030003A0030003A0043006F006D00700061006E0079006400690076006900730069006F006E006C006F0063006100740069006F006E003A0053003A0030003A0030003A0053006900740065005400680065006D0065003A0053003A0030003A0030003A0043006F006D00700061006E0079006400690076006900730069006F006E006400650073006300720069007000740069006F006E003A0053003A0030003A0030003A00', x'', x'', '2011-10-25 01:44:48'),
  ('c1901308-149f-45e1-a893-3d77beacc613', x'43006F006D00700061006E0079006400690076006900730069006F006E00690064003A0053003A0030003A0030003A0043007500730074006F006D0065007200690064003A0053003A0030003A0030003A0043007500730074006F006D00650072006400650073006300720069007000740069006F006E003A0053003A0030003A0030003A0043006F006D00700061006E0079006400690076006900730069006F006E006C006F0063006100740069006F006E003A0053003A0030003A0030003A0053006900740065005400680065006D0065003A0053003A0030003A0030003A0043006F006D00700061006E0079006400690076006900730069006F006E006400650073006300720069007000740069006F006E003A0053003A0030003A0030003A00', x'', x'', '2011-10-25 01:44:48'),
  ('6311b3bf-39f6-4a20-a35b-9455e3ffde90', x'43006F006D00700061006E0079006400690076006900730069006F006E00690064003A0053003A0030003A0030003A0043007500730074006F006D0065007200690064003A0053003A0030003A0030003A0043007500730074006F006D00650072006400650073006300720069007000740069006F006E003A0053003A0030003A0030003A0043006F006D00700061006E0079006400690076006900730069006F006E006C006F0063006100740069006F006E003A0053003A0030003A0030003A0053006900740065005400680065006D0065003A0053003A0030003A0030003A0043006F006D00700061006E0079006400690076006900730069006F006E006400650073006300720069007000740069006F006E003A0053003A0030003A0030003A00', x'', x'', '2011-10-25 01:44:48'),
  ('6a770571-030e-4a96-a494-fac7b92cbe04', x'43006F006D00700061006E0079006400690076006900730069006F006E00690064003A0053003A0030003A0030003A0043007500730074006F006D0065007200690064003A0053003A0030003A0030003A0043007500730074006F006D00650072006400650073006300720069007000740069006F006E003A0053003A0030003A0030003A0043006F006D00700061006E0079006400690076006900730069006F006E006C006F0063006100740069006F006E003A0053003A0030003A0030003A0053006900740065005400680065006D0065003A0053003A0030003A0030003A0043006F006D00700061006E0079006400690076006900730069006F006E006400650073006300720069007000740069006F006E003A0053003A0030003A0030003A00', x'', x'', '2011-10-25 01:44:48'),
  ('b7aaa232-86b9-44d0-82c0-0d80edadacb7', x'43006F006D00700061006E0079006400690076006900730069006F006E00690064003A0053003A0030003A0030003A0043007500730074006F006D0065007200690064003A0053003A0030003A0030003A0043007500730074006F006D00650072006400650073006300720069007000740069006F006E003A0053003A0030003A0030003A0043006F006D00700061006E0079006400690076006900730069006F006E006C006F0063006100740069006F006E003A0053003A0030003A0030003A0053006900740065005400680065006D0065003A0053003A0030003A0030003A0043006F006D00700061006E0079006400690076006900730069006F006E006400650073006300720069007000740069006F006E003A0053003A0030003A0030003A00', x'', x'', '2011-10-25 01:44:48'),
  ('820df884-c08a-4f68-bc7d-4da8060ab01d', x'43006F006D00700061006E0079006400690076006900730069006F006E00690064003A0053003A0030003A0030003A0043007500730074006F006D0065007200690064003A0053003A0030003A0030003A0043007500730074006F006D00650072006400650073006300720069007000740069006F006E003A0053003A0030003A0030003A0043006F006D00700061006E0079006400690076006900730069006F006E006C006F0063006100740069006F006E003A0053003A0030003A0030003A0053006900740065005400680065006D0065003A0053003A0030003A0030003A0043006F006D00700061006E0079006400690076006900730069006F006E006400650073006300720069007000740069006F006E003A0053003A0030003A0030003A00', x'', x'', '2011-10-25 01:44:48'),
  ('1a3d154b-e3d0-4bd3-9eab-4168a7ec5276', x'43006F006D00700061006E0079006400690076006900730069006F006E00690064003A0053003A0030003A0030003A0043007500730074006F006D0065007200690064003A0053003A0030003A0030003A0043007500730074006F006D00650072006400650073006300720069007000740069006F006E003A0053003A0030003A0030003A0043006F006D00700061006E0079006400690076006900730069006F006E006C006F0063006100740069006F006E003A0053003A0030003A0030003A0053006900740065005400680065006D0065003A0053003A0030003A0030003A0043006F006D00700061006E0079006400690076006900730069006F006E006400650073006300720069007000740069006F006E003A0053003A0030003A0030003A00', x'', x'', '2011-10-25 01:44:48'),
  ('916ef0de-8a71-4710-9388-e2955f3ae1e3', x'43006F006D00700061006E0079006400690076006900730069006F006E00690064003A0053003A0030003A0030003A0043007500730074006F006D0065007200690064003A0053003A0030003A0030003A0043007500730074006F006D00650072006400650073006300720069007000740069006F006E003A0053003A0030003A0030003A0043006F006D00700061006E0079006400690076006900730069006F006E006C006F0063006100740069006F006E003A0053003A0030003A0030003A0053006900740065005400680065006D0065003A0053003A0030003A0030003A0043006F006D00700061006E0079006400690076006900730069006F006E006400650073006300720069007000740069006F006E003A0053003A0030003A0030003A00', x'', x'', '2011-10-25 01:44:48'),
  ('d26dbc48-9de3-42fd-a428-858e53c332a0', x'43006F006D00700061006E0079006400690076006900730069006F006E00690064003A0053003A0030003A0030003A0043007500730074006F006D0065007200690064003A0053003A0030003A0030003A0043007500730074006F006D00650072006400650073006300720069007000740069006F006E003A0053003A0030003A0030003A0043006F006D00700061006E0079006400690076006900730069006F006E006C006F0063006100740069006F006E003A0053003A0030003A0030003A0053006900740065005400680065006D0065003A0053003A0030003A0030003A0043006F006D00700061006E0079006400690076006900730069006F006E006400650073006300720069007000740069006F006E003A0053003A0030003A0030003A00', x'', x'', '2011-10-25 01:44:48'),
  ('fd085074-4b87-41f6-8160-3e0c2c571f0a', x'43006F006D00700061006E0079006400690076006900730069006F006E00690064003A0053003A0030003A0030003A0043007500730074006F006D0065007200690064003A0053003A0030003A0030003A0043007500730074006F006D00650072006400650073006300720069007000740069006F006E003A0053003A0030003A0030003A0043006F006D00700061006E0079006400690076006900730069006F006E006C006F0063006100740069006F006E003A0053003A0030003A0030003A0053006900740065005400680065006D0065003A0053003A0030003A0030003A0043006F006D00700061006E0079006400690076006900730069006F006E006400650073006300720069007000740069006F006E003A0053003A0030003A0030003A00', x'', x'', '2011-10-25 01:44:48'),
  ('52bb2f8a-65a0-41be-99ff-9a4421e6f222', x'43006F006D00700061006E0079006400690076006900730069006F006E00690064003A0053003A0030003A0030003A0043007500730074006F006D0065007200690064003A0053003A0030003A0030003A0043007500730074006F006D00650072006400650073006300720069007000740069006F006E003A0053003A0030003A0030003A0043006F006D00700061006E0079006400690076006900730069006F006E006C006F0063006100740069006F006E003A0053003A0030003A0030003A0053006900740065005400680065006D0065003A0053003A0030003A0030003A0043006F006D00700061006E0079006400690076006900730069006F006E006400650073006300720069007000740069006F006E003A0053003A0030003A0030003A00', x'', x'', '2011-10-25 01:44:48'),
  ('77fec9d2-ce53-455f-bcc4-caa103a2acf1', x'43006F006D00700061006E0079006400690076006900730069006F006E00690064003A0053003A0030003A0030003A0043007500730074006F006D0065007200690064003A0053003A0030003A0030003A0043007500730074006F006D00650072006400650073006300720069007000740069006F006E003A0053003A0030003A0030003A0043006F006D00700061006E0079006400690076006900730069006F006E006C006F0063006100740069006F006E003A0053003A0030003A0030003A0053006900740065005400680065006D0065003A0053003A0030003A0030003A0043006F006D00700061006E0079006400690076006900730069006F006E006400650073006300720069007000740069006F006E003A0053003A0030003A0030003A00', x'', x'', '2011-10-25 01:44:48'),
  ('553a96cc-9326-4b64-8850-e6f1c3c0928b', x'43006F006D00700061006E0079006400690076006900730069006F006E00690064003A0053003A0030003A0030003A0043007500730074006F006D0065007200690064003A0053003A0030003A0030003A0043007500730074006F006D00650072006400650073006300720069007000740069006F006E003A0053003A0030003A0030003A0043006F006D00700061006E0079006400690076006900730069006F006E006C006F0063006100740069006F006E003A0053003A0030003A0030003A0053006900740065005400680065006D0065003A0053003A0030003A0030003A0043006F006D00700061006E0079006400690076006900730069006F006E006400650073006300720069007000740069006F006E003A0053003A0030003A0030003A00', x'', x'', '2011-10-25 01:44:48'),
  ('78cb2c86-f09e-4c61-86c6-5c84492b0833', x'43006F006D00700061006E0079006400690076006900730069006F006E00690064003A0053003A0030003A0030003A0043007500730074006F006D0065007200690064003A0053003A0030003A0030003A0043007500730074006F006D00650072006400650073006300720069007000740069006F006E003A0053003A0030003A0030003A0043006F006D00700061006E0079006400690076006900730069006F006E006C006F0063006100740069006F006E003A0053003A0030003A0030003A0053006900740065005400680065006D0065003A0053003A0030003A0030003A0043006F006D00700061006E0079006400690076006900730069006F006E006400650073006300720069007000740069006F006E003A0053003A0030003A0030003A00', x'', x'', '2011-10-25 01:44:48'),
  ('b1b1fa56-3658-4005-9331-4d6d7c77b291', x'43006F006D00700061006E0079006400690076006900730069006F006E00690064003A0053003A0030003A0030003A0043007500730074006F006D0065007200690064003A0053003A0030003A0030003A0043007500730074006F006D00650072006400650073006300720069007000740069006F006E003A0053003A0030003A0030003A0043006F006D00700061006E0079006400690076006900730069006F006E006C006F0063006100740069006F006E003A0053003A0030003A0030003A0053006900740065005400680065006D0065003A0053003A0030003A0030003A0043006F006D00700061006E0079006400690076006900730069006F006E006400650073006300720069007000740069006F006E003A0053003A0030003A0030003A00', x'', x'', '2011-10-25 01:44:48'),
  ('f9c9865b-0f27-4e7d-a6c4-e77538a43e08', x'43006F006D00700061006E0079006400690076006900730069006F006E00690064003A0053003A0030003A0030003A0043007500730074006F006D0065007200690064003A0053003A0030003A0030003A0043007500730074006F006D00650072006400650073006300720069007000740069006F006E003A0053003A0030003A0030003A0043006F006D00700061006E0079006400690076006900730069006F006E006C006F0063006100740069006F006E003A0053003A0030003A0030003A0053006900740065005400680065006D0065003A0053003A0030003A0030003A0043006F006D00700061006E0079006400690076006900730069006F006E006400650073006300720069007000740069006F006E003A0053003A0030003A0030003A00', x'', x'', '2011-10-25 01:44:48'),
  ('90b907c8-4bda-4617-9a92-c83bc1f5584c', x'43006F006D00700061006E0079006400690076006900730069006F006E00690064003A0053003A0030003A0030003A0043007500730074006F006D0065007200690064003A0053003A0030003A0030003A0043007500730074006F006D00650072006400650073006300720069007000740069006F006E003A0053003A0030003A0030003A0043006F006D00700061006E0079006400690076006900730069006F006E006C006F0063006100740069006F006E003A0053003A0030003A0030003A0053006900740065005400680065006D0065003A0053003A0030003A0030003A0043006F006D00700061006E0079006400690076006900730069006F006E006400650073006300720069007000740069006F006E003A0053003A0030003A0030003A00', x'', x'', '2011-10-25 01:44:48'),
  ('92ceca63-b091-47cc-8b2f-e36eb682f14b', x'43006F006D00700061006E0079006400690076006900730069006F006E00690064003A0053003A0030003A0030003A0043007500730074006F006D0065007200690064003A0053003A0030003A0030003A0043007500730074006F006D00650072006400650073006300720069007000740069006F006E003A0053003A0030003A0030003A0043006F006D00700061006E0079006400690076006900730069006F006E006C006F0063006100740069006F006E003A0053003A0030003A0030003A0053006900740065005400680065006D0065003A0053003A0030003A0030003A0043006F006D00700061006E0079006400690076006900730069006F006E006400650073006300720069007000740069006F006E003A0053003A0030003A0030003A00', x'', x'', '2011-10-25 01:44:48'),
  ('ee088506-ff1e-4039-8059-1eed78146343', x'43006F006D00700061006E0079006400690076006900730069006F006E00690064003A0053003A0030003A0030003A0043007500730074006F006D0065007200690064003A0053003A0030003A0030003A0043007500730074006F006D00650072006400650073006300720069007000740069006F006E003A0053003A0030003A0030003A0043006F006D00700061006E0079006400690076006900730069006F006E006C006F0063006100740069006F006E003A0053003A0030003A0030003A0053006900740065005400680065006D0065003A0053003A0030003A0030003A0043006F006D00700061006E0079006400690076006900730069006F006E006400650073006300720069007000740069006F006E003A0053003A0030003A0030003A00', x'', x'', '2011-10-25 01:44:48'),
  ('e8a3e57b-7371-46d0-b66e-48d11700a5d1', x'43006F006D00700061006E0079006400690076006900730069006F006E00690064003A0053003A0030003A0030003A0043007500730074006F006D0065007200690064003A0053003A0030003A0030003A0043007500730074006F006D00650072006400650073006300720069007000740069006F006E003A0053003A0030003A0030003A0043006F006D00700061006E0079006400690076006900730069006F006E006C006F0063006100740069006F006E003A0053003A0030003A0030003A0053006900740065005400680065006D0065003A0053003A0030003A0030003A0043006F006D00700061006E0079006400690076006900730069006F006E006400650073006300720069007000740069006F006E003A0053003A0030003A0030003A00', x'', x'', '2011-10-25 01:44:49'),
  ('7a0b8651-e69f-47a8-9b54-f5cf5bab5530', x'43006F006D00700061006E0079006400690076006900730069006F006E00690064003A0053003A0030003A0030003A0043007500730074006F006D0065007200690064003A0053003A0030003A0030003A0043007500730074006F006D00650072006400650073006300720069007000740069006F006E003A0053003A0030003A0030003A0043006F006D00700061006E0079006400690076006900730069006F006E006C006F0063006100740069006F006E003A0053003A0030003A0030003A0053006900740065005400680065006D0065003A0053003A0030003A0030003A0043006F006D00700061006E0079006400690076006900730069006F006E006400650073006300720069007000740069006F006E003A0053003A0030003A0030003A00', x'', x'', '2011-10-25 01:49:41'),
  ('db82d8e2-c04e-4b80-8f41-86093517f131', x'43006F006D00700061006E0079006400690076006900730069006F006E00690064003A0053003A0030003A0030003A0043007500730074006F006D0065007200690064003A0053003A0030003A0030003A0043007500730074006F006D00650072006400650073006300720069007000740069006F006E003A0053003A0030003A0030003A0043006F006D00700061006E0079006400690076006900730069006F006E006C006F0063006100740069006F006E003A0053003A0030003A0030003A0053006900740065005400680065006D0065003A0053003A0030003A0030003A0043006F006D00700061006E0079006400690076006900730069006F006E006400650073006300720069007000740069006F006E003A0053003A0030003A0030003A00', x'', x'', '2011-10-25 01:49:41'),
  ('e4ae0113-cd41-471b-8ddb-da803b898f88', x'43006F006D00700061006E0079006400690076006900730069006F006E00690064003A0053003A0030003A0030003A0043007500730074006F006D0065007200690064003A0053003A0030003A0030003A0043007500730074006F006D00650072006400650073006300720069007000740069006F006E003A0053003A0030003A0030003A0043006F006D00700061006E0079006400690076006900730069006F006E006C006F0063006100740069006F006E003A0053003A0030003A0030003A0053006900740065005400680065006D0065003A0053003A0030003A0030003A0043006F006D00700061006E0079006400690076006900730069006F006E006400650073006300720069007000740069006F006E003A0053003A0030003A0030003A00', x'', x'', '2011-10-25 01:49:41'),
  ('79499f78-2b7a-4456-b987-3b1c3245ddc9', x'43006F006D00700061006E0079006400690076006900730069006F006E00690064003A0053003A0030003A0030003A0043007500730074006F006D0065007200690064003A0053003A0030003A0030003A0043007500730074006F006D00650072006400650073006300720069007000740069006F006E003A0053003A0030003A0030003A0043006F006D00700061006E0079006400690076006900730069006F006E006C006F0063006100740069006F006E003A0053003A0030003A0030003A0053006900740065005400680065006D0065003A0053003A0030003A0030003A0043006F006D00700061006E0079006400690076006900730069006F006E006400650073006300720069007000740069006F006E003A0053003A0030003A0030003A00', x'', x'', '2011-10-25 01:49:41'),
  ('636b00dc-cc5b-4b95-b82f-425659c58bd5', x'43006F006D00700061006E0079006400690076006900730069006F006E00690064003A0053003A0030003A0030003A0043007500730074006F006D0065007200690064003A0053003A0030003A0030003A0043007500730074006F006D00650072006400650073006300720069007000740069006F006E003A0053003A0030003A0030003A0043006F006D00700061006E0079006400690076006900730069006F006E006C006F0063006100740069006F006E003A0053003A0030003A0030003A0053006900740065005400680065006D0065003A0053003A0030003A0030003A0043006F006D00700061006E0079006400690076006900730069006F006E006400650073006300720069007000740069006F006E003A0053003A0030003A0030003A00', x'', x'', '2011-10-25 01:49:41'),
  ('a728c8a3-03e4-4f2f-a634-04fdd4e2d77f', x'43006F006D00700061006E0079006400690076006900730069006F006E00690064003A0053003A0030003A0030003A0043007500730074006F006D0065007200690064003A0053003A0030003A0030003A0043007500730074006F006D00650072006400650073006300720069007000740069006F006E003A0053003A0030003A0030003A0043006F006D00700061006E0079006400690076006900730069006F006E006C006F0063006100740069006F006E003A0053003A0030003A0030003A0053006900740065005400680065006D0065003A0053003A0030003A0030003A0043006F006D00700061006E0079006400690076006900730069006F006E006400650073006300720069007000740069006F006E003A0053003A0030003A0030003A00', x'', x'', '2011-10-25 01:49:41'),
  ('4fe06c81-d127-412b-b553-57cfc88ff276', x'43006F006D00700061006E0079006400690076006900730069006F006E00690064003A0053003A0030003A0030003A0043007500730074006F006D0065007200690064003A0053003A0030003A0030003A0043007500730074006F006D00650072006400650073006300720069007000740069006F006E003A0053003A0030003A0030003A0043006F006D00700061006E0079006400690076006900730069006F006E006C006F0063006100740069006F006E003A0053003A0030003A0030003A0053006900740065005400680065006D0065003A0053003A0030003A0030003A0043006F006D00700061006E0079006400690076006900730069006F006E006400650073006300720069007000740069006F006E003A0053003A0030003A0030003A00', x'', x'', '2011-10-25 01:49:41'),
  ('5aa046ba-dea1-4adb-b9b2-0a914e3f310c', x'43006F006D00700061006E0079006400690076006900730069006F006E00690064003A0053003A0030003A0030003A0043007500730074006F006D0065007200690064003A0053003A0030003A0030003A0043007500730074006F006D00650072006400650073006300720069007000740069006F006E003A0053003A0030003A0030003A0043006F006D00700061006E0079006400690076006900730069006F006E006C006F0063006100740069006F006E003A0053003A0030003A0030003A0053006900740065005400680065006D0065003A0053003A0030003A0030003A0043006F006D00700061006E0079006400690076006900730069006F006E006400650073006300720069007000740069006F006E003A0053003A0030003A0030003A00', x'', x'', '2011-10-25 01:49:41'),
  ('0b65b464-7c36-4fb8-9981-d86f5cd466bc', x'43006F006D00700061006E0079006400690076006900730069006F006E00690064003A0053003A0030003A0030003A0043007500730074006F006D0065007200690064003A0053003A0030003A0030003A0043007500730074006F006D00650072006400650073006300720069007000740069006F006E003A0053003A0030003A0030003A0043006F006D00700061006E0079006400690076006900730069006F006E006C006F0063006100740069006F006E003A0053003A0030003A0030003A0053006900740065005400680065006D0065003A0053003A0030003A0030003A0043006F006D00700061006E0079006400690076006900730069006F006E006400650073006300720069007000740069006F006E003A0053003A0030003A0030003A00', x'', x'', '2011-10-25 01:49:41'),
  ('dcc9486e-abbd-412c-865a-b293eccb7ef8', x'43006F006D00700061006E0079006400690076006900730069006F006E00690064003A0053003A0030003A0030003A0043007500730074006F006D0065007200690064003A0053003A0030003A0030003A0043007500730074006F006D00650072006400650073006300720069007000740069006F006E003A0053003A0030003A0030003A0043006F006D00700061006E0079006400690076006900730069006F006E006C006F0063006100740069006F006E003A0053003A0030003A0030003A0053006900740065005400680065006D0065003A0053003A0030003A0030003A0043006F006D00700061006E0079006400690076006900730069006F006E006400650073006300720069007000740069006F006E003A0053003A0030003A0030003A00', x'', x'', '2011-10-25 01:49:41'),
  ('50268d70-bdf4-4176-bdfd-c07364511048', x'43006F006D00700061006E0079006400690076006900730069006F006E00690064003A0053003A0030003A0030003A0043007500730074006F006D0065007200690064003A0053003A0030003A0030003A0043007500730074006F006D00650072006400650073006300720069007000740069006F006E003A0053003A0030003A0030003A0043006F006D00700061006E0079006400690076006900730069006F006E006C006F0063006100740069006F006E003A0053003A0030003A0030003A0053006900740065005400680065006D0065003A0053003A0030003A0030003A0043006F006D00700061006E0079006400690076006900730069006F006E006400650073006300720069007000740069006F006E003A0053003A0030003A0030003A00', x'', x'', '2011-10-25 01:49:41'),
  ('c6f84267-e997-488e-9d4a-06213cfbbf5b', x'43006F006D00700061006E0079006400690076006900730069006F006E00690064003A0053003A0030003A0030003A0043007500730074006F006D0065007200690064003A0053003A0030003A0030003A0043007500730074006F006D00650072006400650073006300720069007000740069006F006E003A0053003A0030003A0030003A0043006F006D00700061006E0079006400690076006900730069006F006E006C006F0063006100740069006F006E003A0053003A0030003A0030003A0053006900740065005400680065006D0065003A0053003A0030003A0030003A0043006F006D00700061006E0079006400690076006900730069006F006E006400650073006300720069007000740069006F006E003A0053003A0030003A0030003A00', x'', x'', '2011-10-25 01:49:41'),
  ('bebb6e9d-93c1-479f-a55a-7460e5379d9f', x'43006F006D00700061006E0079006400690076006900730069006F006E00690064003A0053003A0030003A0030003A0043007500730074006F006D0065007200690064003A0053003A0030003A0030003A0043007500730074006F006D00650072006400650073006300720069007000740069006F006E003A0053003A0030003A0030003A0043006F006D00700061006E0079006400690076006900730069006F006E006C006F0063006100740069006F006E003A0053003A0030003A0030003A0053006900740065005400680065006D0065003A0053003A0030003A0030003A0043006F006D00700061006E0079006400690076006900730069006F006E006400650073006300720069007000740069006F006E003A0053003A0030003A0030003A00', x'', x'', '2011-10-25 01:49:41'),
  ('1888ccbb-fc88-4a1c-b58c-31741d1f3341', x'43006F006D00700061006E0079006400690076006900730069006F006E00690064003A0053003A0030003A0030003A0043007500730074006F006D0065007200690064003A0053003A0030003A0030003A0043007500730074006F006D00650072006400650073006300720069007000740069006F006E003A0053003A0030003A0030003A0043006F006D00700061006E0079006400690076006900730069006F006E006C006F0063006100740069006F006E003A0053003A0030003A0030003A0053006900740065005400680065006D0065003A0053003A0030003A0030003A0043006F006D00700061006E0079006400690076006900730069006F006E006400650073006300720069007000740069006F006E003A0053003A0030003A0030003A00', x'', x'', '2011-10-25 01:49:41'),
  ('2e5a830c-eacd-419a-9b35-3fc3d308777c', x'43006F006D00700061006E0079006400690076006900730069006F006E00690064003A0053003A0030003A0030003A0043007500730074006F006D0065007200690064003A0053003A0030003A0030003A0043007500730074006F006D00650072006400650073006300720069007000740069006F006E003A0053003A0030003A0030003A0043006F006D00700061006E0079006400690076006900730069006F006E006C006F0063006100740069006F006E003A0053003A0030003A0030003A0053006900740065005400680065006D0065003A0053003A0030003A0030003A0043006F006D00700061006E0079006400690076006900730069006F006E006400650073006300720069007000740069006F006E003A0053003A0030003A0030003A00', x'', x'', '2011-10-25 01:49:41'),
  ('57ab9bf9-a6a1-4e9e-913e-bd9a1bb16e23', x'43006F006D00700061006E0079006400690076006900730069006F006E00690064003A0053003A0030003A0030003A0043007500730074006F006D0065007200690064003A0053003A0030003A0030003A0043007500730074006F006D00650072006400650073006300720069007000740069006F006E003A0053003A0030003A0030003A0043006F006D00700061006E0079006400690076006900730069006F006E006C006F0063006100740069006F006E003A0053003A0030003A0030003A0053006900740065005400680065006D0065003A0053003A0030003A0030003A0043006F006D00700061006E0079006400690076006900730069006F006E006400650073006300720069007000740069006F006E003A0053003A0030003A0030003A00', x'', x'', '2011-10-25 01:49:41'),
  ('d9790057-0f65-47c1-9364-cf1fb8cc5f09', x'43006F006D00700061006E0079006400690076006900730069006F006E00690064003A0053003A0030003A0030003A0043007500730074006F006D0065007200690064003A0053003A0030003A0030003A0043007500730074006F006D00650072006400650073006300720069007000740069006F006E003A0053003A0030003A0030003A0043006F006D00700061006E0079006400690076006900730069006F006E006C006F0063006100740069006F006E003A0053003A0030003A0030003A0053006900740065005400680065006D0065003A0053003A0030003A0030003A0043006F006D00700061006E0079006400690076006900730069006F006E006400650073006300720069007000740069006F006E003A0053003A0030003A0030003A00', x'', x'', '2011-10-25 01:49:41'),
  ('2ba26f39-3cd4-464d-bcf6-914278582ff1', x'43006F006D00700061006E0079006400690076006900730069006F006E00690064003A0053003A0030003A0030003A0043007500730074006F006D0065007200690064003A0053003A0030003A0030003A0043007500730074006F006D00650072006400650073006300720069007000740069006F006E003A0053003A0030003A0030003A0043006F006D00700061006E0079006400690076006900730069006F006E006C006F0063006100740069006F006E003A0053003A0030003A0030003A0053006900740065005400680065006D0065003A0053003A0030003A0030003A0043006F006D00700061006E0079006400690076006900730069006F006E006400650073006300720069007000740069006F006E003A0053003A0030003A0030003A00', x'', x'', '2011-10-25 01:49:41'),
  ('5c2474ff-d0e3-48f9-9d9a-32b427fb8a52', x'43006F006D00700061006E0079006400690076006900730069006F006E00690064003A0053003A0030003A0030003A0043007500730074006F006D0065007200690064003A0053003A0030003A0030003A0043007500730074006F006D00650072006400650073006300720069007000740069006F006E003A0053003A0030003A0030003A0043006F006D00700061006E0079006400690076006900730069006F006E006C006F0063006100740069006F006E003A0053003A0030003A0030003A0053006900740065005400680065006D0065003A0053003A0030003A0030003A0043006F006D00700061006E0079006400690076006900730069006F006E006400650073006300720069007000740069006F006E003A0053003A0030003A0030003A00', x'', x'', '2011-10-25 01:49:41'),
  ('b554553e-4d99-4bc7-b179-cf5114fb1a69', x'43006F006D00700061006E0079006400690076006900730069006F006E00690064003A0053003A0030003A0030003A0043007500730074006F006D0065007200690064003A0053003A0030003A0030003A0043007500730074006F006D00650072006400650073006300720069007000740069006F006E003A0053003A0030003A0030003A0043006F006D00700061006E0079006400690076006900730069006F006E006C006F0063006100740069006F006E003A0053003A0030003A0030003A0053006900740065005400680065006D0065003A0053003A0030003A0030003A0043006F006D00700061006E0079006400690076006900730069006F006E006400650073006300720069007000740069006F006E003A0053003A0030003A0030003A00', x'', x'', '2011-10-25 01:49:41'),
  ('5677102e-dff9-427a-87b3-6e00499c85d0', x'43006F006D00700061006E0079006400690076006900730069006F006E00690064003A0053003A0030003A0030003A0043007500730074006F006D0065007200690064003A0053003A0030003A0030003A0043007500730074006F006D00650072006400650073006300720069007000740069006F006E003A0053003A0030003A0030003A0043006F006D00700061006E0079006400690076006900730069006F006E006C006F0063006100740069006F006E003A0053003A0030003A0030003A0053006900740065005400680065006D0065003A0053003A0030003A0030003A0043006F006D00700061006E0079006400690076006900730069006F006E006400650073006300720069007000740069006F006E003A0053003A0030003A0030003A00', x'', x'', '2011-10-25 01:49:41'),
  ('83c5e007-cba1-4ff3-8595-9573042a2cdc', x'43006F006D00700061006E0079006400690076006900730069006F006E00690064003A0053003A0030003A0030003A0043007500730074006F006D0065007200690064003A0053003A0030003A0030003A0043007500730074006F006D00650072006400650073006300720069007000740069006F006E003A0053003A0030003A0030003A0043006F006D00700061006E0079006400690076006900730069006F006E006C006F0063006100740069006F006E003A0053003A0030003A0030003A0053006900740065005400680065006D0065003A0053003A0030003A0030003A0043006F006D00700061006E0079006400690076006900730069006F006E006400650073006300720069007000740069006F006E003A0053003A0030003A0030003A00', x'', x'', '2011-10-25 01:49:41'),
  ('39b086f9-cd27-468d-a81a-4b9c973e141b', x'43006F006D00700061006E0079006400690076006900730069006F006E00690064003A0053003A0030003A0030003A0043007500730074006F006D0065007200690064003A0053003A0030003A0030003A0043007500730074006F006D00650072006400650073006300720069007000740069006F006E003A0053003A0030003A0030003A0043006F006D00700061006E0079006400690076006900730069006F006E006C006F0063006100740069006F006E003A0053003A0030003A0030003A0053006900740065005400680065006D0065003A0053003A0030003A0030003A0043006F006D00700061006E0079006400690076006900730069006F006E006400650073006300720069007000740069006F006E003A0053003A0030003A0030003A00', x'', x'', '2011-10-25 01:49:41'),
  ('0aae063d-0288-4704-a36a-ddce7097fd08', x'43006F006D00700061006E0079006400690076006900730069006F006E00690064003A0053003A0030003A0030003A0043007500730074006F006D0065007200690064003A0053003A0030003A0030003A0043007500730074006F006D00650072006400650073006300720069007000740069006F006E003A0053003A0030003A0030003A0043006F006D00700061006E0079006400690076006900730069006F006E006C006F0063006100740069006F006E003A0053003A0030003A0030003A0053006900740065005400680065006D0065003A0053003A0030003A0030003A0043006F006D00700061006E0079006400690076006900730069006F006E006400650073006300720069007000740069006F006E003A0053003A0030003A0030003A00', x'', x'', '2011-10-25 01:49:41'),
  ('a8e77d87-b9ba-4e21-9de1-6e3ed8b0552b', x'43006F006D00700061006E0079006400690076006900730069006F006E00690064003A0053003A0030003A0030003A0043007500730074006F006D0065007200690064003A0053003A0030003A0030003A0043007500730074006F006D00650072006400650073006300720069007000740069006F006E003A0053003A0030003A0030003A0043006F006D00700061006E0079006400690076006900730069006F006E006C006F0063006100740069006F006E003A0053003A0030003A0030003A0053006900740065005400680065006D0065003A0053003A0030003A0030003A0043006F006D00700061006E0079006400690076006900730069006F006E006400650073006300720069007000740069006F006E003A0053003A0030003A0030003A00', x'', x'', '2011-10-25 01:49:41'),
  ('aea2f627-363c-4522-93d1-6de5a7965982', x'43006F006D00700061006E0079006400690076006900730069006F006E00690064003A0053003A0030003A0030003A0043007500730074006F006D0065007200690064003A0053003A0030003A0030003A0043007500730074006F006D00650072006400650073006300720069007000740069006F006E003A0053003A0030003A0030003A0043006F006D00700061006E0079006400690076006900730069006F006E006C006F0063006100740069006F006E003A0053003A0030003A0030003A0053006900740065005400680065006D0065003A0053003A0030003A0030003A0043006F006D00700061006E0079006400690076006900730069006F006E006400650073006300720069007000740069006F006E003A0053003A0030003A0030003A00', x'', x'', '2011-10-25 01:49:41'),
  ('c4e1cb81-2707-4c3d-9132-001ece76fe9a', x'43006F006D00700061006E0079006400690076006900730069006F006E00690064003A0053003A0030003A0030003A0043007500730074006F006D0065007200690064003A0053003A0030003A0030003A0043007500730074006F006D00650072006400650073006300720069007000740069006F006E003A0053003A0030003A0030003A0043006F006D00700061006E0079006400690076006900730069006F006E006C006F0063006100740069006F006E003A0053003A0030003A0030003A0053006900740065005400680065006D0065003A0053003A0030003A0030003A0043006F006D00700061006E0079006400690076006900730069006F006E006400650073006300720069007000740069006F006E003A0053003A0030003A0030003A00', x'', x'', '2011-10-25 01:49:41'),
  ('491ef858-3325-4163-a667-d73b2b8c458b', x'43006F006D00700061006E0079006400690076006900730069006F006E00690064003A0053003A0030003A0030003A0043007500730074006F006D0065007200690064003A0053003A0030003A0030003A0043007500730074006F006D00650072006400650073006300720069007000740069006F006E003A0053003A0030003A0030003A0043006F006D00700061006E0079006400690076006900730069006F006E006C006F0063006100740069006F006E003A0053003A0030003A0030003A0053006900740065005400680065006D0065003A0053003A0030003A0030003A0043006F006D00700061006E0079006400690076006900730069006F006E006400650073006300720069007000740069006F006E003A0053003A0030003A0030003A00', x'', x'', '2011-10-25 01:49:41'),
  ('eaa9eb15-8b55-4058-8f9c-6138b3a46ca0', x'43006F006D00700061006E0079006400690076006900730069006F006E00690064003A0053003A0030003A0030003A0043007500730074006F006D0065007200690064003A0053003A0030003A0030003A0043007500730074006F006D00650072006400650073006300720069007000740069006F006E003A0053003A0030003A0030003A0043006F006D00700061006E0079006400690076006900730069006F006E006C006F0063006100740069006F006E003A0053003A0030003A0030003A0053006900740065005400680065006D0065003A0053003A0030003A0030003A0043006F006D00700061006E0079006400690076006900730069006F006E006400650073006300720069007000740069006F006E003A0053003A0030003A0030003A00', x'', x'', '2011-10-25 01:49:41'),
  ('9b24470c-6774-4c05-8bc7-018d9d50f2a0', x'43006F006D00700061006E0079006400690076006900730069006F006E00690064003A0053003A0030003A0030003A0043007500730074006F006D0065007200690064003A0053003A0030003A0030003A0043007500730074006F006D00650072006400650073006300720069007000740069006F006E003A0053003A0030003A0030003A0043006F006D00700061006E0079006400690076006900730069006F006E006C006F0063006100740069006F006E003A0053003A0030003A0030003A0053006900740065005400680065006D0065003A0053003A0030003A0030003A0043006F006D00700061006E0079006400690076006900730069006F006E006400650073006300720069007000740069006F006E003A0053003A0030003A0030003A00', x'', x'', '2011-10-25 01:49:41'),
  ('f78bbe75-6e66-4efa-a951-6e63a32ec943', x'43006F006D00700061006E0079006400690076006900730069006F006E00690064003A0053003A0030003A0030003A0043007500730074006F006D0065007200690064003A0053003A0030003A0030003A0043007500730074006F006D00650072006400650073006300720069007000740069006F006E003A0053003A0030003A0030003A0043006F006D00700061006E0079006400690076006900730069006F006E006C006F0063006100740069006F006E003A0053003A0030003A0030003A0053006900740065005400680065006D0065003A0053003A0030003A0030003A0043006F006D00700061006E0079006400690076006900730069006F006E006400650073006300720069007000740069006F006E003A0053003A0030003A0030003A00', x'', x'', '2011-10-25 01:49:41'),
  ('81de4147-bbe3-444d-a743-ad3683e2e2d3', x'43006F006D00700061006E0079006400690076006900730069006F006E00690064003A0053003A0030003A0030003A0043007500730074006F006D0065007200690064003A0053003A0030003A0030003A0043007500730074006F006D00650072006400650073006300720069007000740069006F006E003A0053003A0030003A0030003A0043006F006D00700061006E0079006400690076006900730069006F006E006C006F0063006100740069006F006E003A0053003A0030003A0030003A0053006900740065005400680065006D0065003A0053003A0030003A0030003A0043006F006D00700061006E0079006400690076006900730069006F006E006400650073006300720069007000740069006F006E003A0053003A0030003A0030003A00', x'', x'', '2011-10-25 01:49:41'),
  ('36af7cbc-4f3c-4e50-b52a-6ecfee489604', x'43006F006D00700061006E0079006400690076006900730069006F006E00690064003A0053003A0030003A0030003A0043007500730074006F006D0065007200690064003A0053003A0030003A0030003A0043007500730074006F006D00650072006400650073006300720069007000740069006F006E003A0053003A0030003A0030003A0043006F006D00700061006E0079006400690076006900730069006F006E006C006F0063006100740069006F006E003A0053003A0030003A0030003A0053006900740065005400680065006D0065003A0053003A0030003A0030003A0043006F006D00700061006E0079006400690076006900730069006F006E006400650073006300720069007000740069006F006E003A0053003A0030003A0030003A00', x'', x'', '2011-10-25 01:49:41'),
  ('b64c6e4c-e7ae-4b17-9d50-b5b7f70cfc41', x'43006F006D00700061006E0079006400690076006900730069006F006E00690064003A0053003A0030003A0030003A0043007500730074006F006D0065007200690064003A0053003A0030003A0030003A0043007500730074006F006D00650072006400650073006300720069007000740069006F006E003A0053003A0030003A0030003A0043006F006D00700061006E0079006400690076006900730069006F006E006C006F0063006100740069006F006E003A0053003A0030003A0030003A0053006900740065005400680065006D0065003A0053003A0030003A0030003A0043006F006D00700061006E0079006400690076006900730069006F006E006400650073006300720069007000740069006F006E003A0053003A0030003A0030003A00', x'', x'', '2011-10-25 01:49:41'),
  ('5dacc93a-2970-49af-821e-f58925356e0d', x'43006F006D00700061006E0079006400690076006900730069006F006E00690064003A0053003A0030003A0030003A0043007500730074006F006D0065007200690064003A0053003A0030003A0030003A0043007500730074006F006D00650072006400650073006300720069007000740069006F006E003A0053003A0030003A0030003A0043006F006D00700061006E0079006400690076006900730069006F006E006C006F0063006100740069006F006E003A0053003A0030003A0030003A0053006900740065005400680065006D0065003A0053003A0030003A0030003A0043006F006D00700061006E0079006400690076006900730069006F006E006400650073006300720069007000740069006F006E003A0053003A0030003A0030003A00', x'', x'', '2011-10-25 01:49:41'),
  ('f7ef216c-3125-4533-b679-d2897a9ba9ea', x'43006F006D00700061006E0079006400690076006900730069006F006E00690064003A0053003A0030003A0030003A0043007500730074006F006D0065007200690064003A0053003A0030003A0030003A0043007500730074006F006D00650072006400650073006300720069007000740069006F006E003A0053003A0030003A0030003A0043006F006D00700061006E0079006400690076006900730069006F006E006C006F0063006100740069006F006E003A0053003A0030003A0030003A0053006900740065005400680065006D0065003A0053003A0030003A0030003A0043006F006D00700061006E0079006400690076006900730069006F006E006400650073006300720069007000740069006F006E003A0053003A0030003A0030003A00', x'', x'', '2011-10-25 01:49:41'),
  ('5fc4aefd-fe70-4484-aaff-09d8c8cdeaf9', x'43006F006D00700061006E0079006400690076006900730069006F006E00690064003A0053003A0030003A0030003A0043007500730074006F006D0065007200690064003A0053003A0030003A0030003A0043007500730074006F006D00650072006400650073006300720069007000740069006F006E003A0053003A0030003A0030003A0043006F006D00700061006E0079006400690076006900730069006F006E006C006F0063006100740069006F006E003A0053003A0030003A0030003A0053006900740065005400680065006D0065003A0053003A0030003A0030003A0043006F006D00700061006E0079006400690076006900730069006F006E006400650073006300720069007000740069006F006E003A0053003A0030003A0030003A00', x'', x'', '2011-10-25 01:49:41'),
  ('d51c7301-50fd-425a-9fc7-1409b1ae9f80', x'43006F006D00700061006E0079006400690076006900730069006F006E00690064003A0053003A0030003A0030003A0043007500730074006F006D0065007200690064003A0053003A0030003A0030003A0043007500730074006F006D00650072006400650073006300720069007000740069006F006E003A0053003A0030003A0030003A0043006F006D00700061006E0079006400690076006900730069006F006E006C006F0063006100740069006F006E003A0053003A0030003A0030003A0053006900740065005400680065006D0065003A0053003A0030003A0030003A0043006F006D00700061006E0079006400690076006900730069006F006E006400650073006300720069007000740069006F006E003A0053003A0030003A0030003A00', x'', x'', '2011-10-25 01:49:41'),
  ('2a14fd1e-434b-4f19-8083-e221118d11b7', x'43006F006D00700061006E0079006400690076006900730069006F006E00690064003A0053003A0030003A0030003A0043007500730074006F006D0065007200690064003A0053003A0030003A0030003A0043007500730074006F006D00650072006400650073006300720069007000740069006F006E003A0053003A0030003A0030003A0043006F006D00700061006E0079006400690076006900730069006F006E006C006F0063006100740069006F006E003A0053003A0030003A0030003A0053006900740065005400680065006D0065003A0053003A0030003A0030003A0043006F006D00700061006E0079006400690076006900730069006F006E006400650073006300720069007000740069006F006E003A0053003A0030003A0030003A00', x'', x'', '2011-10-25 01:49:41'),
  ('7e154d07-c017-43d8-9768-d4c7213fe1ed', x'43006F006D00700061006E0079006400690076006900730069006F006E00690064003A0053003A0030003A0030003A0043007500730074006F006D0065007200690064003A0053003A0030003A0030003A0043007500730074006F006D00650072006400650073006300720069007000740069006F006E003A0053003A0030003A0030003A0043006F006D00700061006E0079006400690076006900730069006F006E006C006F0063006100740069006F006E003A0053003A0030003A0030003A0053006900740065005400680065006D0065003A0053003A0030003A0030003A0043006F006D00700061006E0079006400690076006900730069006F006E006400650073006300720069007000740069006F006E003A0053003A0030003A0030003A00', x'', x'', '2011-10-25 01:49:41'),
  ('5e7036d3-3259-4de3-9924-0f89d0ec7f07', x'43006F006D00700061006E0079006400690076006900730069006F006E00690064003A0053003A0030003A0030003A0043007500730074006F006D0065007200690064003A0053003A0030003A0030003A0043007500730074006F006D00650072006400650073006300720069007000740069006F006E003A0053003A0030003A0030003A0043006F006D00700061006E0079006400690076006900730069006F006E006C006F0063006100740069006F006E003A0053003A0030003A0030003A0053006900740065005400680065006D0065003A0053003A0030003A0030003A0043006F006D00700061006E0079006400690076006900730069006F006E006400650073006300720069007000740069006F006E003A0053003A0030003A0030003A00', x'', x'', '2011-10-25 01:49:41'),
  ('b5981a3c-5517-49a6-b440-6ec5845ffde1', x'43006F006D00700061006E0079006400690076006900730069006F006E00690064003A0053003A0030003A0030003A0043007500730074006F006D0065007200690064003A0053003A0030003A0030003A0043007500730074006F006D00650072006400650073006300720069007000740069006F006E003A0053003A0030003A0030003A0043006F006D00700061006E0079006400690076006900730069006F006E006C006F0063006100740069006F006E003A0053003A0030003A0030003A0053006900740065005400680065006D0065003A0053003A0030003A0030003A0043006F006D00700061006E0079006400690076006900730069006F006E006400650073006300720069007000740069006F006E003A0053003A0030003A0030003A00', x'', x'', '2011-10-25 01:49:41'),
  ('1f917667-0a10-40ef-b969-08762ca2ceb7', x'43006F006D00700061006E0079006400690076006900730069006F006E00690064003A0053003A0030003A0030003A0043007500730074006F006D0065007200690064003A0053003A0030003A0030003A0043007500730074006F006D00650072006400650073006300720069007000740069006F006E003A0053003A0030003A0030003A0043006F006D00700061006E0079006400690076006900730069006F006E006C006F0063006100740069006F006E003A0053003A0030003A0030003A0053006900740065005400680065006D0065003A0053003A0030003A0030003A0043006F006D00700061006E0079006400690076006900730069006F006E006400650073006300720069007000740069006F006E003A0053003A0030003A0030003A00', x'', x'', '2011-10-25 01:49:41'),
  ('f8f26733-d970-4c83-95f3-80a81fbf6127', x'43006F006D00700061006E0079006400690076006900730069006F006E00690064003A0053003A0030003A0030003A0043007500730074006F006D0065007200690064003A0053003A0030003A0030003A0043007500730074006F006D00650072006400650073006300720069007000740069006F006E003A0053003A0030003A0030003A0043006F006D00700061006E0079006400690076006900730069006F006E006C006F0063006100740069006F006E003A0053003A0030003A0030003A0053006900740065005400680065006D0065003A0053003A0030003A0030003A0043006F006D00700061006E0079006400690076006900730069006F006E006400650073006300720069007000740069006F006E003A0053003A0030003A0030003A00', x'', x'', '2011-10-25 01:49:41'),
  ('c0f2c5ca-382b-48ca-99f2-99a9e01e9e08', x'43006F006D00700061006E0079006400690076006900730069006F006E00690064003A0053003A0030003A0030003A0043007500730074006F006D0065007200690064003A0053003A0030003A0030003A0043007500730074006F006D00650072006400650073006300720069007000740069006F006E003A0053003A0030003A0030003A0043006F006D00700061006E0079006400690076006900730069006F006E006C006F0063006100740069006F006E003A0053003A0030003A0030003A0053006900740065005400680065006D0065003A0053003A0030003A0030003A0043006F006D00700061006E0079006400690076006900730069006F006E006400650073006300720069007000740069006F006E003A0053003A0030003A0030003A00', x'', x'', '2011-10-25 01:49:41'),
  ('b4f1f43b-1e1d-484d-9b87-94c52a4422ea', x'43006F006D00700061006E0079006400690076006900730069006F006E00690064003A0053003A0030003A0030003A0043007500730074006F006D0065007200690064003A0053003A0030003A0030003A0043007500730074006F006D00650072006400650073006300720069007000740069006F006E003A0053003A0030003A0030003A0043006F006D00700061006E0079006400690076006900730069006F006E006C006F0063006100740069006F006E003A0053003A0030003A0030003A0053006900740065005400680065006D0065003A0053003A0030003A0030003A0043006F006D00700061006E0079006400690076006900730069006F006E006400650073006300720069007000740069006F006E003A0053003A0030003A0030003A00', x'', x'', '2011-10-25 01:49:41'),
  ('fbd87360-53af-4e81-bbfd-0a0c9852c190', x'43006F006D00700061006E0079006400690076006900730069006F006E00690064003A0053003A0030003A0030003A0043007500730074006F006D0065007200690064003A0053003A0030003A0030003A0043007500730074006F006D00650072006400650073006300720069007000740069006F006E003A0053003A0030003A0030003A0043006F006D00700061006E0079006400690076006900730069006F006E006C006F0063006100740069006F006E003A0053003A0030003A0030003A0053006900740065005400680065006D0065003A0053003A0030003A0030003A0043006F006D00700061006E0079006400690076006900730069006F006E006400650073006300720069007000740069006F006E003A0053003A0030003A0030003A00', x'', x'', '2011-10-25 01:49:41'),
  ('8d351a3c-b3df-40c0-92b6-4c6efc8b2df9', x'43006F006D00700061006E0079006400690076006900730069006F006E00690064003A0053003A0030003A0030003A0043007500730074006F006D0065007200690064003A0053003A0030003A0030003A0043007500730074006F006D00650072006400650073006300720069007000740069006F006E003A0053003A0030003A0030003A0043006F006D00700061006E0079006400690076006900730069006F006E006C006F0063006100740069006F006E003A0053003A0030003A0030003A0053006900740065005400680065006D0065003A0053003A0030003A0030003A0043006F006D00700061006E0079006400690076006900730069006F006E006400650073006300720069007000740069006F006E003A0053003A0030003A0030003A00', x'', x'', '2011-10-25 01:49:41'),
  ('a6928a13-6b73-4614-985c-3d8d7a920142', x'43006F006D00700061006E0079006400690076006900730069006F006E00690064003A0053003A0030003A0030003A0043007500730074006F006D0065007200690064003A0053003A0030003A0030003A0043007500730074006F006D00650072006400650073006300720069007000740069006F006E003A0053003A0030003A0030003A0043006F006D00700061006E0079006400690076006900730069006F006E006C006F0063006100740069006F006E003A0053003A0030003A0030003A0053006900740065005400680065006D0065003A0053003A0030003A0030003A0043006F006D00700061006E0079006400690076006900730069006F006E006400650073006300720069007000740069006F006E003A0053003A0030003A0030003A00', x'', x'', '2011-10-25 01:49:41'),
  ('38c349ba-9247-4dd0-a336-0b8f737941f6', x'43006F006D00700061006E0079006400690076006900730069006F006E00690064003A0053003A0030003A0030003A0043007500730074006F006D0065007200690064003A0053003A0030003A0030003A0043007500730074006F006D00650072006400650073006300720069007000740069006F006E003A0053003A0030003A0030003A0043006F006D00700061006E0079006400690076006900730069006F006E006C006F0063006100740069006F006E003A0053003A0030003A0030003A0053006900740065005400680065006D0065003A0053003A0030003A0030003A0043006F006D00700061006E0079006400690076006900730069006F006E006400650073006300720069007000740069006F006E003A0053003A0030003A0030003A00', x'', x'', '2011-10-25 01:49:41'),
  ('ea8ef666-51a2-453f-a8ae-057a2dbc201c', x'43006F006D00700061006E0079006400690076006900730069006F006E00690064003A0053003A0030003A0030003A0043007500730074006F006D0065007200690064003A0053003A0030003A0030003A0043007500730074006F006D00650072006400650073006300720069007000740069006F006E003A0053003A0030003A0030003A0043006F006D00700061006E0079006400690076006900730069006F006E006C006F0063006100740069006F006E003A0053003A0030003A0030003A0053006900740065005400680065006D0065003A0053003A0030003A0030003A0043006F006D00700061006E0079006400690076006900730069006F006E006400650073006300720069007000740069006F006E003A0053003A0030003A0030003A00', x'', x'', '2011-10-25 01:49:41'),
  ('852bae26-daa6-4342-a18f-bdf6c2917bb8', x'43006F006D00700061006E0079006400690076006900730069006F006E00690064003A0053003A0030003A0030003A0043007500730074006F006D0065007200690064003A0053003A0030003A0030003A0043007500730074006F006D00650072006400650073006300720069007000740069006F006E003A0053003A0030003A0030003A0043006F006D00700061006E0079006400690076006900730069006F006E006C006F0063006100740069006F006E003A0053003A0030003A0030003A0053006900740065005400680065006D0065003A0053003A0030003A0030003A0043006F006D00700061006E0079006400690076006900730069006F006E006400650073006300720069007000740069006F006E003A0053003A0030003A0030003A00', x'', x'', '2011-10-25 01:49:41'),
  ('c6c0eca8-4ab4-44e2-962d-f9f1f94e8749', x'43006F006D00700061006E0079006400690076006900730069006F006E00690064003A0053003A0030003A0030003A0043007500730074006F006D0065007200690064003A0053003A0030003A0030003A0043007500730074006F006D00650072006400650073006300720069007000740069006F006E003A0053003A0030003A0030003A0043006F006D00700061006E0079006400690076006900730069006F006E006C006F0063006100740069006F006E003A0053003A0030003A0030003A0053006900740065005400680065006D0065003A0053003A0030003A0030003A0043006F006D00700061006E0079006400690076006900730069006F006E006400650073006300720069007000740069006F006E003A0053003A0030003A0030003A00', x'', x'', '2011-10-25 01:49:41'),
  ('fd247bdc-acb3-4a02-b895-3f7079af6bd2', x'43006F006D00700061006E0079006400690076006900730069006F006E00690064003A0053003A0030003A0030003A0043007500730074006F006D0065007200690064003A0053003A0030003A0030003A0043007500730074006F006D00650072006400650073006300720069007000740069006F006E003A0053003A0030003A0030003A0043006F006D00700061006E0079006400690076006900730069006F006E006C006F0063006100740069006F006E003A0053003A0030003A0030003A0053006900740065005400680065006D0065003A0053003A0030003A0030003A0043006F006D00700061006E0079006400690076006900730069006F006E006400650073006300720069007000740069006F006E003A0053003A0030003A0030003A00', x'', x'', '2011-10-25 01:49:41'),
  ('802150f2-5be7-4b2e-906a-800adad61e3d', x'43006F006D00700061006E0079006400690076006900730069006F006E00690064003A0053003A0030003A0030003A0043007500730074006F006D0065007200690064003A0053003A0030003A0030003A0043007500730074006F006D00650072006400650073006300720069007000740069006F006E003A0053003A0030003A0030003A0043006F006D00700061006E0079006400690076006900730069006F006E006C006F0063006100740069006F006E003A0053003A0030003A0030003A0053006900740065005400680065006D0065003A0053003A0030003A0030003A0043006F006D00700061006E0079006400690076006900730069006F006E006400650073006300720069007000740069006F006E003A0053003A0030003A0030003A00', x'', x'', '2011-10-25 01:49:41'),
  ('69c29fbc-c961-4ad8-9b31-688d0d310705', x'43006F006D00700061006E0079006400690076006900730069006F006E00690064003A0053003A0030003A0030003A0043007500730074006F006D0065007200690064003A0053003A0030003A0030003A0043007500730074006F006D00650072006400650073006300720069007000740069006F006E003A0053003A0030003A0030003A0043006F006D00700061006E0079006400690076006900730069006F006E006C006F0063006100740069006F006E003A0053003A0030003A0030003A0053006900740065005400680065006D0065003A0053003A0030003A0030003A0043006F006D00700061006E0079006400690076006900730069006F006E006400650073006300720069007000740069006F006E003A0053003A0030003A0030003A00', x'', x'', '2011-10-25 01:49:41'),
  ('263b2e4f-2a0c-4559-9d41-9a43e30c9161', x'43006F006D00700061006E0079006400690076006900730069006F006E00690064003A0053003A0030003A0030003A0043007500730074006F006D0065007200690064003A0053003A0030003A0030003A0043007500730074006F006D00650072006400650073006300720069007000740069006F006E003A0053003A0030003A0030003A0043006F006D00700061006E0079006400690076006900730069006F006E006C006F0063006100740069006F006E003A0053003A0030003A0030003A0053006900740065005400680065006D0065003A0053003A0030003A0030003A0043006F006D00700061006E0079006400690076006900730069006F006E006400650073006300720069007000740069006F006E003A0053003A0030003A0030003A00', x'', x'', '2011-10-25 01:49:42'),
  ('df059999-17e8-42f3-a97e-7e768ae6422f', x'43006F006D00700061006E0079006400690076006900730069006F006E00690064003A0053003A0030003A0030003A0043007500730074006F006D0065007200690064003A0053003A0030003A0030003A0043007500730074006F006D00650072006400650073006300720069007000740069006F006E003A0053003A0030003A0030003A0043006F006D00700061006E0079006400690076006900730069006F006E006C006F0063006100740069006F006E003A0053003A0030003A0030003A0053006900740065005400680065006D0065003A0053003A0030003A0030003A0043006F006D00700061006E0079006400690076006900730069006F006E006400650073006300720069007000740069006F006E003A0053003A0030003A0030003A00', x'', x'', '2011-10-25 01:49:42'),
  ('89f86751-7265-47de-9c19-3f912c04ba7f', x'43006F006D00700061006E0079006400690076006900730069006F006E00690064003A0053003A0030003A0030003A0043007500730074006F006D0065007200690064003A0053003A0030003A0030003A0043007500730074006F006D00650072006400650073006300720069007000740069006F006E003A0053003A0030003A0030003A0043006F006D00700061006E0079006400690076006900730069006F006E006C006F0063006100740069006F006E003A0053003A0030003A0030003A0053006900740065005400680065006D0065003A0053003A0030003A0030003A0043006F006D00700061006E0079006400690076006900730069006F006E006400650073006300720069007000740069006F006E003A0053003A0030003A0030003A00', x'', x'', '2011-10-25 01:49:42'),
  ('b566206c-d2f4-4bc4-b625-25ff2afa4abd', x'43006F006D00700061006E0079006400690076006900730069006F006E00690064003A0053003A0030003A0030003A0043007500730074006F006D0065007200690064003A0053003A0030003A0030003A0043007500730074006F006D00650072006400650073006300720069007000740069006F006E003A0053003A0030003A0030003A0043006F006D00700061006E0079006400690076006900730069006F006E006C006F0063006100740069006F006E003A0053003A0030003A0030003A0053006900740065005400680065006D0065003A0053003A0030003A0030003A0043006F006D00700061006E0079006400690076006900730069006F006E006400650073006300720069007000740069006F006E003A0053003A0030003A0030003A00', x'', x'', '2011-10-25 01:49:42'),
  ('4ac5cecb-7058-48a2-a498-da8172a9d562', x'43006F006D00700061006E0079006400690076006900730069006F006E00690064003A0053003A0030003A0030003A0043007500730074006F006D0065007200690064003A0053003A0030003A0030003A0043007500730074006F006D00650072006400650073006300720069007000740069006F006E003A0053003A0030003A0030003A0043006F006D00700061006E0079006400690076006900730069006F006E006C006F0063006100740069006F006E003A0053003A0030003A0030003A0053006900740065005400680065006D0065003A0053003A0030003A0030003A0043006F006D00700061006E0079006400690076006900730069006F006E006400650073006300720069007000740069006F006E003A0053003A0030003A0030003A00', x'', x'', '2011-10-25 01:49:42'),
  ('4dc930d7-15b3-4357-93c0-12f220d71382', x'43006F006D00700061006E0079006400690076006900730069006F006E00690064003A0053003A0030003A0030003A0043007500730074006F006D0065007200690064003A0053003A0030003A0030003A0043007500730074006F006D00650072006400650073006300720069007000740069006F006E003A0053003A0030003A0030003A0043006F006D00700061006E0079006400690076006900730069006F006E006C006F0063006100740069006F006E003A0053003A0030003A0030003A0053006900740065005400680065006D0065003A0053003A0030003A0030003A0043006F006D00700061006E0079006400690076006900730069006F006E006400650073006300720069007000740069006F006E003A0053003A0030003A0030003A00', x'', x'', '2011-10-25 01:49:42'),
  ('cfa2202a-54bd-4526-b88c-ca7ef54b339c', x'43006F006D00700061006E0079006400690076006900730069006F006E00690064003A0053003A0030003A0030003A0043007500730074006F006D0065007200690064003A0053003A0030003A0030003A0043007500730074006F006D00650072006400650073006300720069007000740069006F006E003A0053003A0030003A0030003A0043006F006D00700061006E0079006400690076006900730069006F006E006C006F0063006100740069006F006E003A0053003A0030003A0030003A0053006900740065005400680065006D0065003A0053003A0030003A0030003A0043006F006D00700061006E0079006400690076006900730069006F006E006400650073006300720069007000740069006F006E003A0053003A0030003A0030003A00', x'', x'', '2011-10-25 01:49:42'),
  ('69ae403f-e9bc-4685-87a8-26c799c0c963', x'43006F006D00700061006E0079006400690076006900730069006F006E00690064003A0053003A0030003A0030003A0043007500730074006F006D0065007200690064003A0053003A0030003A0030003A0043007500730074006F006D00650072006400650073006300720069007000740069006F006E003A0053003A0030003A0030003A0043006F006D00700061006E0079006400690076006900730069006F006E006C006F0063006100740069006F006E003A0053003A0030003A0030003A0053006900740065005400680065006D0065003A0053003A0030003A0030003A0043006F006D00700061006E0079006400690076006900730069006F006E006400650073006300720069007000740069006F006E003A0053003A0030003A0030003A00', x'', x'', '2011-10-25 01:49:42'),
  ('a567d6b1-ef10-4a82-b2e5-dba628520e03', x'43006F006D00700061006E0079006400690076006900730069006F006E00690064003A0053003A0030003A0030003A0043007500730074006F006D0065007200690064003A0053003A0030003A0030003A0043007500730074006F006D00650072006400650073006300720069007000740069006F006E003A0053003A0030003A0030003A0043006F006D00700061006E0079006400690076006900730069006F006E006C006F0063006100740069006F006E003A0053003A0030003A0030003A0053006900740065005400680065006D0065003A0053003A0030003A0030003A0043006F006D00700061006E0079006400690076006900730069006F006E006400650073006300720069007000740069006F006E003A0053003A0030003A0030003A00', x'', x'', '2011-10-25 01:49:42'),
  ('33f114bc-519a-471e-b6a0-8efccbbdb3e3', x'43006F006D00700061006E0079006400690076006900730069006F006E00690064003A0053003A0030003A0030003A0043007500730074006F006D0065007200690064003A0053003A0030003A0030003A0043007500730074006F006D00650072006400650073006300720069007000740069006F006E003A0053003A0030003A0030003A0043006F006D00700061006E0079006400690076006900730069006F006E006C006F0063006100740069006F006E003A0053003A0030003A0030003A0053006900740065005400680065006D0065003A0053003A0030003A0030003A0043006F006D00700061006E0079006400690076006900730069006F006E006400650073006300720069007000740069006F006E003A0053003A0030003A0030003A00', x'', x'', '2011-10-25 01:49:42'),
  ('aa907506-21e1-4d48-bae2-208c35f50980', x'43006F006D00700061006E0079006400690076006900730069006F006E00690064003A0053003A0030003A0030003A0043007500730074006F006D0065007200690064003A0053003A0030003A0030003A0043007500730074006F006D00650072006400650073006300720069007000740069006F006E003A0053003A0030003A0030003A0043006F006D00700061006E0079006400690076006900730069006F006E006C006F0063006100740069006F006E003A0053003A0030003A0030003A0053006900740065005400680065006D0065003A0053003A0030003A0030003A0043006F006D00700061006E0079006400690076006900730069006F006E006400650073006300720069007000740069006F006E003A0053003A0030003A0030003A00', x'', x'', '2011-10-25 01:49:42'),
  ('069967cd-1d3a-4b1a-aee4-4b026a4a1f78', x'43006F006D00700061006E0079006400690076006900730069006F006E00690064003A0053003A0030003A0030003A0043007500730074006F006D0065007200690064003A0053003A0030003A0030003A0043007500730074006F006D00650072006400650073006300720069007000740069006F006E003A0053003A0030003A0030003A0043006F006D00700061006E0079006400690076006900730069006F006E006C006F0063006100740069006F006E003A0053003A0030003A0030003A0053006900740065005400680065006D0065003A0053003A0030003A0030003A0043006F006D00700061006E0079006400690076006900730069006F006E006400650073006300720069007000740069006F006E003A0053003A0030003A0030003A00', x'', x'', '2011-10-25 01:49:42'),
  ('45f4074c-9ba9-480c-95f2-b3c898db9c34', x'43006F006D00700061006E0079006400690076006900730069006F006E00690064003A0053003A0030003A0030003A0043007500730074006F006D0065007200690064003A0053003A0030003A0030003A0043007500730074006F006D00650072006400650073006300720069007000740069006F006E003A0053003A0030003A0030003A0043006F006D00700061006E0079006400690076006900730069006F006E006C006F0063006100740069006F006E003A0053003A0030003A0030003A0053006900740065005400680065006D0065003A0053003A0030003A0030003A0043006F006D00700061006E0079006400690076006900730069006F006E006400650073006300720069007000740069006F006E003A0053003A0030003A0030003A00', x'', x'', '2011-10-25 01:49:42'),
  ('fe863955-4cf4-4fa0-aa1d-1bc86b6d5405', x'43006F006D00700061006E0079006400690076006900730069006F006E00690064003A0053003A0030003A0030003A0043007500730074006F006D0065007200690064003A0053003A0030003A0030003A0043007500730074006F006D00650072006400650073006300720069007000740069006F006E003A0053003A0030003A0030003A0043006F006D00700061006E0079006400690076006900730069006F006E006C006F0063006100740069006F006E003A0053003A0030003A0030003A0053006900740065005400680065006D0065003A0053003A0030003A0030003A0043006F006D00700061006E0079006400690076006900730069006F006E006400650073006300720069007000740069006F006E003A0053003A0030003A0030003A00', x'', x'', '2011-10-25 01:49:42'),
  ('120e29c6-04da-4c32-a10b-8dcc7f63da71', x'43006F006D00700061006E0079006400690076006900730069006F006E00690064003A0053003A0030003A0030003A0043007500730074006F006D0065007200690064003A0053003A0030003A0030003A0043007500730074006F006D00650072006400650073006300720069007000740069006F006E003A0053003A0030003A0030003A0043006F006D00700061006E0079006400690076006900730069006F006E006C006F0063006100740069006F006E003A0053003A0030003A0030003A0053006900740065005400680065006D0065003A0053003A0030003A0030003A0043006F006D00700061006E0079006400690076006900730069006F006E006400650073006300720069007000740069006F006E003A0053003A0030003A0030003A00', x'', x'', '2011-10-25 01:49:42'),
  ('0444c3db-fd66-4e42-909d-2652588c453e', x'43006F006D00700061006E0079006400690076006900730069006F006E00690064003A0053003A0030003A0030003A0043007500730074006F006D0065007200690064003A0053003A0030003A0030003A0043007500730074006F006D00650072006400650073006300720069007000740069006F006E003A0053003A0030003A0030003A0043006F006D00700061006E0079006400690076006900730069006F006E006C006F0063006100740069006F006E003A0053003A0030003A0030003A0053006900740065005400680065006D0065003A0053003A0030003A0030003A0043006F006D00700061006E0079006400690076006900730069006F006E006400650073006300720069007000740069006F006E003A0053003A0030003A0030003A00', x'', x'', '2011-10-25 01:49:42'),
  ('18e135af-9c03-41c1-8aee-fd433b203d0d', x'43006F006D00700061006E0079006400690076006900730069006F006E00690064003A0053003A0030003A0030003A0043007500730074006F006D0065007200690064003A0053003A0030003A0030003A0043007500730074006F006D00650072006400650073006300720069007000740069006F006E003A0053003A0030003A0030003A0043006F006D00700061006E0079006400690076006900730069006F006E006C006F0063006100740069006F006E003A0053003A0030003A0030003A0053006900740065005400680065006D0065003A0053003A0030003A0030003A0043006F006D00700061006E0079006400690076006900730069006F006E006400650073006300720069007000740069006F006E003A0053003A0030003A0030003A00', x'', x'', '2011-10-25 01:49:42'),
  ('cc361ebc-a04b-4dee-a782-aa8a9dceeec6', x'43006F006D00700061006E0079006400690076006900730069006F006E00690064003A0053003A0030003A0030003A0043007500730074006F006D0065007200690064003A0053003A0030003A0030003A0043007500730074006F006D00650072006400650073006300720069007000740069006F006E003A0053003A0030003A0030003A0043006F006D00700061006E0079006400690076006900730069006F006E006C006F0063006100740069006F006E003A0053003A0030003A0030003A0053006900740065005400680065006D0065003A0053003A0030003A0030003A0043006F006D00700061006E0079006400690076006900730069006F006E006400650073006300720069007000740069006F006E003A0053003A0030003A0030003A00', x'', x'', '2011-10-25 01:49:42'),
  ('903ca662-5170-47e5-8923-f1be52004fc1', x'43006F006D00700061006E0079006400690076006900730069006F006E00690064003A0053003A0030003A0030003A0043007500730074006F006D0065007200690064003A0053003A0030003A0030003A0043007500730074006F006D00650072006400650073006300720069007000740069006F006E003A0053003A0030003A0030003A0043006F006D00700061006E0079006400690076006900730069006F006E006C006F0063006100740069006F006E003A0053003A0030003A0030003A0053006900740065005400680065006D0065003A0053003A0030003A0030003A0043006F006D00700061006E0079006400690076006900730069006F006E006400650073006300720069007000740069006F006E003A0053003A0030003A0030003A00', x'', x'', '2011-10-25 01:49:42'),
  ('973918c0-6d60-42fd-8dfa-43a1ebb1b66c', x'43006F006D00700061006E0079006400690076006900730069006F006E00690064003A0053003A0030003A0030003A0043007500730074006F006D0065007200690064003A0053003A0030003A0030003A0043007500730074006F006D00650072006400650073006300720069007000740069006F006E003A0053003A0030003A0030003A0043006F006D00700061006E0079006400690076006900730069006F006E006C006F0063006100740069006F006E003A0053003A0030003A0030003A0053006900740065005400680065006D0065003A0053003A0030003A0030003A0043006F006D00700061006E0079006400690076006900730069006F006E006400650073006300720069007000740069006F006E003A0053003A0030003A0030003A00', x'', x'', '2011-10-25 01:49:42'),
  ('485ea1cd-502a-4fc3-8ae6-c87d73651779', x'43006F006D00700061006E0079006400690076006900730069006F006E00690064003A0053003A0030003A0030003A0043007500730074006F006D0065007200690064003A0053003A0030003A0030003A0043007500730074006F006D00650072006400650073006300720069007000740069006F006E003A0053003A0030003A0030003A0043006F006D00700061006E0079006400690076006900730069006F006E006C006F0063006100740069006F006E003A0053003A0030003A0030003A0053006900740065005400680065006D0065003A0053003A0030003A0030003A0043006F006D00700061006E0079006400690076006900730069006F006E006400650073006300720069007000740069006F006E003A0053003A0030003A0030003A00', x'', x'', '2011-10-25 01:49:42'),
  ('fe9a28b8-8be6-4eda-8d37-b50536c09051', x'43006F006D00700061006E0079006400690076006900730069006F006E00690064003A0053003A0030003A0030003A0043007500730074006F006D0065007200690064003A0053003A0030003A0030003A0043007500730074006F006D00650072006400650073006300720069007000740069006F006E003A0053003A0030003A0030003A0043006F006D00700061006E0079006400690076006900730069006F006E006C006F0063006100740069006F006E003A0053003A0030003A0030003A0053006900740065005400680065006D0065003A0053003A0030003A0030003A0043006F006D00700061006E0079006400690076006900730069006F006E006400650073006300720069007000740069006F006E003A0053003A0030003A0030003A00', x'', x'', '2011-10-25 01:49:42'),
  ('026def2a-4f03-44ca-bb6a-60474f585906', x'43006F006D00700061006E0079006400690076006900730069006F006E00690064003A0053003A0030003A0030003A0043007500730074006F006D0065007200690064003A0053003A0030003A0030003A0043007500730074006F006D00650072006400650073006300720069007000740069006F006E003A0053003A0030003A0030003A0043006F006D00700061006E0079006400690076006900730069006F006E006C006F0063006100740069006F006E003A0053003A0030003A0030003A0053006900740065005400680065006D0065003A0053003A0030003A0030003A0043006F006D00700061006E0079006400690076006900730069006F006E006400650073006300720069007000740069006F006E003A0053003A0030003A0030003A00', x'', x'', '2011-10-25 01:49:42'),
  ('264f26b9-b2ff-4c5b-a63f-0076bd1a66a0', x'43006F006D00700061006E0079006400690076006900730069006F006E00690064003A0053003A0030003A0030003A0043007500730074006F006D0065007200690064003A0053003A0030003A0030003A0043007500730074006F006D00650072006400650073006300720069007000740069006F006E003A0053003A0030003A0030003A0043006F006D00700061006E0079006400690076006900730069006F006E006C006F0063006100740069006F006E003A0053003A0030003A0030003A0053006900740065005400680065006D0065003A0053003A0030003A0030003A0043006F006D00700061006E0079006400690076006900730069006F006E006400650073006300720069007000740069006F006E003A0053003A0030003A0030003A00', x'', x'', '2011-10-25 01:49:42'),
  ('83777cbf-c5a1-4e2a-831b-f1af50e28b16', x'43006F006D00700061006E0079006400690076006900730069006F006E00690064003A0053003A0030003A0030003A0043007500730074006F006D0065007200690064003A0053003A0030003A0030003A0043007500730074006F006D00650072006400650073006300720069007000740069006F006E003A0053003A0030003A0030003A0043006F006D00700061006E0079006400690076006900730069006F006E006C006F0063006100740069006F006E003A0053003A0030003A0030003A0053006900740065005400680065006D0065003A0053003A0030003A0030003A0043006F006D00700061006E0079006400690076006900730069006F006E006400650073006300720069007000740069006F006E003A0053003A0030003A0030003A00', x'', x'', '2011-10-25 01:49:42'),
  ('cb600bfc-158f-4ea2-aece-9aae61ea6196', x'43006F006D00700061006E0079006400690076006900730069006F006E00690064003A0053003A0030003A0030003A0043007500730074006F006D0065007200690064003A0053003A0030003A0030003A0043007500730074006F006D00650072006400650073006300720069007000740069006F006E003A0053003A0030003A0030003A0043006F006D00700061006E0079006400690076006900730069006F006E006C006F0063006100740069006F006E003A0053003A0030003A0030003A0053006900740065005400680065006D0065003A0053003A0030003A0030003A0043006F006D00700061006E0079006400690076006900730069006F006E006400650073006300720069007000740069006F006E003A0053003A0030003A0030003A00', x'', x'', '2011-10-25 01:49:42'),
  ('012f4944-6844-4569-9879-c35dbb782774', x'43006F006D00700061006E0079006400690076006900730069006F006E00690064003A0053003A0030003A0030003A0043007500730074006F006D0065007200690064003A0053003A0030003A0030003A0043007500730074006F006D00650072006400650073006300720069007000740069006F006E003A0053003A0030003A0030003A0043006F006D00700061006E0079006400690076006900730069006F006E006C006F0063006100740069006F006E003A0053003A0030003A0030003A0053006900740065005400680065006D0065003A0053003A0030003A0030003A0043006F006D00700061006E0079006400690076006900730069006F006E006400650073006300720069007000740069006F006E003A0053003A0030003A0030003A00', x'', x'', '2011-10-25 01:49:42'),
  ('3404a2a6-c7e7-4987-9cd4-2bfe6c33c433', x'43006F006D00700061006E0079006400690076006900730069006F006E00690064003A0053003A0030003A0030003A0043007500730074006F006D0065007200690064003A0053003A0030003A0030003A0043007500730074006F006D00650072006400650073006300720069007000740069006F006E003A0053003A0030003A0030003A0043006F006D00700061006E0079006400690076006900730069006F006E006C006F0063006100740069006F006E003A0053003A0030003A0030003A0053006900740065005400680065006D0065003A0053003A0030003A0030003A0043006F006D00700061006E0079006400690076006900730069006F006E006400650073006300720069007000740069006F006E003A0053003A0030003A0030003A00', x'', x'', '2011-10-25 01:49:42'),
  ('dea8d761-7123-413c-90ce-87281da83729', x'43006F006D00700061006E0079006400690076006900730069006F006E00690064003A0053003A0030003A0030003A0043007500730074006F006D0065007200690064003A0053003A0030003A0030003A0043007500730074006F006D00650072006400650073006300720069007000740069006F006E003A0053003A0030003A0030003A0043006F006D00700061006E0079006400690076006900730069006F006E006C006F0063006100740069006F006E003A0053003A0030003A0030003A0053006900740065005400680065006D0065003A0053003A0030003A0030003A0043006F006D00700061006E0079006400690076006900730069006F006E006400650073006300720069007000740069006F006E003A0053003A0030003A0030003A00', x'', x'', '2011-10-25 01:49:42'),
  ('42c36743-9af0-42df-b075-95f323444031', x'43006F006D00700061006E0079006400690076006900730069006F006E00690064003A0053003A0030003A0030003A0043007500730074006F006D0065007200690064003A0053003A0030003A0030003A0043007500730074006F006D00650072006400650073006300720069007000740069006F006E003A0053003A0030003A0030003A0043006F006D00700061006E0079006400690076006900730069006F006E006C006F0063006100740069006F006E003A0053003A0030003A0030003A0053006900740065005400680065006D0065003A0053003A0030003A0030003A0043006F006D00700061006E0079006400690076006900730069006F006E006400650073006300720069007000740069006F006E003A0053003A0030003A0030003A00', x'', x'', '2011-10-25 01:49:42'),
  ('361cf98b-5bec-48fd-b82d-7c7017f94fa8', x'43006F006D00700061006E0079006400690076006900730069006F006E00690064003A0053003A0030003A0030003A0043007500730074006F006D0065007200690064003A0053003A0030003A0030003A0043007500730074006F006D00650072006400650073006300720069007000740069006F006E003A0053003A0030003A0030003A0043006F006D00700061006E0079006400690076006900730069006F006E006C006F0063006100740069006F006E003A0053003A0030003A0030003A0053006900740065005400680065006D0065003A0053003A0030003A0030003A0043006F006D00700061006E0079006400690076006900730069006F006E006400650073006300720069007000740069006F006E003A0053003A0030003A0030003A00', x'', x'', '2011-10-25 01:49:42'),
  ('99ee9d88-9cb1-479b-bdc3-79a89d554987', x'43006F006D00700061006E0079006400690076006900730069006F006E00690064003A0053003A0030003A0030003A0043007500730074006F006D0065007200690064003A0053003A0030003A0030003A0043007500730074006F006D00650072006400650073006300720069007000740069006F006E003A0053003A0030003A0030003A0043006F006D00700061006E0079006400690076006900730069006F006E006C006F0063006100740069006F006E003A0053003A0030003A0030003A0053006900740065005400680065006D0065003A0053003A0030003A0030003A0043006F006D00700061006E0079006400690076006900730069006F006E006400650073006300720069007000740069006F006E003A0053003A0030003A0030003A00', x'', x'', '2011-10-25 01:49:42'),
  ('a797ef96-2838-4ec6-aaa7-ec63129610b0', x'43006F006D00700061006E0079006400690076006900730069006F006E00690064003A0053003A0030003A0030003A0043007500730074006F006D0065007200690064003A0053003A0030003A0030003A0043007500730074006F006D00650072006400650073006300720069007000740069006F006E003A0053003A0030003A0030003A0043006F006D00700061006E0079006400690076006900730069006F006E006C006F0063006100740069006F006E003A0053003A0030003A0030003A0053006900740065005400680065006D0065003A0053003A0030003A0030003A0043006F006D00700061006E0079006400690076006900730069006F006E006400650073006300720069007000740069006F006E003A0053003A0030003A0030003A00', x'', x'', '2011-10-25 01:49:42'),
  ('55581b12-2f9e-4722-a266-66afb62dc042', x'43006F006D00700061006E0079006400690076006900730069006F006E00690064003A0053003A0030003A0030003A0043007500730074006F006D0065007200690064003A0053003A0030003A0030003A0043007500730074006F006D00650072006400650073006300720069007000740069006F006E003A0053003A0030003A0030003A0043006F006D00700061006E0079006400690076006900730069006F006E006C006F0063006100740069006F006E003A0053003A0030003A0030003A0053006900740065005400680065006D0065003A0053003A0030003A0030003A0043006F006D00700061006E0079006400690076006900730069006F006E006400650073006300720069007000740069006F006E003A0053003A0030003A0030003A00', x'', x'', '2011-10-25 01:49:42'),
  ('4c0fc483-ec93-42fb-a4bc-263bc729cc8f', x'43006F006D00700061006E0079006400690076006900730069006F006E00690064003A0053003A0030003A0030003A0043007500730074006F006D0065007200690064003A0053003A0030003A0030003A0043007500730074006F006D00650072006400650073006300720069007000740069006F006E003A0053003A0030003A0030003A0043006F006D00700061006E0079006400690076006900730069006F006E006C006F0063006100740069006F006E003A0053003A0030003A0030003A0053006900740065005400680065006D0065003A0053003A0030003A0030003A0043006F006D00700061006E0079006400690076006900730069006F006E006400650073006300720069007000740069006F006E003A0053003A0030003A0030003A00', x'', x'', '2011-10-25 01:49:42'),
  ('bacb2f22-77b5-4e2b-86cc-3aad1625fcf7', x'43006F006D00700061006E0079006400690076006900730069006F006E00690064003A0053003A0030003A0030003A0043007500730074006F006D0065007200690064003A0053003A0030003A0030003A0043007500730074006F006D00650072006400650073006300720069007000740069006F006E003A0053003A0030003A0030003A0043006F006D00700061006E0079006400690076006900730069006F006E006C006F0063006100740069006F006E003A0053003A0030003A0030003A0053006900740065005400680065006D0065003A0053003A0030003A0030003A0043006F006D00700061006E0079006400690076006900730069006F006E006400650073006300720069007000740069006F006E003A0053003A0030003A0030003A00', x'', x'', '2011-10-25 01:49:42'),
  ('f9984472-018a-4f2a-8bcc-65ecebdf00b5', x'43006F006D00700061006E0079006400690076006900730069006F006E00690064003A0053003A0030003A0030003A0043007500730074006F006D0065007200690064003A0053003A0030003A0030003A0043007500730074006F006D00650072006400650073006300720069007000740069006F006E003A0053003A0030003A0030003A0043006F006D00700061006E0079006400690076006900730069006F006E006C006F0063006100740069006F006E003A0053003A0030003A0030003A0053006900740065005400680065006D0065003A0053003A0030003A0030003A0043006F006D00700061006E0079006400690076006900730069006F006E006400650073006300720069007000740069006F006E003A0053003A0030003A0030003A00', x'', x'', '2011-10-25 01:49:42'),
  ('514dcb21-0c39-4cc1-9b22-f7c66269e6ed', x'43006F006D00700061006E0079006400690076006900730069006F006E00690064003A0053003A0030003A0030003A0043007500730074006F006D0065007200690064003A0053003A0030003A0030003A0043007500730074006F006D00650072006400650073006300720069007000740069006F006E003A0053003A0030003A0030003A0043006F006D00700061006E0079006400690076006900730069006F006E006C006F0063006100740069006F006E003A0053003A0030003A0030003A0053006900740065005400680065006D0065003A0053003A0030003A0030003A0043006F006D00700061006E0079006400690076006900730069006F006E006400650073006300720069007000740069006F006E003A0053003A0030003A0030003A00', x'', x'', '2011-10-25 01:49:42'),
  ('621ee37e-52dc-473b-ab76-0b8c875738b6', x'53006900740065005400680065006D0065003A0053003A0030003A0033003A00', x'410041005200', x'', '2011-10-31 22:11:41'),
  ('e8b94f8d-ea41-4806-8a7b-b0a7b460270e', x'43006F006D00700061006E0079006400690076006900730069006F006E00690064003A0053003A0030003A0030003A0043007500730074006F006D0065007200690064003A0053003A0030003A0030003A0043007500730074006F006D00650072006400650073006300720069007000740069006F006E003A0053003A0030003A0030003A0043006F006D00700061006E0079006400690076006900730069006F006E006C006F0063006100740069006F006E003A0053003A0030003A0030003A0053006900740065005400680065006D0065003A0053003A0030003A0030003A0043006F006D00700061006E0079006400690076006900730069006F006E006400650073006300720069007000740069006F006E003A0053003A0030003A0030003A00', x'', x'', '2011-11-21 00:24:48');

-- 
-- Dumping data for table aspnet_usersinroles
--
INSERT INTO aspnet_usersinroles VALUES 
  ('934b5f8e-6322-4eb2-9758-f9185f4eaca5', '02de500a-654e-4b81-ac16-e6c4b6fe04dc'),
  ('dd1666ce-78cc-423f-b810-a026880a1448', '02de500a-654e-4b81-ac16-e6c4b6fe04dc'),
  ('934b5f8e-6322-4eb2-9758-f9185f4eaca5', '213644a1-cd41-4dee-bdcb-f58dc0bd041d'),
  ('dd1666ce-78cc-423f-b810-a026880a1448', '213644a1-cd41-4dee-bdcb-f58dc0bd041d'),
  ('934b5f8e-6322-4eb2-9758-f9185f4eaca5', '41c11780-5d6a-46ca-9dfa-0bdb35cb7339'),
  ('dd1666ce-78cc-423f-b810-a026880a1448', '41c11780-5d6a-46ca-9dfa-0bdb35cb7339'),
  ('934b5f8e-6322-4eb2-9758-f9185f4eaca5', '6de77464-6c2d-43e9-874f-45d6fe23ef29'),
  ('dd1666ce-78cc-423f-b810-a026880a1448', '6de77464-6c2d-43e9-874f-45d6fe23ef29'),
  ('934b5f8e-6322-4eb2-9758-f9185f4eaca5', '755614c6-33d1-4fd3-aaa3-86d3f506cd37'),
  ('dd1666ce-78cc-423f-b810-a026880a1448', '755614c6-33d1-4fd3-aaa3-86d3f506cd37'),
  ('934b5f8e-6322-4eb2-9758-f9185f4eaca5', '7be639de-9a96-4fc2-849d-794ea97476bd'),
  ('dd1666ce-78cc-423f-b810-a026880a1448', '7be639de-9a96-4fc2-849d-794ea97476bd'),
  ('934b5f8e-6322-4eb2-9758-f9185f4eaca5', '802564f6-08ab-4390-9207-186f66a06850'),
  ('dd1666ce-78cc-423f-b810-a026880a1448', '802564f6-08ab-4390-9207-186f66a06850'),
  ('934b5f8e-6322-4eb2-9758-f9185f4eaca5', '85d01e47-bf90-431e-a7d1-9c647209c6cb'),
  ('dd1666ce-78cc-423f-b810-a026880a1448', '85d01e47-bf90-431e-a7d1-9c647209c6cb'),
  ('934b5f8e-6322-4eb2-9758-f9185f4eaca5', '8fa714b6-1929-4afc-bf1c-fef7d697e6bd'),
  ('dd1666ce-78cc-423f-b810-a026880a1448', '8fa714b6-1929-4afc-bf1c-fef7d697e6bd'),
  ('934b5f8e-6322-4eb2-9758-f9185f4eaca5', 'a338b5c0-9e71-4ad6-a26a-938b5ab5a77a'),
  ('dd1666ce-78cc-423f-b810-a026880a1448', 'a338b5c0-9e71-4ad6-a26a-938b5ab5a77a'),
  ('934b5f8e-6322-4eb2-9758-f9185f4eaca5', 'a47d4bae-b106-48ee-97cd-7349326fc19b'),
  ('dd1666ce-78cc-423f-b810-a026880a1448', 'a47d4bae-b106-48ee-97cd-7349326fc19b'),
  ('934b5f8e-6322-4eb2-9758-f9185f4eaca5', 'aa97e103-ad5d-4624-82d1-8fa9686e7228'),
  ('dd1666ce-78cc-423f-b810-a026880a1448', 'aa97e103-ad5d-4624-82d1-8fa9686e7228'),
  ('934b5f8e-6322-4eb2-9758-f9185f4eaca5', 'aeab8b31-a729-4bab-a0c5-6e53edd30c97'),
  ('dd1666ce-78cc-423f-b810-a026880a1448', 'aeab8b31-a729-4bab-a0c5-6e53edd30c97'),
  ('934b5f8e-6322-4eb2-9758-f9185f4eaca5', 'bb809e4b-30c4-4c00-8ab2-8c545eccda42'),
  ('dd1666ce-78cc-423f-b810-a026880a1448', 'bb809e4b-30c4-4c00-8ab2-8c545eccda42'),
  ('934b5f8e-6322-4eb2-9758-f9185f4eaca5', 'd15734bc-1c68-4de9-a103-a1902ca45484'),
  ('dd1666ce-78cc-423f-b810-a026880a1448', 'd15734bc-1c68-4de9-a103-a1902ca45484'),
  ('934b5f8e-6322-4eb2-9758-f9185f4eaca5', 'e38ae175-95a1-43cd-8a64-dd6bc786b7d4'),
  ('dd1666ce-78cc-423f-b810-a026880a1448', 'e38ae175-95a1-43cd-8a64-dd6bc786b7d4');

-- 
-- Dumping data for table companycustomerjobjoin
--
INSERT INTO companycustomerjobjoin VALUES 
  (8, 3, 6),
  (8, 3, 9);

-- 
-- Dumping data for table companydivision
--
INSERT INTO companydivision VALUES 
  (5, 'Louisville (LOUIS)', 'Louisville, KY', 4),
  (6, 'Indianapolis (INDY)', 'Indianapolis, IN', 4),
  (7, 'Los Angeles (LAX)', 'Los Angeles, CA', 4),
  (8, 'Memphis (MEMPH)', 'Memphis, TN', 4);

-- 
-- Dumping data for table equipmenttype
--
INSERT INTO equipmenttype VALUES 
  (15, 2, '767'),
  (18, 2, '747'),
  (20, 2, 'A300'),
  (21, 2, '757'),
  (22, 2, 'MD11'),
  (23, 2, '777'),
  (24, 3, 'MD10-10'),
  (25, 3, 'MD10-97'),
  (26, 3, 'MD10-98'),
  (27, 3, 'A310-59'),
  (28, 3, 'A310-56'),
  (29, 3, 'A310-57'),
  (30, 3, 'MD11-26'),
  (31, 3, '727-233'),
  (32, 3, '727-200'),
  (33, 3, 'MD11-16');

-- 
-- Dumping data for table section
--
INSERT INTO section VALUES 
  (5, 2, 'Inboard engine cowls top to bottom'),
  (9, 2, 'Main gear belly aft to first seam'),
  (11, 2, 'Brown painted area first seam to aft, and entire APU area'),
  (12, 2, 'All painted surfaces except top of wings and horizontal stabilizers'),
  (13, 2, 'nose aft to the tail from the belly up to the second seam'),
  (14, 2, 'Brown painted area second seam to aft and entire APU area'),
  (15, 2, 'Entire flap section'),
  (16, 2, 'Interior Flaps'),
  (17, 2, 'Gear doors'),
  (18, 2, 'Outboard engine cowls top to bottom'),
  (19, 2, 'Cockpit'),
  (20, 2, 'Galley and jumpseat area'),
  (21, 2, 'Lavatory'),
  (22, 2, 'Entry area'),
  (23, 2, 'Main deck area'),
  (24, 2, 'Belly pits'),
  (25, 2, 'Load area floor');

-- 
-- Dumping data for table service
--
INSERT INTO service VALUES 
  (6, 1, 0, 2, 'Exterior Dry Wash 60 Day', '60', '<span style="font-family: times new roman,serif; font-size: 12pt;">60 Day - The area from the nose aft to the tail from the belly up to the second seam line.&nbsp; The brown painted area on the aft of the aircraft is completed from the same seam line aft and includes the entire APU area.&nbsp; Also included is the entire flap section, gear doors and #1 and # 2 (#1 &amp; #3 on MD-11) inboard &amp; outboard engine cowls top to bottom.</span>', False, 60, 60, 'H', 100.00, 4.00, 0.00),
  (7, 1, 0, 2, 'Exterior Dry Wash 120 Day', '120', '<span style="font-family: &quot;times new roman&quot;,&quot;serif&quot;; font-size: 12pt; mso-fareast-font-family: &quot;times new roman&quot;; mso-ansi-language: en-us; mso-fareast-language: en-us; mso-bidi-language: ar-sa;">120 Day - All painted surfaces on the aircraft excluding the tops of wings and the top of the horizontal stabilizers.</span>', False, 120, 120, 'H', 100.00, 4.00, 0.00),
  (8, 1, 0, 2, 'Exterior Dry Wash 90 Day', '90', '<span style="font-family: times new roman,serif; font-size: 12pt;">90 Day - The area from the main gear aft from the belly up to the first seam line.&nbsp; The brown painted area on the aft of the aircraft is completed from the same seam line aft and includes the entire APU area.&nbsp; Also included are the interior flaps, gear doors and #1 and # 2 (#1 &amp; #3 on MD-11) inboard &amp; outboard engine cowls top to bottom.</span>', False, 90, 90, 'H', 100.00, 4.00, 0.00),
  (26, 2, 0, 2, 'Interior Weekly', 'WK', '<p>Cockpit</p>\n<ul style="margin-top: 0in; list-style-type: disc;">\n    <li>Sun shield dusted</li>\n    <li>Walls and flat surfaces wiped clean</li>\n    <li>Flat surface between instrument panel and windshield dusted</li>\n    <li>Seats vacuumed and cleaned</li>\n    <li>Arm rests cleaned</li>\n    <li>Seat pedestal cleaned</li>\n    <li>Seat tracks cleaned and vacuumed</li>\n    <li>Cup holders cleaned</li>\n    <li>Food trays wiped clean (if any)</li>\n    <li>All visible trash removed</li>\n    <li>Floor vacuumed</li>\n    <li>Floor mopped</li>\n    <li>Empty and clean ashtrays (if any)</li>\n</ul>\n<p>Galley and Jumpseat Area</p>\n<ul style="margin-top: 0in; list-style-type: disc;">\n    <li>Walls wiped clean</li>\n    <li>Cabinets and overhead bins wiped inside</li>\n    <li>Cabinets and overhead bins wiped outside</li>\n    <li>Jumpseats vacuumed and cleaned</li>\n    <li>Arm rests cleaned</li>\n    <li>Food trays wiped clean (if any)</li>\n    <li>Cup holders cleaned</li>\n    <li>Oven cleaned</li>\n    <li>Foil on oven rack(s) replaced</li>\n    <li>Hot cup (or pot) cleaned</li>\n    <li>Visible trash removed</li>\n    <li>Trash receptacles emptied (if any) </li>\n    <li>Floor vacuumed</li>\n    <li>Floor mopped</li>\n    <li>Empty and clean ashtrays (if any)</li>\n</ul>\n<p>Lavatory</p>\n<ul style="margin-top: 0in; list-style-type: disc;">\n    <li>Clean commode bowl</li>\n    <li>Clean seat</li>\n    <li>Clean shroud</li>\n    <li>Trash receptacles emptied (if any)</li>\n    <li>Wall wiped clean</li>\n    <li>Floor vacuumed</li>\n    <li>Floor mopped</li>\n</ul>\n<p>Entry area</p>\n<ul style="margin-top: 0in; list-style-type: disc;">\n    <li>Inside of exterior door cleaned</li>\n    <li>Walls wiped clean</li>\n    <li>Floor vacuumed</li>\n    <li>Floor mopped</li>\n</ul>\n<p>Main Deck Area</p>\n<ul style="margin-top: 0in; list-style-type: disc;">\n    <li>Ball mat cleaned (dirt brushed loose then vacuumed)</li>\n    <li>Load area floor from ball mat to bulkhead cleaned and vacuumed</li>\n    <li>All painted surfaces around locks wiped clean as well as vacuumed</li>\n</ul>\n<p>Belly pits</p>\n<ul style="margin-top: 0in; list-style-type: disc;">\n    <li>Loose dirt and trash swept out</li>\n    <li><span style="font-family: times new roman,serif; font-size: 12pt;">Wipe or mop area with approved cleaner</span></li>\n</ul>', False, 7, 7, 'F', 100.00, 0.00, 1.00),
  (28, 2, 0, 2, 'Interior Monthly', 'MO', '<p>Cockpit</p>\n<ul style="margin-top: 0in; list-style-type: disc;">\n    <li>Sun shield dusted</li>\n    <li>Walls and flat surfaces wiped clean</li>\n    <li>Flat surface between instrument panel and windshield dusted</li>\n    <li>Seats vacuumed and cleaned</li>\n    <li>Arm rests cleaned</li>\n    <li>Seat pedestal cleaned</li>\n    <li>Seat tracks cleaned and vacuumed</li>\n    <li>Cup holders cleaned</li>\n    <li>Food trays wiped clean (if any)</li>\n    <li>All visible trash removed</li>\n    <li>Floor vacuumed</li>\n    <li>Floor mopped</li>\n    <li>Empty and clean ashtrays (if any)</li>\n</ul>\n<p>Galley and Jumpseat Area</p>\n<ul style="margin-top: 0in; list-style-type: disc;">\n    <li>Walls wiped clean</li>\n    <li>Cabinets and overhead bins wiped inside</li>\n    <li>Cabinets and overhead bins wiped outside</li>\n    <li>Jumpseats vacuumed and cleaned</li>\n    <li>Arm rests cleaned</li>\n    <li>Food trays wiped clean (if any)</li>\n    <li>Cup holders cleaned</li>\n    <li>Oven cleaned</li>\n    <li>Foil on oven rack(s) replaced</li>\n    <li>Hot cup (or pot) cleaned</li>\n    <li>Visible trash removed</li>\n    <li>Trash receptacles emptied (if any) </li>\n    <li>Floor vacuumed</li>\n    <li>Floor mopped</li>\n    <li>Empty and clean ashtrays (if any)</li>\n</ul>\n<p>Lavatory</p>\n<ul style="margin-top: 0in; list-style-type: disc;">\n    <li>Clean commode bowl</li>\n    <li>Clean seat</li>\n    <li>Clean shroud</li>\n    <li>Trash receptacles emptied (if any)</li>\n    <li>Wall wiped clean</li>\n    <li>Floor vacuumed</li>\n    <li>Floor mopped</li>\n</ul>\n<p>Entry area</p>\n<ul style="margin-top: 0in; list-style-type: disc;">\n    <li>Inside of exterior door cleaned</li>\n    <li>Walls wiped clean</li>\n    <li>Floor vacuumed</li>\n    <li>Floor mopped</li>\n</ul>\n<p>Main Deck Area</p>\n<ul style="margin-top: 0in; list-style-type: disc;">\n    <li>Ball mat cleaned (dirt brushed loose then vacuumed)</li>\n    <li>Load area floor from ball mat to bulkhead cleaned and vacuumed</li>\n    <li>All painted surfaces around locks wiped clean as well as vacuumed</li>\n    <li><span style="font-family: &quot;times new roman&quot;,&quot;serif&quot;; font-size: 12pt; mso-fareast-font-family: &quot;times new roman&quot;; mso-ansi-language: en-us; mso-fareast-language: en-us; mso-bidi-language: ar-sa;">Add Entire load area floor cleaned and vacuumed</span></li>\n</ul>\n<p>Belly pits</p>\n<ul style="margin-top: 0in; list-style-type: disc;">\n    <li>Loose dirt and trash swept out</li>\n    <li><span style="font-family: times new roman,serif; font-size: 12pt;">Wipe or mop area with approved cleaner</span></li>\n    <li><span style="font-family: &quot;times new roman&quot;,&quot;serif&quot;; font-size: 12pt; mso-fareast-font-family: &quot;times new roman&quot;; mso-ansi-language: en-us; mso-fareast-language: en-us; mso-bidi-language: ar-sa;">Loose dirt and trash vacuumed (includes P-sections)</span></li>\n</ul>\n<br />', False, 30, 30, 'F', 100.00, 0.00, 1.00),
  (29, 1, 0, 2, 'Exterior Dry Wash 30 Day', '30', '<span style="font-family: times new roman,serif; font-size: 12pt;">30 Day - The area from the main gear aft from the belly up to the first seam line.&nbsp; The brown painted area on the aft of the aircraft is completed from the same seam line aft and includes the entire APU area.&nbsp; Also included are the interior flaps, gear doors and #1 and # 2 (#1 &amp; #3 on MD-11) inboard &amp; outboard engine cowls top to bottom.&nbsp; </span>', False, 30, 30, 'H', 100.00, 4.00, 0.00);

-- 
-- Dumping data for table companycustomerjoin
--
INSERT INTO companycustomerjoin VALUES 
  (5, 2),
  (6, 3),
  (7, 3),
  (8, 3),
  (6, 4);

-- 
-- Dumping data for table equipment
--
INSERT INTO equipment VALUES 
  (33, 2, 20, '120', 'A300', NULL, NULL),
  (34, 2, 20, '121', 'A300', NULL, NULL),
  (35, 2, 20, '122', 'A300', NULL, NULL),
  (36, 2, 20, '124', 'A300', NULL, NULL),
  (37, 2, 20, '125', 'A300', NULL, NULL),
  (38, 2, 20, '126', 'A300', NULL, NULL),
  (39, 2, 20, '127', 'A300', NULL, NULL),
  (40, 2, 20, '128', 'A300', NULL, NULL),
  (41, 2, 20, '129', 'A300', NULL, NULL),
  (42, 2, 20, '130', 'A300', NULL, NULL),
  (43, 2, 20, '131', 'A300', NULL, NULL),
  (44, 2, 20, '133', 'A300', NULL, NULL),
  (45, 2, 20, '134', 'A300', NULL, NULL),
  (46, 2, 20, '135', 'A300', NULL, NULL),
  (47, 2, 20, '136', 'A300', NULL, NULL),
  (48, 2, 20, '137', 'A300', NULL, NULL),
  (49, 2, 20, '138', 'A300', NULL, NULL),
  (50, 2, 20, '139', 'A300', NULL, NULL),
  (51, 2, 20, '140', 'A300', NULL, NULL),
  (52, 2, 20, '141', 'A300', NULL, NULL),
  (53, 2, 20, '142', 'A300', NULL, NULL),
  (54, 2, 20, '143', 'A300', NULL, NULL),
  (55, 2, 20, '144', 'A300', NULL, NULL),
  (56, 2, 20, '145', 'A300', NULL, NULL),
  (57, 2, 20, '146', 'A300', NULL, NULL),
  (58, 2, 20, '147', 'A300', NULL, NULL),
  (59, 2, 20, '148', 'A300', NULL, NULL),
  (60, 2, 20, '149', 'A300', NULL, NULL),
  (61, 2, 20, '150', 'A300', NULL, NULL),
  (62, 2, 20, '151', 'A300', NULL, NULL),
  (63, 2, 20, '152', 'A300', NULL, NULL),
  (64, 2, 20, '153', 'A300', NULL, NULL),
  (65, 2, 20, '154', 'A300', NULL, NULL),
  (66, 2, 20, '155', 'A300', NULL, NULL),
  (67, 2, 20, '156', 'A300', NULL, NULL),
  (68, 2, 20, '157', 'A300', NULL, NULL),
  (69, 2, 20, '158', 'A300', NULL, NULL),
  (70, 2, 20, '159', 'A300', NULL, NULL),
  (71, 2, 20, '160', 'A300', NULL, NULL),
  (72, 2, 20, '161', 'A300', NULL, NULL),
  (73, 2, 20, '162', 'A300', NULL, NULL),
  (74, 2, 20, '163', 'A300', NULL, NULL),
  (75, 2, 20, '164', 'A300', NULL, NULL),
  (76, 2, 20, '165', 'A300', NULL, NULL),
  (77, 2, 20, '166', 'A300', NULL, NULL),
  (78, 2, 20, '167', 'A300', NULL, NULL),
  (79, 2, 20, '168', 'A300', NULL, NULL),
  (80, 2, 20, '169', 'A300', NULL, NULL),
  (81, 2, 20, '170', 'A300', NULL, NULL),
  (82, 2, 20, '171', 'A300', NULL, NULL),
  (83, 2, 20, '172', 'A300', NULL, NULL),
  (84, 2, 20, '173', 'A300', NULL, NULL),
  (85, 2, 20, '174', 'A300', NULL, NULL),
  (86, 2, 22, '250', 'MD11', NULL, NULL),
  (87, 2, 22, '251', 'MD11', NULL, NULL),
  (88, 2, 22, '252', 'MD11', NULL, NULL),
  (89, 2, 22, '253', 'MD11', NULL, NULL),
  (90, 2, 22, '254', 'MD11', NULL, NULL),
  (91, 2, 22, '255', 'MD11', NULL, NULL),
  (92, 2, 22, '256', 'MD11', NULL, NULL),
  (93, 2, 22, '257', 'MD11', NULL, NULL),
  (94, 2, 22, '258', 'MD11', NULL, NULL),
  (95, 2, 22, '259', 'MD11', NULL, NULL),
  (96, 2, 22, '260', 'MD11', NULL, NULL),
  (97, 2, 22, '270', 'MD11', NULL, NULL),
  (98, 2, 22, '271', 'MD11', NULL, NULL),
  (99, 2, 22, '272', 'MD11', NULL, NULL),
  (100, 2, 22, '273', 'MD11', NULL, NULL),
  (101, 2, 22, '274', 'MD11', NULL, NULL),
  (102, 2, 22, '275', 'MD11', NULL, NULL),
  (103, 2, 22, '276', 'MD11', NULL, NULL),
  (104, 2, 22, '277', 'MD11', NULL, NULL),
  (105, 2, 22, '278', 'MD11', NULL, NULL),
  (106, 2, 22, '279', 'MD11', NULL, NULL),
  (107, 2, 22, '280', 'MD11', NULL, NULL),
  (108, 2, 22, '281', 'MD11', NULL, NULL),
  (109, 2, 22, '282', 'MD11', NULL, NULL),
  (110, 2, 22, '283', 'MD11', NULL, NULL),
  (111, 2, 22, '284', 'MD11', NULL, NULL),
  (112, 2, 22, '285', 'MD11', NULL, NULL),
  (113, 2, 22, '286', 'MD11', NULL, NULL),
  (114, 2, 22, '287', 'MD11', NULL, NULL),
  (115, 2, 22, '288', 'MD11', NULL, NULL),
  (116, 2, 22, '289', 'MD11', NULL, NULL),
  (117, 2, 22, '290', 'MD11', NULL, NULL),
  (118, 2, 22, '291', 'MD11', NULL, NULL),
  (119, 2, 22, '292', 'MD11', NULL, NULL),
  (120, 2, 22, '293', 'MD11', NULL, NULL),
  (121, 2, 22, '294', 'MD11', NULL, NULL),
  (122, 2, 22, '295', 'MD11', NULL, NULL),
  (123, 2, 22, '296', 'MD11', NULL, NULL),
  (124, 2, 15, '301', '767', NULL, NULL),
  (125, 2, 15, '302', '767', NULL, NULL),
  (126, 2, 15, '303', '767', NULL, NULL),
  (127, 2, 15, '304', '767', NULL, NULL),
  (128, 2, 15, '305', '767', NULL, NULL),
  (129, 2, 15, '306', '767', NULL, NULL),
  (130, 2, 15, '307', '767', NULL, NULL),
  (131, 2, 15, '308', '767', NULL, NULL),
  (132, 2, 15, '309', '767', NULL, NULL),
  (133, 2, 15, '310', '767', NULL, NULL),
  (134, 2, 15, '311', '767', NULL, NULL),
  (135, 2, 15, '312', '767', NULL, NULL),
  (136, 2, 15, '313', '767', NULL, NULL),
  (137, 2, 15, '314', '767', NULL, NULL),
  (138, 2, 15, '315', '767', NULL, NULL),
  (139, 2, 15, '316', '767', NULL, NULL),
  (140, 2, 15, '317', '767', NULL, NULL),
  (141, 2, 15, '318', '767', NULL, NULL),
  (142, 2, 15, '319', '767', NULL, NULL),
  (143, 2, 15, '320', '767', NULL, NULL),
  (144, 2, 15, '322', '767', NULL, NULL),
  (145, 2, 15, '323', '767', NULL, NULL),
  (146, 2, 15, '324', '767', NULL, NULL),
  (147, 2, 15, '325', '767', NULL, NULL),
  (148, 2, 15, '326', '767', NULL, NULL),
  (149, 2, 15, '327', '767', NULL, NULL),
  (150, 2, 15, '328', '767', NULL, NULL),
  (151, 2, 15, '329', '767', NULL, NULL),
  (152, 2, 15, '330', '767', NULL, NULL),
  (153, 2, 15, '331', '767', NULL, NULL),
  (154, 2, 15, '332', '767', NULL, NULL),
  (155, 2, 15, '334', '767', NULL, NULL),
  (156, 2, 21, '401', '757', NULL, NULL),
  (157, 2, 21, '402', '757', NULL, NULL),
  (158, 2, 21, '403', '757', NULL, NULL),
  (159, 2, 21, '404', '757', NULL, NULL),
  (160, 2, 21, '405', '757', NULL, NULL),
  (161, 2, 21, '406', '757', NULL, NULL),
  (162, 2, 21, '407', '757', NULL, NULL),
  (163, 2, 21, '408', '757', NULL, NULL),
  (164, 2, 21, '409', '757', NULL, NULL),
  (165, 2, 21, '410', '757', NULL, NULL),
  (166, 2, 21, '411', '757', NULL, NULL),
  (167, 2, 21, '412', '757', NULL, NULL),
  (168, 2, 21, '413', '757', NULL, NULL),
  (169, 2, 21, '414', '757', NULL, NULL),
  (170, 2, 21, '415', '757', NULL, NULL),
  (171, 2, 21, '416', '757', NULL, NULL),
  (172, 2, 21, '417', '757', NULL, NULL),
  (173, 2, 21, '418', '757', NULL, NULL),
  (174, 2, 21, '419', '757', NULL, NULL),
  (175, 2, 21, '420', '757', NULL, NULL),
  (176, 2, 21, '421', '757', NULL, NULL),
  (177, 2, 21, '422', '757', NULL, NULL),
  (178, 2, 21, '423', '757', NULL, NULL),
  (179, 2, 21, '424', '757', NULL, NULL),
  (180, 2, 21, '425', '757', NULL, NULL),
  (181, 2, 21, '426', '757', NULL, NULL),
  (182, 2, 21, '427', '757', NULL, NULL),
  (183, 2, 21, '428', '757', NULL, NULL),
  (184, 2, 21, '429', '757', NULL, NULL),
  (185, 2, 21, '430', '757', NULL, NULL),
  (186, 2, 21, '431', '757', NULL, NULL),
  (187, 2, 21, '432', '757', NULL, NULL),
  (188, 2, 21, '433', '757', NULL, NULL),
  (189, 2, 21, '434', '757', NULL, NULL),
  (190, 2, 21, '435', '757', NULL, NULL),
  (191, 2, 21, '436', '757', NULL, NULL),
  (192, 2, 21, '437', '757', NULL, NULL),
  (193, 2, 21, '438', '757', NULL, NULL),
  (194, 2, 21, '439', '757', NULL, NULL),
  (195, 2, 21, '440', '757', NULL, NULL),
  (196, 2, 21, '441', '757', NULL, NULL),
  (197, 2, 21, '442', '757', NULL, NULL),
  (198, 2, 21, '443', '757', NULL, NULL),
  (199, 2, 21, '444', '757', NULL, NULL),
  (200, 2, 21, '445', '757', NULL, NULL),
  (201, 2, 21, '446', '757', NULL, NULL),
  (202, 2, 21, '447', '757', NULL, NULL),
  (203, 2, 21, '448', '757', NULL, NULL),
  (204, 2, 21, '449', '757', NULL, NULL),
  (205, 2, 21, '450', '757', NULL, NULL),
  (206, 2, 21, '451', '757', NULL, NULL),
  (207, 2, 21, '452', '757', NULL, NULL),
  (208, 2, 21, '453', '757', NULL, NULL),
  (209, 2, 21, '454', '757', NULL, NULL),
  (210, 2, 21, '455', '757', NULL, NULL),
  (211, 2, 21, '456', '757', NULL, NULL),
  (212, 2, 21, '457', '757', NULL, NULL),
  (213, 2, 21, '458', '757', NULL, NULL),
  (214, 2, 21, '459', '757', NULL, NULL),
  (215, 2, 21, '460', '757', NULL, NULL),
  (216, 2, 21, '461', '757', NULL, NULL),
  (217, 2, 21, '462', '757', NULL, NULL),
  (218, 2, 21, '463', '757', NULL, NULL),
  (219, 2, 21, '464', '757', NULL, NULL),
  (220, 2, 21, '465', '757', NULL, NULL),
  (221, 2, 21, '466', '757', NULL, NULL),
  (222, 2, 21, '467', '757', NULL, NULL),
  (223, 2, 21, '468', '757', NULL, NULL),
  (224, 2, 21, '469', '757', NULL, NULL),
  (225, 2, 21, '470', '757', NULL, NULL),
  (226, 2, 21, '471', '757', NULL, NULL),
  (227, 2, 21, '472', '757', NULL, NULL),
  (228, 2, 21, '473', '757', NULL, NULL),
  (229, 2, 21, '474', '757', NULL, NULL),
  (230, 2, 21, '475', '757', NULL, NULL),
  (231, 2, 18, '520', '747', NULL, NULL),
  (232, 2, 18, '521', '747', NULL, NULL),
  (233, 2, 18, '522', '747', NULL, NULL),
  (234, 2, 18, '523', '747', NULL, NULL),
  (235, 2, 18, '570', '747', NULL, NULL),
  (236, 2, 18, '571', '747', NULL, NULL),
  (237, 2, 18, '572', '747', NULL, NULL),
  (238, 2, 18, '573', '747', NULL, NULL),
  (239, 2, 18, '574', '747', NULL, NULL),
  (240, 2, 18, '575', '747', NULL, NULL),
  (241, 2, 18, '576', '747', NULL, NULL),
  (242, 2, 18, '577', '747', NULL, NULL),
  (243, 2, 18, '578', '747', NULL, NULL),
  (244, 2, 18, '579', '747', NULL, NULL),
  (245, 3, 24, '049', 'MD10-10', NULL, NULL),
  (246, 3, 24, '050', 'MD10-10', NULL, NULL),
  (247, 3, 24, '051', 'MD10-10', NULL, NULL),
  (248, 3, 24, '052', 'MD10-10', NULL, NULL),
  (249, 3, 24, '053', 'MD10-10', NULL, NULL),
  (250, 3, 24, '054', 'MD10-10', NULL, NULL),
  (251, 3, 24, '057', 'MD10-10', NULL, NULL),
  (252, 3, 24, '059', 'MD10-10', NULL, NULL),
  (253, 3, 24, '060', 'MD10-10', NULL, NULL),
  (254, 3, 24, '061', 'MD10-10', NULL, NULL),
  (255, 3, 24, '357', 'MD10-10', NULL, NULL),
  (256, 3, 24, '358', 'MD10-10', NULL, NULL),
  (257, 3, 24, '359', 'MD10-10', NULL, NULL),
  (258, 3, 24, '360', 'MD10-10', NULL, NULL),
  (259, 3, 24, '361', 'MD10-10', NULL, NULL),
  (260, 3, 24, '362', 'MD10-10', NULL, NULL),
  (261, 3, 24, '363', 'MD10-10', NULL, NULL),
  (262, 3, 24, '365', 'MD10-10', NULL, NULL),
  (263, 3, 24, '366', 'MD10-10', NULL, NULL),
  (264, 3, 24, '367', 'MD10-10', NULL, NULL),
  (265, 3, 24, '368', 'MD10-10', NULL, NULL),
  (266, 3, 24, '369', 'MD10-10', NULL, NULL),
  (267, 3, 24, '370', 'MD10-10', NULL, NULL),
  (268, 3, 24, '371', 'MD10-10', NULL, NULL),
  (269, 3, 24, '372', 'MD10-10', NULL, NULL),
  (270, 3, 24, '373', 'MD10-10', NULL, NULL),
  (271, 3, 24, '374', 'MD10-10', NULL, NULL),
  (272, 3, 24, '375', 'MD10-10', NULL, NULL),
  (273, 3, 24, '377', 'MD10-10', NULL, NULL),
  (274, 3, 24, '381', 'MD10-10', NULL, NULL),
  (275, 3, 24, '383', 'MD10-10', NULL, NULL),
  (276, 3, 24, '384', 'MD10-10', NULL, NULL),
  (277, 3, 24, '385', 'MD10-10', NULL, NULL),
  (278, 3, 24, '386', 'MD10-10', NULL, NULL),
  (279, 3, 24, '387', 'MD10-10', NULL, NULL),
  (280, 3, 24, '388', 'MD10-10', NULL, NULL),
  (281, 3, 24, '389', 'MD10-10', NULL, NULL),
  (282, 3, 24, '390', 'MD10-10', NULL, NULL),
  (283, 3, 24, '392', 'MD10-10', NULL, NULL),
  (284, 3, 24, '394', 'MD10-10', NULL, NULL),
  (285, 3, 24, '395', 'MD10-10', NULL, NULL),
  (286, 3, 24, '397', 'MD10-10', NULL, NULL),
  (287, 3, 24, '398', 'MD10-10', NULL, NULL),
  (288, 3, 24, '399', 'MD10-10', NULL, NULL),
  (289, 3, 24, '550', 'MD10-10', NULL, NULL),
  (290, 3, 24, '554', 'MD10-10', NULL, NULL),
  (291, 3, 24, '556', 'MD10-10', NULL, NULL),
  (292, 3, 24, '559', 'MD10-10', NULL, NULL),
  (293, 3, 24, '560', 'MD10-10', NULL, NULL),
  (294, 3, 24, '562', 'MD10-10', NULL, NULL),
  (295, 3, 24, '563', 'MD10-10', NULL, NULL),
  (296, 3, 24, '564', 'MD10-10', NULL, NULL),
  (297, 3, 24, '566', 'MD10-10', NULL, NULL),
  (298, 3, 24, '567', 'MD10-10', NULL, NULL),
  (299, 3, 24, '569', 'MD10-10', NULL, NULL),
  (300, 3, 24, '570', 'MD10-10', NULL, NULL),
  (301, 3, 24, '571', 'MD10-10', NULL, NULL),
  (302, 3, 25, '301', 'MD10-97', NULL, NULL),
  (303, 3, 25, '302', 'MD10-97', NULL, NULL),
  (304, 3, 25, '303', 'MD10-97', NULL, NULL),
  (305, 3, 25, '304', 'MD10-97', NULL, NULL),
  (306, 3, 25, '317', 'MD10-97', NULL, NULL),
  (307, 3, 25, '318', 'MD10-97', NULL, NULL),
  (308, 3, 25, '319', 'MD10-97', NULL, NULL),
  (309, 3, 25, '321', 'MD10-97', NULL, NULL),
  (310, 3, 26, '306', 'MD10-98', NULL, NULL),
  (311, 3, 26, '307', 'MD10-98', NULL, NULL),
  (312, 3, 26, '308', 'MD10-98', NULL, NULL),
  (313, 3, 26, '311', 'MD10-98', NULL, NULL),
  (314, 3, 26, '312', 'MD10-98', NULL, NULL),
  (315, 3, 26, '313', 'MD10-98', NULL, NULL),
  (316, 3, 26, '314', 'MD10-98', NULL, NULL),
  (317, 3, 26, '316', 'MD10-98', NULL, NULL),
  (318, 3, 20, '650', 'A300', NULL, NULL),
  (319, 3, 20, '651', 'A300', NULL, NULL),
  (320, 3, 20, '652', 'A300', NULL, NULL),
  (321, 3, 20, '653', 'A300', NULL, NULL),
  (322, 3, 20, '654', 'A300', NULL, NULL),
  (323, 3, 20, '655', 'A300', NULL, NULL),
  (324, 3, 20, '656', 'A300', NULL, NULL),
  (325, 3, 20, '657', 'A300', NULL, NULL),
  (326, 3, 20, '658', 'A300', NULL, NULL),
  (327, 3, 20, '659', 'A300', NULL, NULL),
  (328, 3, 20, '660', 'A300', NULL, NULL),
  (329, 3, 20, '661', 'A300', NULL, NULL),
  (330, 3, 20, '662', 'A300', NULL, NULL),
  (331, 3, 20, '663', 'A300', NULL, NULL),
  (332, 3, 20, '664', 'A300', NULL, NULL),
  (333, 3, 20, '665', 'A300', NULL, NULL),
  (334, 3, 20, '667', 'A300', NULL, NULL),
  (335, 3, 20, '668', 'A300', NULL, NULL),
  (336, 3, 20, '669', 'A300', NULL, NULL),
  (337, 3, 20, '670', 'A300', NULL, NULL),
  (338, 3, 20, '671', 'A300', NULL, NULL),
  (339, 3, 20, '672', 'A300', NULL, NULL),
  (340, 3, 20, '673', 'A300', NULL, NULL),
  (341, 3, 20, '674', 'A300', NULL, NULL),
  (342, 3, 20, '675', 'A300', NULL, NULL),
  (343, 3, 20, '676', 'A300', NULL, NULL),
  (344, 3, 20, '677', 'A300', NULL, NULL),
  (345, 3, 20, '678', 'A300', NULL, NULL),
  (346, 3, 20, '679', 'A300', NULL, NULL),
  (347, 3, 20, '680', 'A300', NULL, NULL),
  (348, 3, 20, '681', 'A300', NULL, NULL),
  (349, 3, 20, '682', 'A300', NULL, NULL),
  (350, 3, 20, '683', 'A300', NULL, NULL),
  (351, 3, 20, '684', 'A300', NULL, NULL),
  (352, 3, 20, '685', 'A300', NULL, NULL),
  (353, 3, 20, '686', 'A300', NULL, NULL),
  (354, 3, 20, '687', 'A300', NULL, NULL),
  (355, 3, 20, '688', 'A300', NULL, NULL),
  (356, 3, 20, '689', 'A300', NULL, NULL),
  (357, 3, 20, '690', 'A300', NULL, NULL),
  (358, 3, 20, '691', 'A300', NULL, NULL),
  (359, 3, 20, '692', 'A300', NULL, NULL),
  (360, 3, 20, '716', 'A300', NULL, NULL),
  (361, 3, 20, '717', 'A300', NULL, NULL),
  (362, 3, 20, '718', 'A300', NULL, NULL),
  (363, 3, 20, '719', 'A300', NULL, NULL),
  (364, 3, 20, '720', 'A300', NULL, NULL),
  (365, 3, 20, '721', 'A300', NULL, NULL),
  (366, 3, 20, '722', 'A300', NULL, NULL),
  (367, 3, 20, '723', 'A300', NULL, NULL),
  (368, 3, 20, '724', 'A300', NULL, NULL),
  (369, 3, 20, '725', 'A300', NULL, NULL),
  (370, 3, 20, '726', 'A300', NULL, NULL),
  (371, 3, 20, '727', 'A300', NULL, NULL),
  (372, 3, 20, '728', 'A300', NULL, NULL),
  (373, 3, 20, '729', 'A300', NULL, NULL),
  (374, 3, 20, '730', 'A300', NULL, NULL),
  (375, 3, 20, '731', 'A300', NULL, NULL),
  (376, 3, 20, '732', 'A300', NULL, NULL),
  (377, 3, 20, '733', 'A300', NULL, NULL),
  (378, 3, 20, '740', 'A300', NULL, NULL),
  (379, 3, 20, '741', 'A300', NULL, NULL),
  (380, 3, 20, '742', 'A300', NULL, NULL),
  (381, 3, 20, '743', 'A300', NULL, NULL),
  (382, 3, 20, '744', 'A300', NULL, NULL),
  (383, 3, 20, '745', 'A300', NULL, NULL),
  (384, 3, 20, '746', 'A300', NULL, NULL),
  (385, 3, 20, '748', 'A300', NULL, NULL),
  (386, 3, 20, '749', 'A300', NULL, NULL),
  (387, 3, 20, '750', 'A300', NULL, NULL),
  (388, 3, 20, '751', 'A300', NULL, NULL),
  (389, 3, 27, '416', 'A310-59', NULL, NULL),
  (390, 3, 27, '417', 'A310-59', NULL, NULL),
  (391, 3, 27, '418', 'A310-59', NULL, NULL),
  (392, 3, 27, '419', 'A310-59', NULL, NULL),
  (393, 3, 27, '421', 'A310-59', NULL, NULL),
  (394, 3, 27, '446', 'A310-59', NULL, NULL),
  (395, 3, 27, '447', 'A310-59', NULL, NULL),
  (396, 3, 27, '448', 'A310-59', NULL, NULL),
  (397, 3, 27, '450', 'A310-59', NULL, NULL),
  (398, 3, 27, '451', 'A310-59', NULL, NULL),
  (399, 3, 27, '453', 'A310-59', NULL, NULL),
  (400, 3, 27, '454', 'A310-59', NULL, NULL),
  (401, 3, 27, '455', 'A310-59', NULL, NULL),
  (402, 3, 27, '456', 'A310-59', NULL, NULL),
  (403, 3, 27, '801', 'A310-59', NULL, NULL),
  (404, 3, 27, '802', 'A310-59', NULL, NULL),
  (405, 3, 27, '803', 'A310-59', NULL, NULL),
  (406, 3, 27, '804', 'A310-59', NULL, NULL),
  (407, 3, 27, '805', 'A310-59', NULL, NULL),
  (408, 3, 27, '806', 'A310-59', NULL, NULL),
  (409, 3, 27, '807', 'A310-59', NULL, NULL),
  (410, 3, 27, '808', 'A310-59', NULL, NULL),
  (411, 3, 27, '809', 'A310-59', NULL, NULL),
  (412, 3, 27, '810', 'A310-59', NULL, NULL),
  (413, 3, 27, '811', 'A310-59', NULL, NULL),
  (414, 3, 27, '812', 'A310-59', NULL, NULL),
  (415, 3, 27, '813', 'A310-59', NULL, NULL),
  (416, 3, 27, '814', 'A310-59', NULL, NULL),
  (417, 3, 27, '815', 'A310-59', NULL, NULL),
  (418, 3, 28, '402', 'A310-56', NULL, NULL),
  (419, 3, 28, '403', 'A310-56', NULL, NULL),
  (420, 3, 28, '404', 'A310-56', NULL, NULL),
  (421, 3, 28, '405', 'A310-56', NULL, NULL),
  (422, 3, 28, '425', 'A310-56', NULL, NULL),
  (423, 3, 28, '426', 'A310-56', NULL, NULL),
  (424, 3, 28, '428', 'A310-56', NULL, NULL),
  (425, 3, 29, '423', 'A310-57', NULL, NULL),
  (426, 3, 29, '427', 'A310-57', NULL, NULL),
  (427, 3, 29, '429', 'A310-57', NULL, NULL),
  (428, 3, 29, '430', 'A310-57', NULL, NULL),
  (429, 3, 29, '431', 'A310-57', NULL, NULL),
  (430, 3, 29, '435', 'A310-57', NULL, NULL),
  (431, 3, 29, '436', 'A310-57', NULL, NULL),
  (432, 3, 29, '443', 'A310-57', NULL, NULL),
  (433, 3, 29, '445', 'A310-57', NULL, NULL),
  (434, 3, 29, '816', 'A310-57', NULL, NULL),
  (435, 3, 29, '817', 'A310-57', NULL, NULL),
  (436, 3, 21, '901', '757', NULL, NULL),
  (437, 3, 21, '903', '757', NULL, NULL),
  (438, 3, 21, '905', '757', NULL, NULL),
  (439, 3, 21, '906', '757', NULL, NULL),
  (440, 3, 21, '907', '757', NULL, NULL),
  (441, 3, 21, '908', '757', NULL, NULL),
  (442, 3, 21, '910', '757', NULL, NULL),
  (443, 3, 21, '912', '757', NULL, NULL),
  (444, 3, 21, '913', '757', NULL, NULL),
  (445, 3, 21, '915', '757', NULL, NULL),
  (446, 3, 21, '916', '757', NULL, NULL),
  (447, 3, 21, '917', '757', NULL, NULL),
  (448, 3, 21, '918', '757', NULL, NULL),
  (449, 3, 21, '919', '757', NULL, NULL),
  (450, 3, 21, '920', '757', NULL, NULL),
  (451, 3, 21, '922', '757', NULL, NULL),
  (452, 3, 21, '923', '757', NULL, NULL),
  (453, 3, 21, '933', '757', NULL, NULL),
  (454, 3, 21, '934', '757', NULL, NULL),
  (455, 3, 30, '521', 'MD11-26', NULL, NULL),
  (456, 3, 30, '522', 'MD11-26', NULL, NULL),
  (457, 3, 30, '523', 'MD11-26', NULL, NULL),
  (458, 3, 30, '524', 'MD11-26', NULL, NULL),
  (459, 3, 30, '525', 'MD11-26', NULL, NULL),
  (460, 3, 30, '527', 'MD11-26', NULL, NULL),
  (461, 3, 30, '528', 'MD11-26', NULL, NULL),
  (462, 3, 30, '529', 'MD11-26', NULL, NULL),
  (463, 3, 30, '578', 'MD11-26', NULL, NULL),
  (464, 3, 30, '579', 'MD11-26', NULL, NULL),
  (465, 3, 30, '580', 'MD11-26', NULL, NULL),
  (466, 3, 30, '582', 'MD11-26', NULL, NULL),
  (467, 3, 30, '583', 'MD11-26', NULL, NULL),
  (468, 3, 30, '584', 'MD11-26', NULL, NULL),
  (469, 3, 30, '585', 'MD11-26', NULL, NULL),
  (470, 3, 30, '586', 'MD11-26', NULL, NULL),
  (471, 3, 30, '587', 'MD11-26', NULL, NULL),
  (472, 3, 30, '588', 'MD11-26', NULL, NULL),
  (473, 3, 30, '589', 'MD11-26', NULL, NULL),
  (474, 3, 30, '590', 'MD11-26', NULL, NULL),
  (475, 3, 30, '591', 'MD11-26', NULL, NULL),
  (476, 3, 30, '592', 'MD11-26', NULL, NULL),
  (477, 3, 30, '593', 'MD11-26', NULL, NULL),
  (478, 3, 30, '594', 'MD11-26', NULL, NULL),
  (479, 3, 30, '595', 'MD11-26', NULL, NULL),
  (480, 3, 30, '596', 'MD11-26', NULL, NULL),
  (481, 3, 30, '597', 'MD11-26', NULL, NULL),
  (482, 3, 30, '598', 'MD11-26', NULL, NULL),
  (483, 3, 30, '599', 'MD11-26', NULL, NULL),
  (484, 3, 30, '601', 'MD11-26', NULL, NULL),
  (485, 3, 30, '602', 'MD11-26', NULL, NULL),
  (486, 3, 30, '612', 'MD11-26', NULL, NULL),
  (487, 3, 30, '614', 'MD11-26', NULL, NULL),
  (488, 3, 30, '616', 'MD11-26', NULL, NULL),
  (489, 3, 30, '617', 'MD11-26', NULL, NULL),
  (490, 3, 30, '620', 'MD11-26', NULL, NULL),
  (491, 3, 30, '621', 'MD11-26', NULL, NULL),
  (492, 3, 30, '623', 'MD11-26', NULL, NULL),
  (493, 3, 30, '624', 'MD11-26', NULL, NULL),
  (494, 3, 30, '628', 'MD11-26', NULL, NULL),
  (495, 3, 30, '631', 'MD11-26', NULL, NULL),
  (496, 3, 31, '220', '727-233', NULL, NULL),
  (497, 3, 31, '221', '727-233', NULL, NULL),
  (498, 3, 31, '223', '727-233', NULL, NULL),
  (499, 3, 32, '203', '727-200', NULL, NULL),
  (500, 3, 32, '204', '727-200', NULL, NULL),
  (501, 3, 32, '207', '727-200', NULL, NULL),
  (502, 3, 32, '211', '727-200', NULL, NULL),
  (503, 3, 32, '213', '727-200', NULL, NULL),
  (504, 3, 32, '215', '727-200', NULL, NULL),
  (505, 3, 32, '216', '727-200', NULL, NULL),
  (506, 3, 32, '217', '727-200', NULL, NULL),
  (507, 3, 32, '237', '727-200', NULL, NULL),
  (508, 3, 32, '241', '727-200', NULL, NULL),
  (509, 3, 32, '244', '727-200', NULL, NULL),
  (510, 3, 32, '245', '727-200', NULL, NULL),
  (511, 3, 32, '257', '727-200', NULL, NULL),
  (512, 3, 32, '258', '727-200', NULL, NULL),
  (513, 3, 32, '262', '727-200', NULL, NULL),
  (514, 3, 32, '263', '727-200', NULL, NULL),
  (515, 3, 32, '264', '727-200', NULL, NULL),
  (516, 3, 32, '265', '727-200', NULL, NULL),
  (517, 3, 32, '266', '727-200', NULL, NULL),
  (518, 3, 32, '267', '727-200', NULL, NULL),
  (519, 3, 32, '268', '727-200', NULL, NULL),
  (520, 3, 32, '269', '727-200', NULL, NULL),
  (521, 3, 32, '276', '727-200', NULL, NULL),
  (522, 3, 32, '274', '727-200', NULL, NULL),
  (523, 3, 32, '275', '727-200', NULL, NULL),
  (524, 3, 32, '276', '727-200', NULL, NULL),
  (525, 3, 32, '277', '727-200', NULL, NULL),
  (526, 3, 32, '278', '727-200', NULL, NULL),
  (527, 3, 32, '279', '727-200', NULL, NULL),
  (528, 3, 32, '280', '727-200', NULL, NULL),
  (529, 3, 32, '281', '727-200', NULL, NULL),
  (530, 3, 32, '282', '727-200', NULL, NULL),
  (531, 3, 32, '283', '727-200', NULL, NULL),
  (532, 3, 32, '284', '727-200', NULL, NULL),
  (533, 3, 32, '285', '727-200', NULL, NULL),
  (534, 3, 32, '286', '727-200', NULL, NULL),
  (535, 3, 32, '287', '727-200', NULL, NULL),
  (536, 3, 32, '288', '727-200', NULL, NULL),
  (537, 3, 32, '462', '727-200', NULL, NULL),
  (538, 3, 32, '463', '727-200', NULL, NULL),
  (539, 3, 32, '464', '727-200', NULL, NULL),
  (540, 3, 32, '465', '727-200', NULL, NULL),
  (541, 3, 32, '466', '727-200', NULL, NULL),
  (542, 3, 32, '467', '727-200', NULL, NULL),
  (543, 3, 32, '468', '727-200', NULL, NULL),
  (544, 3, 32, '469', '727-200', NULL, NULL),
  (545, 3, 32, '479', '727-200', NULL, NULL),
  (546, 3, 32, '481', '727-200', NULL, NULL),
  (547, 3, 32, '482', '727-200', NULL, NULL),
  (548, 3, 32, '483', '727-200', NULL, NULL),
  (549, 3, 32, '484', '727-200', NULL, NULL),
  (550, 3, 32, '485', '727-200', NULL, NULL),
  (551, 3, 32, '486', '727-200', NULL, NULL),
  (552, 3, 32, '487', '727-200', NULL, NULL),
  (553, 3, 32, '488', '727-200', NULL, NULL),
  (554, 3, 32, '489', '727-200', NULL, NULL),
  (555, 3, 32, '490', '727-200', NULL, NULL),
  (556, 3, 32, '491', '727-200', NULL, NULL),
  (557, 3, 32, '492', '727-200', NULL, NULL),
  (558, 3, 32, '493', '727-200', NULL, NULL),
  (559, 3, 32, '494', '727-200', NULL, NULL),
  (560, 3, 32, '495', '727-200', NULL, NULL),
  (561, 3, 32, '498', '727-200', NULL, NULL),
  (562, 3, 32, '499', '727-200', NULL, NULL),
  (563, 3, 33, '572', 'MD11-16', NULL, NULL),
  (564, 3, 33, '576', 'MD11-16', NULL, NULL),
  (565, 3, 33, '574', 'MD11-16', NULL, NULL),
  (566, 3, 33, '575', 'MD11-16', NULL, NULL),
  (567, 3, 33, '576', 'MD11-16', NULL, NULL),
  (568, 3, 33, '577', 'MD11-16', NULL, NULL),
  (569, 3, 33, '603', 'MD11-16', NULL, NULL),
  (570, 3, 33, '604', 'MD11-16', NULL, NULL),
  (571, 3, 33, '605', 'MD11-16', NULL, NULL),
  (572, 3, 33, '606', 'MD11-16', NULL, NULL),
  (573, 3, 33, '607', 'MD11-16', NULL, NULL),
  (574, 3, 33, '608', 'MD11-16', NULL, NULL),
  (575, 3, 33, '609', 'MD11-16', NULL, NULL),
  (576, 3, 33, '610', 'MD11-16', NULL, NULL),
  (577, 3, 33, '613', 'MD11-16', NULL, NULL),
  (578, 3, 33, '615', 'MD11-16', NULL, NULL),
  (579, 3, 33, '618', 'MD11-16', NULL, NULL),
  (580, 3, 33, '619', 'MD11-16', NULL, NULL),
  (581, 3, 23, '850', '777', NULL, NULL),
  (582, 3, 23, '851', '777', NULL, NULL),
  (583, 3, 23, '853', '777', NULL, NULL);

-- 
-- Dumping data for table servicesectionjoin
--
INSERT INTO servicesectionjoin VALUES 
  (5, 6),
  (5, 8),
  (5, 29),
  (9, 8),
  (9, 29),
  (11, 8),
  (11, 29),
  (12, 7),
  (13, 6),
  (14, 6),
  (15, 6),
  (15, 8),
  (16, 29),
  (17, 6),
  (17, 8),
  (17, 29),
  (18, 6),
  (18, 8),
  (18, 29),
  (19, 26),
  (19, 28),
  (20, 26),
  (20, 28),
  (21, 26),
  (21, 28),
  (22, 26),
  (22, 28),
  (23, 26),
  (23, 28),
  (24, 26),
  (24, 28);

-- 
-- Dumping data for table companycustomeruserjoin
--
INSERT INTO companycustomeruserjoin VALUES 
  (5, 2, 'Administrator'),
  (5, 2, 'Temp 1'),
  (5, 2, 'User 1'),
  (6, 3, 'Administrator'),
  (6, 4, 'Administrator'),
  (7, 3, 'Administrator'),
  (8, 3, 'Administrator');

-- 
-- Enable foreign keys
-- 
/*!40014 SET FOREIGN_KEY_CHECKS=@OLD_FOREIGN_KEY_CHECKS */;